#{"t_start": 1723449365.8804677, "env_id": "VizdoomMyWayHome-v0"}
r,l,t
0.7901,210,7.441803
-0.21,210,7.653719
-0.21,210,35.033152
-0.21,210,35.21802
0.9907,10,35.240114
-0.21,210,58.078653
-0.21,210,58.265209
-0.21,210,58.450785
-0.21,210,82.125237
-0.21,210,82.310876
-0.21,210,105.80418
-0.21,210,105.990145
0.9894,11,106.011363
0.8414,159,106.152417
-0.21,210,128.841986
-0.21,210,129.042724
-0.21,210,150.540764
-0.21,210,150.717982
-0.21,210,173.395263
-0.21,210,173.575845
0.9333,67,173.64695
-0.21,210,196.310635
0.9659,35,196.35249
-0.21,210,196.528793
-0.21,210,196.70811
0.8967,104,219.311275
-0.21,210,219.505868
-0.21,210,242.698909
-0.21,210,242.880302
-0.21,210,243.057032
-0.21,210,271.396933
-0.21,210,271.568561
-0.21,210,294.617915
0.8423,158,294.769259
-0.21,210,294.950974
-0.21,210,318.07316
-0.21,210,318.291235
-0.21,210,341.602479
-0.21,210,341.799333
-0.21,210,341.978688
-0.21,210,364.918033
-0.21,210,365.092373
-0.21,210,388.306281
0.9692,31,388.346558
-0.21,210,388.528316
-0.21,210,411.293977
-0.21,210,411.472617
-0.21,210,411.647037
-0.21,210,434.312202
-0.21,210,434.491891
-0.21,210,457.567534
-0.21,210,457.750013
-0.21,210,480.671821
-0.21,210,480.868284
-0.21,210,481.064751
-0.21,210,503.749247
-0.21,210,503.95003
-0.21,210,526.847258
-0.21,210,527.063491
-0.21,210,527.257993
-0.21,210,550.137221
-0.21,210,550.339328
-0.21,210,573.142257
-0.21,210,573.332454
-0.21,210,595.825913
-0.21,210,596.029508
-0.21,210,596.23344
-0.21,210,618.553474
-0.21,210,618.752008
0.9583,42,618.799669
0.9074,93,641.286507
-0.21,210,641.482873
-0.21,210,641.670929
-0.21,210,664.464842
0.7927,208,664.646613
-0.21,210,687.347533
-0.21,210,687.544659
-0.21,210,687.732032
-0.21,210,710.463058
0.8401,160,710.623503
-0.21,210,733.439768
-0.21,210,733.651718
-0.21,210,733.858792
-0.21,210,756.846432
-0.21,210,757.054396
-0.21,210,780.052813
0.8053,195,780.24366
-0.21,210,803.752001
-0.21,210,803.962535
-0.21,210,804.169966
-0.21,210,827.403898
0.911,89,827.4957
-0.21,210,827.703163
-0.21,210,850.911963
-0.21,210,851.110604
-0.21,210,876.526376
-0.21,210,876.764211
-0.21,210,900.682691
-0.21,210,900.891322
-0.21,210,901.099499
-0.21,210,923.64427
-0.21,210,923.85077
0.8994,101,923.959407
-0.21,210,946.707513
-0.21,210,946.978767
-0.21,210,971.98664
-0.21,210,972.191973
-0.21,210,972.398519
-0.21,210,1001.082579
-0.21,210,1001.290791
-0.21,210,1028.305352
-0.21,210,1028.51298
-0.21,210,1053.880919
0.9265,74,1053.966722
-0.21,210,1054.218566
0.9784,22,1054.252061
-0.21,210,1078.239684
-0.21,210,1078.446078
-0.21,210,1078.650994
-0.21,210,1101.32177
-0.21,210,1101.530649
-0.21,210,1124.200743
-0.21,210,1124.401216
-0.21,210,1147.296818
0.84,160,1147.471433
-0.21,210,1147.679971
0.9687,32,1147.72516
-0.21,210,1172.843792
-0.21,210,1173.049525
-0.21,210,1195.82551
-0.21,210,1196.032609
-0.21,210,1196.243259
-0.21,210,1219.114822
-0.21,210,1219.314821
-0.21,210,1241.995016
-0.21,210,1242.198268
0.82,180,1264.752211
-0.21,210,1264.960577
0.9718,29,1264.998302
-0.21,210,1265.198195
0.8638,137,1287.777241
-0.21,210,1287.990896
-0.21,210,1313.220413
-0.21,210,1313.433019
0.9082,92,1313.529372
0.8931,107,1313.643731
-0.21,210,1339.945173
-0.21,210,1340.143971
-0.21,210,1363.027432
0.9382,62,1363.099337
-0.21,210,1363.295965
0.9789,22,1363.32574
-0.21,210,1387.788293
-0.21,210,1388.006013
-0.21,210,1388.22086
-0.21,210,1410.713599
-0.21,210,1410.899966
-0.21,210,1433.593338
-0.21,210,1433.788342
0.8937,107,1433.895725
-0.21,210,1456.641365
-0.21,210,1456.826671
0.9819,19,1456.853009
-0.21,210,1479.5914
-0.21,210,1479.798357
-0.21,210,1479.988609
-0.21,210,1502.687838
-0.21,210,1502.870933
-0.21,210,1525.937032
-0.21,210,1526.137744
-0.21,210,1548.90873
-0.21,210,1549.09431
-0.21,210,1549.280635
0.8005,200,1572.006493
-0.21,210,1572.185974
-0.21,210,1594.954977
0.9522,48,1595.010845
-0.21,210,1595.196863
0.8177,183,1617.873791
-0.21,210,1618.05157
-0.21,210,1618.237941
-0.21,210,1641.413182
-0.21,210,1641.598038
-0.21,210,1664.641212
0.864,136,1664.773015
-0.21,210,1664.952802
-0.21,210,1687.730286
-0.21,210,1687.914575
0.9098,91,1688.006389
-0.21,210,1710.758261
-0.21,210,1710.943541
-0.21,210,1733.750963
-0.21,210,1733.939626
-0.21,210,1734.12601
-0.21,210,1756.829788
-0.21,210,1757.016792
-0.21,210,1780.09719
-0.21,210,1780.277797
-0.21,210,1803.239395
-0.21,210,1803.427792
-0.21,210,1803.620984
0.9829,18,1803.650838
-0.21,210,1826.52584
-0.21,210,1826.708071
-0.21,210,1849.415332
-0.21,210,1849.608004
-0.21,210,1872.379543
-0.21,210,1872.565964
-0.21,210,1872.745549
-0.21,210,1895.666924
-0.21,210,1895.847688
-0.21,210,1919.771114
-0.21,210,1919.960773
-0.21,210,1920.136464
-0.21,210,1942.924854
-0.21,210,1943.114251
0.792,208,1966.002707
-0.21,210,1966.179247
-0.21,210,1989.052417
-0.21,210,1989.235947
-0.21,210,1989.427049
-0.21,210,2016.5782
-0.21,210,2016.765206
-0.21,210,2041.750261
-0.21,210,2041.934904
-0.21,210,2042.117957
-0.21,210,2064.790559
-0.21,210,2064.971709
-0.21,210,2087.963156
-0.21,210,2088.146039
-0.21,210,2111.427969
-0.21,210,2111.613617
-0.21,210,2111.802854
-0.21,210,2134.539135
-0.21,210,2134.716123
-0.21,210,2157.492724
-0.21,210,2157.723978
-0.21,210,2180.525774
-0.21,210,2180.711918
-0.21,210,2180.894925
-0.21,210,2203.673676
-0.21,210,2203.854764
-0.21,210,2226.465515
-0.21,210,2226.648818
0.8845,116,2226.759342
-0.21,210,2250.212183
-0.21,210,2250.423147
0.8952,105,2250.54291
-0.21,210,2273.769146
0.876,124,2273.89012
-0.21,210,2274.082808
-0.21,210,2296.897065
-0.21,210,2297.093932
-0.21,210,2320.008627
-0.21,210,2320.209421
-0.21,210,2343.014069
-0.21,210,2343.214709
-0.21,210,2343.409449
-0.21,210,2366.467984
-0.21,210,2366.67687
-0.21,210,2389.945925
-0.21,210,2390.157183
-0.21,210,2390.351702
-0.21,210,2413.103213
-0.21,210,2413.350956
0.8112,189,2436.145773
-0.21,210,2436.353268
-0.21,210,2458.967695
-0.21,210,2459.171624
-0.21,210,2459.371754
-0.21,210,2481.91953
-0.21,210,2482.120413
-0.21,210,2504.976117
-0.21,210,2505.186644
-0.21,210,2505.391138
-0.21,210,2528.119553
-0.21,210,2528.332386
-0.21,210,2551.079562
-0.21,210,2551.350856
-0.21,210,2574.442982
-0.21,210,2574.668182
-0.21,210,2574.872009
-0.21,210,2597.625579
-0.21,210,2597.835267
-0.21,210,2620.507016
-0.21,210,2620.715983
-0.21,210,2643.522966
-0.21,210,2643.731063
-0.21,210,2643.940917
0.97,30,2643.98144
0.9361,64,2666.470634
-0.21,210,2666.689383
-0.21,210,2666.906429
-0.21,210,2689.500662
-0.21,210,2689.702115
-0.21,210,2712.401557
-0.21,210,2712.603359
-0.21,210,2712.789336
0.9676,33,2735.482514
-0.21,210,2735.669
-0.21,210,2735.856493
-0.21,210,2758.584951
-0.21,210,2758.764508
-0.21,210,2781.471539
-0.21,210,2781.660169
-0.21,210,2781.83607
0.9629,38,2804.447602
-0.21,210,2804.631431
-0.21,210,2804.818053
-0.21,210,2827.579381
-0.21,210,2827.762603
-0.21,210,2850.503707
-0.21,210,2850.694788
-0.21,210,2850.872541
-0.21,210,2873.721974
-0.21,210,2873.904265
-0.21,210,2896.479359
-0.21,210,2896.656477
-0.21,210,2919.504325
0.8232,177,2919.672529
-0.21,210,2919.858379
-0.21,210,2942.619589
-0.21,210,2942.796048
-0.21,210,2965.915425
-0.21,210,2966.117315
-0.21,210,2966.302542
-0.21,210,2989.199881
0.9409,60,2989.26325
-0.21,210,2989.450071
-0.21,210,3012.349622
-0.21,210,3012.536225
-0.21,210,3035.078166
-0.21,210,3035.266559
0.8644,136,3035.38819
-0.21,210,3058.012165
-0.21,210,3058.212204
-0.21,210,3080.876147
-0.21,210,3081.061185
0.7905,210,3081.245391
-0.21,210,3103.853562
-0.21,210,3104.041138
-0.21,210,3126.813052
-0.21,210,3126.998333
0.8408,160,3127.146666
-0.21,210,3149.928155
-0.21,210,3150.112746
-0.21,210,3173.034219
-0.21,210,3173.227915
-0.21,210,3195.969658
-0.21,210,3196.155486
-0.21,210,3196.338517
-0.21,210,3219.048732
-0.21,210,3219.234076
-0.21,210,3241.715734
-0.21,210,3241.894627
0.9951,5,3241.910692
-0.21,210,3264.437651
-0.21,210,3264.630002
-0.21,210,3264.824517
-0.21,210,3287.537256
-0.21,210,3287.724246
-0.21,210,3310.449988
-0.21,210,3310.632253
-0.21,210,3310.812992
-0.21,210,3333.492322
-0.21,210,3333.672081
-0.21,210,3356.490382
0.8898,111,3356.595475
-0.21,210,3356.78126
-0.21,210,3379.521215
0.8955,105,3379.620641
-0.21,210,3379.802128
-0.21,210,3402.548483
-0.21,210,3402.724615
-0.21,210,3425.326052
-0.21,210,3425.513487
-0.21,210,3448.146479
-0.21,210,3448.335068
-0.21,210,3448.513381
-0.21,210,3471.308394
-0.21,210,3471.498224
-0.21,210,3494.308768
0.7979,203,3494.497155
-0.21,210,3494.677712
0.8935,107,3518.635956
-0.21,210,3518.816476
0.9827,18,3518.845837
-0.21,210,3541.95547
0.9285,72,3542.035474
-0.21,210,3542.219631
-0.21,210,3565.098428
-0.21,210,3565.292724
-0.21,210,3565.485551
-0.21,210,3589.158437
-0.21,210,3589.391062
-0.21,210,3613.074824
0.9498,51,3613.14165
0.9879,13,3613.164194
-0.21,210,3613.37319
-0.21,210,3636.395208
-0.21,210,3636.619709
0.8792,121,3636.754934
-0.21,210,3660.0462
-0.21,210,3660.254128
-0.21,210,3683.263184
-0.21,210,3683.475793
-0.21,210,3683.679351
-0.21,210,3706.388054
-0.21,210,3706.611569
-0.21,210,3729.277693
-0.21,210,3729.488611
-0.21,210,3729.707627
-0.21,210,3752.459335
-0.21,210,3752.677242
0.9591,41,3752.728911
-0.21,210,3775.51191
-0.21,210,3775.732273
-0.21,210,3798.451483
-0.21,210,3798.658222
-0.21,210,3798.874295
-0.21,210,3821.575616
-0.21,210,3821.779272
0.9134,87,3821.878124
-0.21,210,3844.634276
-0.21,210,3844.84432
-0.21,210,3867.61693
-0.21,210,3867.819175
0.9333,67,3867.89378
-0.21,210,3890.663411
-0.21,210,3890.866172
0.9926,8,3890.885229
-0.21,210,3913.640197
-0.21,210,3913.868897
-0.21,210,3914.073729
-0.21,210,3936.916768
-0.21,210,3937.119274
-0.21,210,3961.22017
0.9433,57,3961.290099
-0.21,210,3961.505357
-0.21,210,3984.013333
-0.21,210,3984.224239
-0.21,210,3984.424966
-0.21,210,4012.153886
-0.21,210,4012.355132
-0.21,210,4041.277339
-0.21,210,4041.476876
-0.21,210,4067.269058
-0.21,210,4067.447914
-0.21,210,4067.636613
-0.21,210,4090.974267
-0.21,210,4091.150091
-0.21,210,4114.219316
-0.21,210,4114.40682
-0.21,210,4138.168949
-0.21,210,4138.368486
-0.21,210,4138.560359
-0.21,210,4161.856385
-0.21,210,4162.035972
0.8377,163,4185.657986
-0.21,210,4185.850008
0.9026,98,4185.947292
-0.21,210,4214.733384
-0.21,210,4214.926912
-0.21,210,4215.112338
-0.21,210,4243.650923
-0.21,210,4243.830407
-0.21,210,4270.700446
-0.21,210,4270.890878
-0.21,210,4271.09405
-0.21,210,4298.100029
-0.21,210,4298.282092
0.9652,35,4298.324486
-0.21,210,4321.30362
-0.21,210,4321.497473
-0.21,210,4344.146003
-0.21,210,4344.331334
0.9693,31,4344.371309
-0.21,210,4366.969624
-0.21,210,4367.156853
-0.21,210,4367.340417
-0.21,210,4389.987363
0.9814,19,4390.016788
-0.21,210,4390.204811
-0.21,210,4412.470121
-0.21,210,4412.65805
0.9326,68,4412.729145
-0.21,210,4435.01113
-0.21,210,4435.196928
-0.21,210,4458.11918
0.836,164,4458.271499
-0.21,210,4458.450235
-0.21,210,4481.830954
-0.21,210,4482.026113
-0.21,210,4505.201234
-0.21,210,4505.390218
0.952,48,4505.444639
-0.21,210,4505.629258
-0.21,210,4528.565875
-0.21,210,4528.745677
-0.21,210,4551.27984
-0.21,210,4551.473346
0.8741,126,4551.599767
-0.21,210,4574.324688
-0.21,210,4574.527059
-0.21,210,4597.331884
-0.21,210,4597.525793
-0.21,210,4597.722853
-0.21,210,4620.148978
-0.21,210,4620.346246
-0.21,210,4642.823466
0.9451,55,4642.880466
-0.21,210,4643.060118
-0.21,210,4665.654786
-0.21,210,4665.835029
-0.21,210,4688.446897
-0.21,210,4688.649853
-0.21,210,4688.840047
-0.21,210,4720.423111
-0.21,210,4721.36698
-0.21,210,4744.217864
-0.21,210,4744.905801
0.9647,36,4745.024773
-0.21,210,4764.894699
-0.21,210,4765.626759
-0.21,210,4766.288263
-0.21,210,4788.639936
-0.21,210,4789.653034
-0.21,210,4812.687424
-0.21,210,4813.43678
-0.21,210,4834.630431
-0.21,210,4835.330716
-0.21,210,4835.945741
0.8567,144,4858.626858
-0.21,210,4859.291036
-0.21,210,4859.88341
-0.21,210,4881.93426
-0.21,210,4882.545418
-0.21,210,4904.657524
-0.21,210,4905.257031
-0.21,210,4927.667064
-0.21,210,4928.322038
-0.21,210,4928.901694
-0.21,210,4950.497648
-0.21,210,4951.084486
-0.21,210,4973.761828
-0.21,210,4974.353922
-0.21,210,4995.040201
-0.21,210,4995.635746
-0.21,210,4996.177222
-0.21,210,5017.390611
-0.21,210,5017.919701
-0.21,210,5039.97471
-0.21,210,5040.542736
-0.21,210,5041.044293
-0.21,210,5062.759701
-0.21,210,5063.263729
-0.21,210,5085.098604
-0.21,210,5085.597727
0.9453,55,5085.739135
-0.21,210,5107.518686
-0.21,210,5108.065647
-0.21,210,5108.601161
0.8014,199,5129.93259
-0.21,210,5130.46759
-0.21,210,5152.153741
0.856,144,5152.561586
-0.21,210,5153.162902
-0.21,210,5178.325984
-0.21,210,5178.874922
-0.21,210,5204.509593
-0.21,210,5205.03941
-0.21,210,5229.241731
-0.21,210,5229.926709
0.8658,135,5230.341183
-0.21,210,5254.016918
-0.21,210,5254.53608
-0.21,210,5255.047211
-0.21,210,5275.858178
0.867,133,5276.184018
-0.21,210,5298.043858
-0.21,210,5298.593951
-0.21,210,5299.077857
-0.21,210,5320.273336
-0.21,210,5320.767089
-0.21,210,5341.822941
-0.21,210,5342.308743
-0.21,210,5363.566074
-0.21,210,5364.129138
-0.21,210,5364.62396
-0.21,210,5387.212451
-0.21,210,5387.78966
-0.21,210,5409.79995
-0.21,210,5410.298605
-0.21,210,5410.779878
-0.21,210,5435.267683
-0.21,210,5435.760604
-0.21,210,5456.794184
-0.21,210,5457.266348
0.9824,18,5457.317936
0.9838,17,5457.363172
-0.21,210,5478.570132
-0.21,210,5479.06342
-0.21,210,5479.537246
-0.21,210,5499.369939
-0.21,210,5499.872316
-0.21,210,5521.083304
-0.21,210,5521.622759
-0.21,210,5541.435647
-0.21,210,5541.957726
-0.21,210,5542.457472
0.8556,145,5564.754749
-0.21,210,5565.364651
-0.21,210,5593.322059
-0.21,210,5593.878166
0.8695,131,5594.193753
-0.21,210,5614.733483
0.8053,195,5615.207416
-0.21,210,5615.680538
-0.21,210,5636.725957
0.9467,54,5636.856647
0.9659,35,5636.950491
-0.21,210,5637.433637
-0.21,210,5658.550621
0.8718,129,5658.850473
-0.21,210,5681.611534
0.8319,169,5682.166681
-0.21,210,5682.698427
-0.21,210,5708.882567
-0.21,210,5709.537091
-0.21,210,5731.070176
-0.21,210,5731.552702
-0.21,210,5732.036523
-0.21,210,5753.938313
-0.21,210,5754.441242
0.953,47,5754.565293
-0.21,210,5778.974682
-0.21,210,5779.456147
-0.21,210,5799.987622
-0.21,210,5800.499612
-0.21,210,5801.017523
-0.21,210,5825.664399
0.9963,4,5825.682008
-0.21,210,5826.176434
-0.21,210,5847.130749
-0.21,210,5847.741988
-0.21,210,5871.164461
-0.21,210,5872.136502
-0.21,210,5872.84085
-0.21,210,5894.028748
-0.21,210,5894.573044
-0.21,210,5915.659228
-0.21,210,5916.18575
-0.21,210,5936.177723
-0.21,210,5936.768872
0.8928,108,5937.042678
-0.21,210,5957.819935
-0.21,210,5958.438864
-0.21,210,5958.947486
0.9331,67,5977.034812
-0.21,210,5977.58564
-0.21,210,5978.099072
0.961,39,5978.20371
-0.21,210,6001.823214
-0.21,210,6002.333889
-0.21,210,6023.231953
-0.21,210,6023.774543
0.809,191,6046.141011
-0.21,210,6046.712019
-0.21,210,6047.396361
-0.21,210,6075.569257
-0.21,210,6076.235626
-0.21,210,6097.452853
0.9373,63,6097.696494
-0.21,210,6098.35423
-0.21,210,6120.920168
-0.21,210,6121.458364
-0.21,210,6122.012133
0.968,32,6145.579027
-0.21,210,6146.343337
-0.21,210,6146.877237
-0.21,210,6166.863916
-0.21,210,6167.465863
-0.21,210,6186.007318
-0.21,210,6186.545673
-0.21,210,6187.045862
-0.21,210,6210.01839
-0.21,210,6210.515224
0.895,105,6210.775694
-0.21,210,6230.78583
0.9308,70,6230.971037
0.9934,7,6230.998451
0.7959,205,6231.483904
-0.21,210,6252.226212
-0.21,210,6252.776433
-0.21,210,6273.983428
0.9705,30,6274.060567
-0.21,210,6274.586812
-0.21,210,6293.727567
-0.21,210,6294.256322
0.818,182,6294.717356
-0.21,210,6315.642441
-0.21,210,6316.12977
-0.21,210,6334.938136
-0.21,210,6335.47416
-0.21,210,6355.283401
-0.21,210,6355.852742
-0.21,210,6356.343513
-0.21,210,6375.828546
-0.21,210,6376.363705
-0.21,210,6395.48179
-0.21,210,6395.977616
-0.21,210,6396.467485
-0.21,210,6415.751173
-0.21,210,6416.249282
-0.21,210,6435.468016
-0.21,210,6435.962616
-0.21,210,6456.200974
-0.21,210,6456.766998
-0.21,210,6457.270469
0.9773,23,6457.337873
-0.21,210,6474.873913
-0.21,210,6475.408765
-0.21,210,6500.181574
-0.21,210,6500.834826
0.9138,87,6501.10184
-0.21,210,6527.481897
-0.21,210,6527.960699
-0.21,210,6548.458324
-0.21,210,6549.05475
0.9202,80,6549.252869
-0.21,210,6568.468791
-0.21,210,6569.000553
-0.21,210,6569.510992
-0.21,210,6591.658211
-0.21,210,6592.274215
-0.21,210,6613.622632
0.9666,34,6613.72009
-0.21,210,6614.292722
-0.21,210,6634.209501
0.8273,173,6634.67159
-0.21,210,6635.180553
-0.21,210,6652.864535
0.8065,194,6653.339606
0.8721,128,6653.667716
-0.21,210,6673.557014
-0.21,210,6674.176972
-0.21,210,6694.408758
-0.21,210,6694.923814
-0.21,210,6715.174871
0.9122,88,6715.516248
-0.21,210,6716.0223
-0.21,210,6737.18246
-0.21,210,6737.722141
-0.21,210,6738.26222
-0.21,210,6758.324723
-0.21,210,6758.898274
-0.21,210,6779.414888
-0.21,210,6779.949099
0.9514,49,6780.079977
-0.21,210,6801.252713
-0.21,210,6801.836015
-0.21,210,6802.330401
0.9737,27,6802.405876
-0.21,210,6822.829036
0.9883,12,6822.870099
-0.21,210,6823.426524
0.8148,186,6843.986769
-0.21,210,6844.487803
-0.21,210,6865.590055
-0.21,210,6866.467091
-0.21,210,6867.198968
-0.21,210,6886.459692
-0.21,210,6887.053131
-0.21,210,6907.371378
-0.21,210,6907.91743
-0.21,210,6908.42479
-0.21,210,6927.799661
-0.21,210,6928.316575
-0.21,210,6946.800322
-0.21,210,6947.299228
-0.21,210,6968.138294
-0.21,210,6968.703434
-0.21,210,6969.204401
-0.21,210,6988.452331
-0.21,210,6989.014246
0.8069,194,7009.603264
-0.21,210,7010.126083
-0.21,210,7010.629025
-0.21,210,7031.741049
-0.21,210,7032.252244
-0.21,210,7052.205635
0.7949,206,7052.711353
-0.21,210,7071.629947
-0.21,210,7072.191976
-0.21,210,7072.684801
-0.21,210,7091.731328
-0.21,210,7092.241969
-0.21,210,7113.020956
-0.21,210,7113.530463
-0.21,210,7129.919303
-0.21,210,7130.526287
-0.21,210,7131.040365
-0.21,210,7152.622156
-0.21,210,7153.138462
-0.21,210,7172.249788
-0.21,210,7172.859572
-0.21,210,7173.37832
-0.21,210,7193.437483
-0.21,210,7193.956207
-0.21,210,7216.091798
-0.21,210,7216.604023
-0.21,210,7236.45471
-0.21,210,7237.05494
-0.21,210,7237.575635
-0.21,210,7256.013838
0.9603,40,7256.13195
-0.21,210,7256.639298
-0.21,210,7275.100484
-0.21,210,7275.598505
-0.21,210,7296.187019
-0.21,210,7296.752792
-0.21,210,7297.234669
0.8062,194,7315.569066
-0.21,210,7316.079735
-0.21,210,7334.908075
-0.21,210,7335.435843
-0.21,210,7335.941451
-0.21,210,7355.336787
-0.21,210,7355.868953
-0.21,210,7378.492126
-0.21,210,7379.142115
-0.21,210,7399.86544
-0.21,210,7400.381462
-0.21,210,7400.855765
-0.21,210,7420.712779
-0.21,210,7421.215556
-0.21,210,7442.534325
-0.21,210,7443.042914
-0.21,210,7463.470873
-0.21,210,7464.060371
-0.21,210,7464.574196
-0.21,210,7486.500769
-0.21,210,7487.014299
-0.21,210,7509.167719
-0.21,210,7509.754584
-0.21,210,7510.246464
-0.21,210,7530.823059
-0.21,210,7531.30742
-0.21,210,7552.349208
0.9142,86,7552.548887
-0.21,210,7553.04566
-0.21,210,7573.177349
0.824,176,7573.614648
-0.21,210,7594.987185
0.8924,108,7595.356738
-0.21,210,7595.879778
-0.21,210,7615.678916
-0.21,210,7616.234973
0.946,54,7616.385628
-0.21,210,7637.50473
-0.21,210,7638.124039
-0.21,210,7638.64118
-0.21,210,7658.559645
-0.21,210,7659.059814
-0.21,210,7679.675111
0.8889,112,7679.995248
-0.21,210,7680.485573
-0.21,210,7699.805568
-0.21,210,7700.322705
-0.21,210,7718.221194
-0.21,210,7718.907586
-0.21,210,7719.474958
-0.21,210,7738.120009
-0.21,210,7738.638079
-0.21,210,7758.691816
-0.21,210,7759.268991
-0.21,210,7759.790776
0.8907,110,7779.617001
-0.21,210,7780.161068
0.9023,98,7780.408845
-0.21,210,7800.071746
-0.21,210,7800.81058
-0.21,210,7822.882478
-0.21,210,7823.496855
-0.21,210,7824.030288
-0.21,210,7849.112123
-0.21,210,7849.806588
-0.21,210,7874.816832
-0.21,210,7875.421356
-0.21,210,7875.948399
-0.21,210,7895.697226
-0.21,210,7896.21002
0.9795,21,7896.2704
0.9321,68,7917.439485
-0.21,210,7918.078683
-0.21,210,7918.590405
-0.21,210,7940.087164
-0.21,210,7940.595816
-0.21,210,7961.275576
-0.21,210,7961.89936
-0.21,210,7962.434264
-0.21,210,7982.79203
-0.21,210,7983.298382
-0.21,210,8003.262796
-0.21,210,8003.780487
-0.21,210,8022.42031
-0.21,210,8022.961258
-0.21,210,8023.484135
-0.21,210,8043.780329
-0.21,210,8044.283773
-0.21,210,8061.38046
0.8693,131,8061.706203
-0.21,210,8062.312335
-0.21,210,8088.269547
-0.21,210,8088.926088
-0.21,210,8111.422149
-0.21,210,8112.178912
0.9139,87,8112.459791
-0.21,210,8137.854908
-0.21,210,8138.54373
-0.21,210,8139.233741
-0.21,210,8167.165734
-0.21,210,8167.815099
-0.21,210,8191.882229
-0.21,210,8192.511041
-0.21,210,8212.82537
-0.21,210,8213.506028
-0.21,210,8214.006411
0.9813,19,8214.065583
0.9833,17,8214.122098
-0.21,210,8234.207505
-0.21,210,8234.709696
-0.21,210,8253.99649
-0.21,210,8254.563877
-0.21,210,8275.528212
-0.21,210,8276.111844
-0.21,210,8276.644495
-0.21,210,8295.613973
0.9646,36,8295.730911
0.8109,190,8296.195487
-0.21,210,8317.243176
-0.21,210,8317.764867
0.9224,78,8317.962819
-0.21,210,8338.858088
0.9308,70,8339.039269
-0.21,210,8339.572991
-0.21,210,8360.702896
-0.21,210,8361.225396
0.9577,43,8361.352955
-0.21,210,8383.669943
-0.21,210,8384.300585
-0.21,210,8384.810803
-0.21,210,8405.061553
-0.21,210,8405.569134
-0.21,210,8422.615114
-0.21,210,8423.096377
-0.21,210,8441.940162
0.9024,98,8442.272787
-0.21,210,8442.764134
-0.21,210,8464.010443
-0.21,210,8464.606107
-0.21,210,8465.125636
-0.21,210,8483.991316
-0.21,210,8484.488416
-0.21,210,8504.746634
-0.21,210,8505.273828
-0.21,210,8524.47655
-0.21,210,8525.227566
-0.21,210,8525.742508
-0.21,210,8545.491911
-0.21,210,8545.97701
-0.21,210,8565.95411
0.8645,136,8566.419758
-0.21,210,8567.104242
-0.21,210,8590.86584
-0.21,210,8591.543058
-0.21,210,8617.946315
-0.21,210,8618.628825
-0.21,210,8619.288296
-0.21,210,8643.588698
-0.21,210,8644.449702
0.8516,149,8668.721934
0.8364,164,8669.359291
-0.21,210,8669.949915
-0.21,210,8688.130234
-0.21,210,8688.770452
0.986,14,8688.814476
0.8963,104,8689.1384
-0.21,210,8708.471524
-0.21,210,8709.091007
-0.21,210,8728.156661
-0.21,210,8728.732742
-0.21,210,8729.285359
-0.21,210,8749.821433
-0.21,210,8750.389118
-0.21,210,8770.621435
-0.21,210,8771.216468
-0.21,210,8792.194623
-0.21,210,8792.798171
-0.21,210,8793.320094
-0.21,210,8813.130121
0.9798,21,8813.192475
-0.21,210,8813.725717
-0.21,210,8835.341572
-0.21,210,8835.910049
-0.21,210,8855.931471
0.903,97,8856.240582
-0.21,210,8856.762861
-0.21,210,8877.375768
-0.21,210,8877.942808
-0.21,210,8878.45658
-0.21,210,8898.645588
-0.21,210,8899.194281
-0.21,210,8920.290143
-0.21,210,8920.859833
-0.21,210,8941.287785
-0.21,210,8941.945025
-0.21,210,8942.50299
-0.21,210,8963.554118
-0.21,210,8964.083012
0.9725,28,8964.157641
-0.21,210,8984.704203
0.9634,37,8984.813729
-0.21,210,8985.382556
-0.21,210,9005.807665
-0.21,210,9006.335459
-0.21,210,9006.851511
-0.21,210,9028.302089
-0.21,210,9028.855397
-0.21,210,9049.409366
-0.21,210,9049.955046
-0.21,210,9071.015552
-0.21,210,9071.740141
-0.21,210,9072.278887
-0.21,210,9092.91303
-0.21,210,9093.427814
-0.21,210,9119.314519
-0.21,210,9119.853654
-0.21,210,9120.397679
-0.21,210,9138.730151
-0.21,210,9139.267628
-0.21,210,9160.199889
0.9751,25,9160.269418
-0.21,210,9160.789942
-0.21,210,9181.988122
-0.21,210,9182.536103
-0.21,210,9183.073525
0.9516,49,9203.033657
-0.21,210,9203.630998
-0.21,210,9204.156289
-0.21,210,9224.206534
0.9771,23,9224.276592
-0.21,210,9224.85728
0.8256,175,9244.867899
0.9794,21,9244.95921
0.9599,41,9245.103431
-0.21,210,9245.739161
-0.21,210,9266.163664
-0.21,210,9266.747036
-0.21,210,9267.278093
-0.21,210,9286.94833
-0.21,210,9287.458475
-0.21,210,9308.379271
-0.21,210,9308.920488
-0.21,210,9327.108274
-0.21,210,9327.715446
0.9528,48,9327.844674
-0.21,210,9328.351842
-0.21,210,9350.868299
-0.21,210,9351.542637
-0.21,210,9379.846109
-0.21,210,9380.365704
-0.21,210,9401.217472
-0.21,210,9401.772847
-0.21,210,9402.296367
-0.21,210,9423.752581
-0.21,210,9424.285165
-0.21,210,9446.831214
-0.21,210,9447.65457
0.9536,47,9447.824939
-0.21,210,9467.271352
-0.21,210,9467.882298
0.8941,106,9468.210402
-0.21,210,9489.359814
-0.21,210,9490.021787
0.9543,46,9490.158457
-0.21,210,9510.212943
-0.21,210,9510.758386
-0.21,210,9511.336067
-0.21,210,9531.845024
0.8662,134,9532.315109
0.963,37,9532.44374
0.8587,142,9532.956493
-0.21,210,9551.320941
-0.21,210,9552.02132
-0.21,210,9581.210707
-0.21,210,9581.989002
-0.21,210,9606.813486
-0.21,210,9607.608062
-0.21,210,9608.217463
-0.21,210,9630.61837
-0.21,210,9631.163743
0.9439,57,9631.310638
-0.21,210,9651.153697
-0.21,210,9651.682873
-0.21,210,9671.984665
0.8018,199,9672.553019
-0.21,210,9673.071228
-0.21,210,9701.079385
-0.21,210,9701.632803
-0.21,210,9725.45111
-0.21,210,9726.071294
0.9717,29,9726.179347
0.954,46,9726.350764
-0.21,210,9749.225403
-0.21,210,9749.809326
-0.21,210,9769.237976
0.8903,110,9769.601377
-0.21,210,9770.138404
-0.21,210,9789.94115
-0.21,210,9790.606127
-0.21,210,9791.182371
-0.21,210,9811.271227
-0.21,210,9811.957083
-0.21,210,9834.311227
-0.21,210,9834.900467
-0.21,210,9855.472358
0.9363,64,9855.766992
-0.21,210,9856.44978
-0.21,210,9856.960788
-0.21,210,9876.61495
-0.21,210,9877.160711
-0.21,210,9896.597783
-0.21,210,9897.107698
-0.21,210,9916.922299
-0.21,210,9917.436833
0.9492,51,9917.58665
-0.21,210,9937.173238
-0.21,210,9937.740118
-0.21,210,9938.29353
-0.21,210,9958.426585
-0.21,210,9958.999227
-0.21,210,9979.342261
-0.21,210,9979.956048
-0.21,210,9980.494732
0.9131,87,10001.676548
0.9545,46,10001.818327
-0.21,210,10002.380855
-0.21,210,10023.462037
-0.21,210,10024.187846
-0.21,210,10024.775496
-0.21,210,10045.713685
-0.21,210,10046.294021
0.9403,60,10046.4716
-0.21,210,10066.736339
-0.21,210,10067.310537
0.9454,55,10067.468849
-0.21,210,10087.691869
-0.21,210,10088.27015
-0.21,210,10107.468956
-0.21,210,10108.061773
-0.21,210,10108.586879
0.8852,115,10128.017287
-0.21,210,10128.746907
-0.21,210,10154.201854
-0.21,210,10154.84806
-0.21,210,10155.351806
-0.21,210,10178.010846
-0.21,210,10178.575012
0.9934,7,10178.600807
-0.21,210,10199.868112
-0.21,210,10200.783792
-0.21,210,10201.694792
-0.21,210,10223.144683
-0.21,210,10223.792391
-0.21,210,10244.596772
0.9804,20,10244.659364
-0.21,210,10245.2775
-0.21,210,10264.815286
-0.21,210,10265.457057
-0.21,210,10266.052802
-0.21,210,10286.990756
-0.21,210,10287.519248
0.8985,102,10287.816143
-0.21,210,10308.146586
-0.21,210,10308.690482
-0.21,210,10329.555463
-0.21,210,10330.174489
-0.21,210,10351.996995
-0.21,210,10352.843332
0.9968,4,10352.869117
-0.21,210,10353.706888
-0.21,210,10374.133817
-0.21,210,10374.703828
-0.21,210,10396.100212
-0.21,210,10396.642828
0.8203,180,10397.100116
0.8363,164,10417.19253
0.9508,50,10417.345252
-0.21,210,10417.875324
-0.21,210,10438.570247
-0.21,210,10439.084958
-0.21,210,10459.930599
-0.21,210,10460.571415
-0.21,210,10461.101751
-0.21,210,10481.97572
-0.21,210,10482.506932
-0.21,210,10502.588194
-0.21,210,10503.233479
-0.21,210,10523.404995
-0.21,210,10524.14072
-0.21,210,10524.666729
-0.21,210,10544.52412
-0.21,210,10545.072696
0.9565,44,10545.197497
-0.21,210,10565.574759
-0.21,210,10566.11342
0.9263,74,10566.31599
-0.21,210,10585.982179
-0.21,210,10586.625922
-0.21,210,10610.125116
-0.21,210,10610.811975
-0.21,210,10611.359437
-0.21,210,10631.671254
-0.21,210,10632.216069
-0.21,210,10651.096825
-0.21,210,10651.687978
-0.21,210,10652.234837
-0.21,210,10673.997775
-0.21,210,10674.537671
-0.21,210,10695.250404
-0.21,210,10695.845482
-0.21,210,10716.811548
0.9886,12,10716.878501
-0.21,210,10717.506692
0.9685,32,10717.594745
-0.21,210,10741.604712
-0.21,210,10742.336234
-0.21,210,10742.896914
-0.21,210,10765.51357
0.9241,76,10765.779583
-0.21,210,10766.507352
-0.21,210,10787.4255
0.8468,154,10787.854228
-0.21,210,10788.435533
-0.21,210,10809.701857
-0.21,210,10810.273414
0.9893,11,10810.308182
-0.21,210,10830.449234
-0.21,210,10831.003641
-0.21,210,10850.451159
0.9681,32,10850.611916
-0.21,210,10851.277229
-0.21,210,10873.22941
-0.21,210,10874.116536
-0.21,210,10874.945801
-0.21,210,10897.059442
-0.21,210,10897.916788
-0.21,210,10927.169642
-0.21,210,10927.828381
-0.21,210,10928.442235
0.9915,9,10928.484475
-0.21,210,10948.603881
0.9525,48,10948.785641
-0.21,210,10949.444923
-0.21,210,10970.126302
-0.21,210,10970.696819
-0.21,210,10990.268593
-0.21,210,10990.895741
-0.21,210,11015.539308
-0.21,210,11016.414065
-0.21,210,11017.03624
-0.21,210,11038.998981
-0.21,210,11039.54603
-0.21,210,11059.663188
-0.21,210,11060.30461
-0.21,210,11060.85237
0.9749,26,11060.93138
-0.21,210,11083.630595
-0.21,210,11084.176395
-0.21,210,11105.895831
-0.21,210,11106.474772
-0.21,210,11127.49271
-0.21,210,11128.171699
-0.21,210,11128.745433
-0.21,210,11153.079415
-0.21,210,11153.664035
-0.21,210,11174.421237
-0.21,210,11175.013921
0.9304,70,11175.19949
-0.21,210,11196.443347
0.8084,192,11196.941581
0.9696,31,11197.027504
0.8873,113,11197.341179
0.8448,156,11218.460814
-0.21,210,11219.089378
-0.21,210,11239.576
-0.21,210,11240.337407
-0.21,210,11240.904721
-0.21,210,11261.654109
0.8627,138,11262.070971
-0.21,210,11262.612244
0.9895,11,11262.650291
-0.21,210,11283.157865
-0.21,210,11283.748298
-0.21,210,11304.888808
-0.21,210,11305.642699
-0.21,210,11325.871681
0.8035,197,11326.546873
-0.21,210,11327.128797
0.9971,3,11327.149077
-0.21,210,11348.318448
-0.21,210,11348.904796
-0.21,210,11370.656577
0.8862,114,11371.016496
-0.21,210,11371.590634
-0.21,210,11393.330498
-0.21,210,11393.902086
0.8286,172,11394.35951
-0.21,210,11415.114714
0.9787,22,11415.193292
0.8184,182,11415.746707
-0.21,210,11437.04598
-0.21,210,11437.716916
-0.21,210,11459.446684
0.9015,99,11459.822367
-0.21,210,11460.414571
-0.21,210,11480.573273
0.981,19,11480.662182
0.968,32,11480.772116
-0.21,210,11481.387071
-0.21,210,11502.398271
-0.21,210,11503.090993
0.9814,19,11503.151162
-0.21,210,11503.702334
-0.21,210,11525.105861
-0.21,210,11525.69353
0.8017,199,11546.878211
0.9741,26,11546.968733
-0.21,210,11547.582731
-0.21,210,11567.823726
0.8978,103,11568.217769
-0.21,210,11568.849504
-0.21,210,11588.445154
-0.21,210,11589.010156
-0.21,210,11589.577124
-0.21,210,11610.137464
-0.21,210,11610.696184
-0.21,210,11631.019857
-0.21,210,11631.610544
-0.21,210,11651.76309
0.9599,41,11651.956087
-0.21,210,11652.624989
-0.21,210,11653.225977
-0.21,210,11674.187054
-0.21,210,11674.808235
-0.21,210,11696.008472
-0.21,210,11696.564573
-0.21,210,11717.022554
-0.21,210,11717.708366
-0.21,210,11718.477006
-0.21,210,11740.592944
-0.21,210,11741.20062
-0.21,210,11762.776903
-0.21,210,11763.511519
-0.21,210,11784.340642
-0.21,210,11785.158045
0.9313,69,11785.349264
-0.21,210,11785.907386
-0.21,210,11807.087467
-0.21,210,11807.628784
-0.21,210,11825.728195
0.8565,144,11826.171489
-0.21,210,11826.741569
-0.21,210,11846.854784
-0.21,210,11847.518547
-0.21,210,11868.759395
-0.21,210,11869.379648
0.894,106,11869.69779
-0.21,210,11890.377569
-0.21,210,11890.998502
-0.21,210,11910.463304
-0.21,210,11911.183302
-0.21,210,11911.834411
-0.21,210,11933.037648
0.9273,73,11933.302643
-0.21,210,11933.917588
0.8411,159,11955.347165
-0.21,210,11956.076841
-0.21,210,11977.938718
0.8907,110,11978.344736
0.8473,153,11978.855757
-0.21,210,11999.514444
-0.21,210,12000.314171
0.985,15,12000.370562
-0.21,210,12001.007151
-0.21,210,12022.380383
-0.21,210,12023.089808
0.8536,147,12043.334238
-0.21,210,12044.146784
-0.21,210,12044.833865
-0.21,210,12065.482311
-0.21,210,12066.059459
-0.21,210,12085.654654
-0.21,210,12086.360218
-0.21,210,12086.999266
-0.21,210,12106.944906
-0.21,210,12107.494717
-0.21,210,12128.3304
-0.21,210,12128.892003
-0.21,210,12151.42911
-0.21,210,12152.331404
-0.21,210,12153.200904
-0.21,210,12176.896558
-0.21,210,12177.484284
0.9493,51,12177.637703
-0.21,210,12205.69837
-0.21,210,12206.540997
-0.21,210,12231.906191
0.8514,149,12232.404464
-0.21,210,12233.08333
-0.21,210,12259.327076
-0.21,210,12260.195527
0.9068,94,12260.609981
-0.21,210,12282.180939
-0.21,210,12282.788557
-0.21,210,12306.533018
-0.21,210,12307.260682
-0.21,210,12307.875785
-0.21,210,12329.147403
-0.21,210,12329.707738
-0.21,210,12350.453784
-0.21,210,12351.057041
-0.21,210,12369.372498
-0.21,210,12370.079229
-0.21,210,12370.68595
-0.21,210,12392.826284
0.9533,47,12392.983143
-0.21,210,12393.557288
-0.21,210,12414.191662
0.8956,105,12414.541228
0.9726,28,12414.626898
-0.21,210,12415.216341
-0.21,210,12434.283902
0.9909,10,12434.329389
-0.21,210,12434.998148
-0.21,210,12456.787759
-0.21,210,12457.380269
0.8581,142,12457.810129
-0.21,210,12479.851016
-0.21,210,12480.729021
-0.21,210,12503.772671
-0.21,210,12504.640568
-0.21,210,12531.125129
-0.21,210,12532.042412
-0.21,210,12532.684091
0.9177,83,12553.592978
-0.21,210,12554.34758
-0.21,210,12554.901753
-0.21,210,12579.865275
-0.21,210,12580.591009
-0.21,210,12601.809143
-0.21,210,12602.456557
-0.21,210,12603.057971
0.9157,85,12624.187519
-0.21,210,12624.869867
-0.21,210,12625.466608
-0.21,210,12645.921784
-0.21,210,12646.538458
-0.21,210,12667.835181
-0.21,210,12668.418007
-0.21,210,12693.149851
-0.21,210,12693.869565
-0.21,210,12694.424045
-0.21,210,12715.23966
-0.21,210,12715.830355
0.9335,67,12716.025158
-0.21,210,12736.869069
-0.21,210,12737.459553
-0.21,210,12759.1204
-0.21,210,12759.765801
-0.21,210,12781.226238
-0.21,210,12782.006957
-0.21,210,12782.572198
-0.21,210,12803.078379
-0.21,210,12803.755816
-0.21,210,12823.338765
-0.21,210,12823.999572
-0.21,210,12824.551744
-0.21,210,12846.371121
-0.21,210,12846.969714
-0.21,210,12866.96207
-0.21,210,12867.758718
-0.21,210,12888.837286
-0.21,210,12889.632245
-0.21,210,12890.315192
-0.21,210,12912.484452
-0.21,210,12913.199826
-0.21,210,12934.505992
-0.21,210,12935.261585
0.8822,118,12935.672301
0.9112,89,12935.988882
-0.21,210,12957.193444
-0.21,210,12957.88677
-0.21,210,12979.390127
-0.21,210,12980.098034
-0.21,210,13000.869212
-0.21,210,13001.584517
-0.21,210,13002.183121
-0.21,210,13023.331864
-0.21,210,13023.947141
-0.21,210,13044.662198
-0.21,210,13045.374051
0.841,159,13045.797301
0.9614,39,13045.904539
0.9934,7,13063.978545
0.9332,67,13064.335214
-0.21,210,13064.993983
0.951,49,13065.149347
-0.21,210,13084.638571
0.9673,33,13084.795739
-0.21,210,13085.498405
-0.21,210,13086.072231
0.9882,12,13106.849406
-0.21,210,13107.684956
0.9558,45,13107.847927
-0.21,210,13108.469853
-0.21,210,13130.28207
-0.21,210,13130.913146
-0.21,210,13153.029395
-0.21,210,13153.696528
-0.21,210,13175.32511
0.9813,19,13175.425851
-0.21,210,13176.171044
-0.21,210,13176.769995
-0.21,210,13196.456197
-0.21,210,13197.09698
0.8046,196,13218.865776
0.9968,4,13218.897884
0.9772,23,13218.994521
-0.21,210,13219.674657
-0.21,210,13240.339988
-0.21,210,13241.141111
-0.21,210,13241.73415
-0.21,210,13261.896979
0.8979,103,13262.204984
-0.21,210,13262.791336
-0.21,210,13288.404301
-0.21,210,13289.149597
-0.21,210,13310.126649
0.9648,36,13310.256634
0.9722,28,13310.360164
-0.21,210,13310.983589
-0.21,210,13329.867885
-0.21,210,13330.511471
-0.21,210,13351.431475
-0.21,210,13352.273419
0.9551,45,13352.410505
0.9125,88,13352.674925
-0.21,210,13376.083591
-0.21,210,13377.039067
-0.21,210,13377.904505
-0.21,210,13398.978756
-0.21,210,13399.590802
-0.21,210,13420.404322
-0.21,210,13421.106594
-0.21,210,13442.665288
-0.21,210,13443.457392
0.9756,25,13443.534164
0.9423,58,13443.753538
0.8185,182,13444.239444
-0.21,210,13464.328376
-0.21,210,13464.927109
-0.21,210,13484.776371
-0.21,210,13485.444652
0.9905,10,13485.488195
-0.21,210,13505.394501
-0.21,210,13506.066736
-0.21,210,13506.653944
-0.21,210,13528.436976
-0.21,210,13529.108485
-0.21,210,13550.983914
0.9782,22,13551.061579
-0.21,210,13551.81117
0.9931,7,13551.84074
-0.21,210,13572.564367
-0.21,210,13573.234118
-0.21,210,13573.789226
-0.21,210,13594.161594
-0.21,210,13594.772345
-0.21,210,13615.855667
-0.21,210,13616.532743
0.8352,165,13617.015018
-0.21,210,13638.329899
-0.21,210,13638.918311
-0.21,210,13659.638719
-0.21,210,13660.28859
0.925,75,13660.495335
-0.21,210,13681.746456
-0.21,210,13682.439054
0.9563,44,13682.584989
0.9517,49,13682.723567
-0.21,210,13704.760693
-0.21,210,13705.460174
0.9202,80,13705.70452
-0.21,210,13732.905002
-0.21,210,13733.644483
-0.21,210,13755.753779
-0.21,210,13756.519433
-0.21,210,13757.120947
-0.21,210,13779.410558
-0.21,210,13780.137762
-0.21,210,13800.353215
-0.21,210,13801.035922
-0.21,210,13822.175608
-0.21,210,13823.049333
-0.21,210,13823.767492
-0.21,210,13848.20622
-0.21,210,13849.145629
-0.21,210,13870.563172
-0.21,210,13871.336032
-0.21,210,13871.922103
-0.21,210,13893.647172
-0.21,210,13894.299123
0.8012,199,13914.356121
-0.21,210,13915.031069
0.9003,100,13915.315235
-0.21,210,13936.058068
-0.21,210,13936.748874
-0.21,210,13958.2416
-0.21,210,13959.020671
-0.21,210,13959.654976
0.9931,7,13959.682787
-0.21,210,13981.978539
-0.21,210,13982.621542
-0.21,210,14004.710207
-0.21,210,14005.564101
-0.21,210,14033.424689
0.9863,14,14033.511497
-0.21,210,14034.360567
-0.21,210,14035.042097
-0.21,210,14055.460129
-0.21,210,14056.086142
-0.21,210,14077.894542
-0.21,210,14078.716808
-0.21,210,14100.287479
-0.21,210,14101.124621
-0.21,210,14101.753067
-0.21,210,14127.865715
-0.21,210,14128.874415
-0.21,210,14150.52778
-0.21,210,14151.281277
-0.21,210,14151.883939
-0.21,210,14173.353943
-0.21,210,14174.089536
-0.21,210,14201.534362
-0.21,210,14202.268435
0.9568,44,14202.404581
-0.21,210,14225.706087
-0.21,210,14226.426385
-0.21,210,14227.013196
-0.21,210,14248.476675
-0.21,210,14249.453036
-0.21,210,14271.927937
-0.21,210,14272.652113
0.9652,35,14272.77172
-0.21,210,14294.347856
-0.21,210,14294.990849
0.8869,114,14295.309552
0.9057,95,14295.575073
-0.21,210,14317.148483
-0.21,210,14317.746567
0.9504,50,14317.896485
-0.21,210,14339.215011
-0.21,210,14339.811017
-0.21,210,14360.955859
-0.21,210,14361.681366
-0.21,210,14382.407489
-0.21,210,14383.227687
-0.21,210,14383.804006
-0.21,210,14403.507095
-0.21,210,14404.158097
-0.21,210,14424.740494
0.989,11,14424.801199
-0.21,210,14425.507512
-0.21,210,14426.097995
-0.21,210,14446.358609
-0.21,210,14446.984877
-0.21,210,14467.090989
-0.21,210,14467.869626
-0.21,210,14489.68831
-0.21,210,14490.491125
0.8698,131,14490.897941
-0.21,210,14511.705712
-0.21,210,14512.40999
-0.21,210,14534.42969
0.9062,94,14534.945915
-0.21,210,14535.654627
-0.21,210,14557.207131
-0.21,210,14558.062187
-0.21,210,14558.747767
0.9773,23,14558.825968
-0.21,210,14578.879166
-0.21,210,14579.534059
0.9119,89,14579.801141
-0.21,210,14600.015599
-0.21,210,14600.641246
-0.21,210,14620.918435
-0.21,210,14621.624656
0.8953,105,14621.929982
-0.21,210,14643.087708
-0.21,210,14643.726678
-0.21,210,14664.704234
-0.21,210,14665.508501
-0.21,210,14666.165589
-0.21,210,14686.259637
-0.21,210,14687.033967
-0.21,210,14708.135265
0.8948,106,14708.498917
0.9037,97,14708.81702
-0.21,210,14730.88555
-0.21,210,14731.74961
-0.21,210,14732.44335
-0.21,210,14752.246172
-0.21,210,14752.909028
0.9881,12,14752.954366
-0.21,210,14772.81521
-0.21,210,14773.575132
-0.21,210,14774.229414
0.8701,130,14793.874966
0.9958,5,14793.906678
0.9527,48,14794.091287
-0.21,210,14794.879732
0.991,9,14794.914917
-0.21,210,14816.093236
-0.21,210,14816.776742
0.9171,83,14817.0885
-0.21,210,14837.571516
-0.21,210,14838.233443
-0.21,210,14859.288009
-0.21,210,14860.121804
-0.21,210,14860.700142
-0.21,210,14880.833884
0.9195,81,14881.082457
-0.21,210,14881.736081
-0.21,210,14903.133572
-0.21,210,14903.82613
-0.21,210,14925.19774
0.9742,26,14925.30545
0.9964,4,14925.331626
-0.21,210,14926.077362
-0.21,210,14946.446671
-0.21,210,14947.298124
0.9268,74,14947.587272
-0.21,210,14966.972133
0.9897,11,14967.045788
-0.21,210,14967.835001
-0.21,210,14968.462658
-0.21,210,14989.604056
-0.21,210,14990.467575
-0.21,210,15009.953906
0.9821,18,15010.018283
-0.21,210,15010.722184
-0.21,210,15035.047269
-0.21,210,15036.144598
-0.21,210,15037.180609
-0.21,210,15063.150819
-0.21,210,15063.965269
-0.21,210,15084.301544
-0.21,210,15085.013055
-0.21,210,15085.591387
-0.21,210,15107.991554
0.8116,189,15108.608222
-0.21,210,15128.851064
-0.21,210,15129.518944
-0.21,210,15149.32982
-0.21,210,15150.174487
-0.21,210,15150.83026
0.8516,149,15170.755581
-0.21,210,15171.520163
-0.21,210,15191.297137
-0.21,210,15192.15181
-0.21,210,15192.76097
0.9726,28,15192.852551
-0.21,210,15218.356367
-0.21,210,15219.16204
-0.21,210,15245.795384
-0.21,210,15246.809625
0.8835,117,15247.424127
-0.21,210,15268.893413
0.8542,146,15269.458942
-0.21,210,15270.067305
-0.21,210,15291.51337
-0.21,210,15292.197829
-0.21,210,15311.140632
-0.21,210,15311.822707
-0.21,210,15333.402917
-0.21,210,15334.562859
-0.21,210,15335.5259
0.9953,5,15335.563974
-0.21,210,15357.799277
-0.21,210,15358.696252
-0.21,210,15382.457345
-0.21,210,15383.263009
-0.21,210,15403.733509
-0.21,210,15404.631898
-0.21,210,15405.339419
-0.21,210,15424.997775
-0.21,210,15425.743674
-0.21,210,15449.597006
-0.21,210,15450.353156
-0.21,210,15450.976909
-0.21,210,15472.003536
-0.21,210,15472.775787
-0.21,210,15493.501284
-0.21,210,15494.203091
-0.21,210,15512.06318
-0.21,210,15512.944287
-0.21,210,15513.637211
-0.21,210,15533.884909
0.8793,121,15534.37262
-0.21,210,15535.019221
0.9509,50,15555.849558
-0.21,210,15556.647334
-0.21,210,15557.371891
-0.21,210,15578.449103
0.9798,21,15578.537541
-0.21,210,15579.278219
-0.21,210,15599.275329
0.8743,126,15599.732495
-0.21,210,15600.395154
-0.21,210,15620.912331
0.9853,15,15620.978802
0.8514,149,15621.577393
-0.21,210,15640.819585
-0.21,210,15641.671806
0.9867,14,15641.742574
-0.21,210,15642.505068
0.9882,12,15642.552488
-0.21,210,15663.393229
-0.21,210,15664.250735
0.9901,10,15664.301361
0.8399,161,15686.056873
0.9425,58,15686.300344
0.883,117,15686.728897
0.9804,20,15686.808827
-0.21,210,15687.532994
-0.21,210,15708.75338
-0.21,210,15709.555316
-0.21,210,15730.862293
0.9958,5,15730.890179
-0.21,210,15731.679133
-0.21,210,15753.837675
0.8152,185,15754.611988
0.795,205,15755.278874
-0.21,210,15775.943176
-0.21,210,15776.766452
-0.21,210,15797.53072
-0.21,210,15798.359396
-0.21,210,15798.973495
-0.21,210,15819.934112
-0.21,210,15820.604599
-0.21,210,15841.301971
-0.21,210,15842.104375
-0.21,210,15861.279459
-0.21,210,15862.15948
-0.21,210,15862.762568
-0.21,210,15883.740563
-0.21,210,15884.490656
-0.21,210,15905.235506
-0.21,210,15905.959938
-0.21,210,15906.564476
-0.21,210,15927.956837
-0.21,210,15928.623919
0.9937,7,15928.654096
-0.21,210,15949.974167
-0.21,210,15950.676664
0.9867,14,15950.722493
-0.21,210,15969.844913
-0.21,210,15970.642037
-0.21,210,15971.249063
-0.21,210,15989.800622
-0.21,210,15990.468709
-0.21,210,16010.394334
-0.21,210,16011.268193
-0.21,210,16031.840225
0.9404,60,16032.139292
0.984,16,16032.213164
-0.21,210,16033.044604
-0.21,210,16052.653702
-0.21,210,16053.576786
-0.21,210,16054.300624
-0.21,210,16073.262703
-0.21,210,16074.046015
0.8835,117,16074.426786
0.9299,71,16094.560674
-0.21,210,16095.399081
0.8397,161,16096.005954
-0.21,210,16115.410494
0.7994,201,16116.200365
0.9891,11,16116.24139
-0.21,210,16134.580254
-0.21,210,16135.391694
-0.21,210,16136.169786
-0.21,210,16154.366411
-0.21,210,16154.992052
-0.21,210,16176.270309
0.9229,78,16176.588369
-0.21,210,16177.422179
-0.21,210,16197.078465
-0.21,210,16197.901515
-0.21,210,16217.873631
-0.21,210,16218.905971
-0.21,210,16219.926288
-0.21,210,16240.307445
-0.21,210,16240.986894
-0.21,210,16266.280603
0.9031,97,16266.73647
-0.21,210,16267.816836
-0.21,210,16291.351512
-0.21,210,16292.17633
0.8696,131,16292.657709
-0.21,210,16316.540137
-0.21,210,16317.320047
0.9065,94,16317.623918
-0.21,210,16338.867349
0.9556,45,16339.04805
-0.21,210,16339.772169
-0.21,210,16360.106592
-0.21,210,16360.857741
0.8102,190,16380.424074
-0.21,210,16381.296937
0.9177,83,16381.548031
-0.21,210,16399.941222
0.8789,122,16400.506661
-0.21,210,16401.200405
-0.21,210,16420.017787
0.8351,165,16420.668797
-0.21,210,16421.349973
-0.21,210,16441.519592
-0.21,210,16442.331466
0.9398,61,16442.513281
-0.21,210,16462.547257
-0.21,210,16463.26323
-0.21,210,16487.426742
-0.21,210,16488.496247
-0.21,210,16489.615648
-0.21,210,16513.41678
-0.21,210,16514.494188
-0.21,210,16542.981834
-0.21,210,16544.061307
-0.21,210,16565.991449
-0.21,210,16566.95541
-0.21,210,16567.780602
-0.21,210,16590.227319
-0.21,210,16591.040414
-0.21,210,16611.684302
-0.21,210,16612.489344
-0.21,210,16613.154964
-0.21,210,16633.478135
-0.21,210,16634.173488
-0.21,210,16653.481319
-0.21,210,16654.201837
-0.21,210,16673.621907
-0.21,210,16674.45201
-0.21,210,16675.049928
-0.21,210,16694.132607
-0.21,210,16694.784726
0.9854,15,16694.839635
-0.21,210,16714.257356
0.9776,23,16714.3456
0.9918,9,16714.396325
-0.21,210,16715.169781
-0.21,210,16733.928079
0.992,8,16733.986354
0.9067,94,16734.359226
-0.21,210,16735.205641
-0.21,210,16754.8742
0.8698,131,16755.383373
0.9276,73,16755.671496
0.9511,49,16755.883509
-0.21,210,16776.483642
-0.21,210,16777.328044
-0.21,210,16778.034071
-0.21,210,16799.179628
-0.21,210,16799.892627
-0.21,210,16821.267147
-0.21,210,16822.019162
-0.21,210,16842.909417
-0.21,210,16843.8027
-0.21,210,16844.491625
-0.21,210,16864.957742
-0.21,210,16865.745465
-0.21,210,16886.688664
0.9659,35,16886.853333
0.94,60,16887.091541
-0.21,210,16887.808073
-0.21,210,16907.919868
-0.21,210,16908.726057
0.9926,8,16908.760257
-0.21,210,16928.738515
-0.21,210,16929.639913
-0.21,210,16930.266418
-0.21,210,16949.573738
-0.21,210,16950.445681
-0.21,210,16970.059759
-0.21,210,16970.906002
0.9686,32,16971.047544
-0.21,210,16991.613142
-0.21,210,16992.542935
-0.21,210,16993.332928
-0.21,210,17013.563772
-0.21,210,17014.440636
-0.21,210,17034.331479
-0.21,210,17035.188592
0.9685,32,17035.333587
-0.21,210,17058.375581
-0.21,210,17059.306677
-0.21,210,17060.125033
-0.21,210,17079.12851
-0.21,210,17080.046026
0.9864,14,17080.112334
0.9972,3,17080.141021
-0.21,210,17100.54082
-0.21,210,17101.393709
-0.21,210,17102.165067
-0.21,210,17123.848542
-0.21,210,17124.745102
-0.21,210,17146.450846
-0.21,210,17147.290169
-0.21,210,17167.342873
-0.21,210,17168.23639
-0.21,210,17169.205781
-0.21,210,17190.509532
-0.21,210,17191.291182
0.9928,8,17191.324492
0.8595,141,17212.373057
-0.21,210,17213.321597
-0.21,210,17214.076048
-0.21,210,17234.542321
-0.21,210,17235.457521
-0.21,210,17255.648095
0.992,8,17255.694932
-0.21,210,17256.655973
-0.21,210,17277.465485
-0.21,210,17278.427438
-0.21,210,17279.248223
-0.21,210,17298.425084
-0.21,210,17299.210992
-0.21,210,17320.016624
-0.21,210,17320.888752
-0.21,210,17321.651236
-0.21,210,17348.871459
-0.21,210,17349.552348
-0.21,210,17371.400609
-0.21,210,17372.264373
-0.21,210,17398.137292
-0.21,210,17399.100323
-0.21,210,17400.241267
-0.21,210,17428.235823
-0.21,210,17429.124405
-0.21,210,17458.008744
0.9603,40,17458.196022
-0.21,210,17459.326581
-0.21,210,17486.456127
0.8559,145,17487.057505
-0.21,210,17487.802608
-0.21,210,17511.114141
-0.21,210,17511.962951
0.8116,189,17530.867871
-0.21,210,17531.820983
-0.21,210,17532.655151
-0.21,210,17553.255933
0.9908,10,17553.296758
0.9256,75,17553.593187
-0.21,210,17554.359024
-0.21,210,17574.282624
-0.21,210,17575.074955
-0.21,210,17597.090887
0.9901,10,17597.145048
-0.21,210,17597.981007
-0.21,210,17598.679882
-0.21,210,17617.594458
-0.21,210,17618.243288
-0.21,210,17639.967289
-0.21,210,17640.686764
-0.21,210,17661.472762
-0.21,210,17662.313181
-0.21,210,17662.964285
-0.21,210,17684.295996
-0.21,210,17685.028558
-0.21,210,17705.357954
-0.21,210,17706.147185
-0.21,210,17725.023845
-0.21,210,17725.936664
-0.21,210,17726.63001
0.9463,54,17726.875615
-0.21,210,17745.539088
0.9908,10,17745.590848
-0.21,210,17746.296533
-0.21,210,17765.248564
-0.21,210,17765.928135
-0.21,210,17786.687697
-0.21,210,17787.587208
-0.21,210,17788.304954
-0.21,210,17809.628566
-0.21,210,17810.313886
0.9713,29,17810.40734
-0.21,210,17831.047273
0.8142,186,17831.810237
-0.21,210,17852.982752
-0.21,210,17853.861858
-0.21,210,17854.546222
-0.21,210,17874.509455
-0.21,210,17875.254509
-0.21,210,17894.35071
-0.21,210,17895.229526
-0.21,210,17895.874921
-0.21,210,17916.538981
-0.21,210,17917.226179
0.9256,75,17917.522874
-0.21,210,17941.7758
-0.21,210,17942.833975
-0.21,210,17967.177557
-0.21,210,17967.953508
-0.21,210,17986.22275
0.9908,10,17986.295305
-0.21,210,17987.157454
-0.21,210,17987.863701
0.9876,13,17987.911908
0.9274,73,18008.648682
-0.21,210,18009.519997
-0.21,210,18010.182771
-0.21,210,18029.571503
0.9972,3,18029.598713
0.9964,4,18029.627541
-0.21,210,18030.340683
0.9844,16,18030.403477
-0.21,210,18049.615562
-0.21,210,18050.73123
-0.21,210,18074.656488
-0.21,210,18075.530163
0.983,17,18075.600954
-0.21,210,18076.271301
-0.21,210,18095.988926
-0.21,210,18096.669262
0.9159,85,18096.934753
-0.21,210,18117.685739
-0.21,210,18118.431776
-0.21,210,18139.087093
-0.21,210,18139.788879
-0.21,210,18160.106421
-0.21,210,18160.990919
-0.21,210,18161.672718
-0.21,210,18182.271085
-0.21,210,18183.013307
-0.21,210,18203.754663
-0.21,210,18204.558184
-0.21,210,18224.001478
-0.21,210,18224.931885
-0.21,210,18225.627479
-0.21,210,18246.582528
-0.21,210,18247.319529
0.939,61,18247.504935
-0.21,210,18267.324225
-0.21,210,18268.102061
-0.21,210,18286.046052
0.8431,157,18286.728532
-0.21,210,18287.480856
-0.21,210,18310.249189
-0.21,210,18311.015201
-0.21,210,18332.854814
-0.21,210,18333.760204
-0.21,210,18334.484199
-0.21,210,18355.55351
-0.21,210,18356.30988
-0.21,210,18377.09997
-0.21,210,18377.852749
-0.21,210,18397.054991
-0.21,210,18398.000451
-0.21,210,18398.875003
0.8494,151,18419.533373
-0.21,210,18420.357974
0.9606,40,18420.508701
-0.21,210,18441.189535
-0.21,210,18442.119881
-0.21,210,18442.819356
-0.21,210,18463.243963
-0.21,210,18464.202066
0.9315,69,18464.491614
-0.21,210,18485.876986
-0.21,210,18486.713321
-0.21,210,18506.274608
0.9768,24,18506.378927
0.8367,164,18507.028043
-0.21,210,18507.721569
-0.21,210,18527.486305
-0.21,210,18528.225642
0.9923,8,18528.259612
-0.21,210,18548.150048
-0.21,210,18548.895586
-0.21,210,18570.085323
-0.21,210,18570.964422
-0.21,210,18571.745305
-0.21,210,18592.143494
-0.21,210,18592.97326
-0.21,210,18612.661088
-0.21,210,18613.455363
0.977,23,18613.545177
-0.21,210,18633.271092
0.9742,26,18633.475865
0.9887,12,18633.562401
-0.21,210,18634.767478
-0.21,210,18635.999769
-0.21,210,18658.307394
-0.21,210,18659.259035
-0.21,210,18686.839356
-0.21,210,18688.040218
-0.21,210,18715.197384
-0.21,210,18716.361861
-0.21,210,18717.605406
-0.21,210,18739.965589
0.9937,7,18740.005076
-0.21,210,18741.092588
-0.21,210,18767.92699
-0.21,210,18768.945057
-0.21,210,18790.507362
0.9839,17,18790.619469
-0.21,210,18791.541883
-0.21,210,18792.199982
-0.21,210,18812.242598
-0.21,210,18812.991573
0.9953,5,18813.015643
-0.21,210,18835.938426
-0.21,210,18836.700078
-0.21,210,18858.361279
-0.21,210,18859.298986
-0.21,210,18860.012538
0.8168,184,18880.21521
-0.21,210,18880.944355
-0.21,210,18902.674317
0.9881,12,18902.758222
-0.21,210,18903.629513
-0.21,210,18904.351651
-0.21,210,18928.92752
0.99,10,18929.021277
-0.21,210,18930.168061
-0.21,210,18951.605645
-0.21,210,18952.617908
-0.21,210,18973.5978
-0.21,210,18974.630247
-0.21,210,18975.582062
-0.21,210,18994.577211
-0.21,210,18995.497621
-0.21,210,19014.965513
-0.21,210,19015.950094
-0.21,210,19016.939172
-0.21,210,19038.250861
0.7911,209,19039.256095
0.8917,109,19059.659331
-0.21,210,19060.737105
-0.21,210,19061.665713
0.9864,14,19061.725174
-0.21,210,19082.877115
0.7938,207,19083.692431
-0.21,210,19106.424922
-0.21,210,19107.43205
-0.21,210,19108.304227
-0.21,210,19129.140412
-0.21,210,19130.215541
0.9913,9,19130.287957
-0.21,210,19158.832551
-0.21,210,19160.193098
-0.21,210,19188.304109
-0.21,210,19189.493449
-0.21,210,19190.581215
0.992,8,19190.628209
0.9829,18,19215.869918
-0.21,210,19216.987223
-0.21,210,19217.88768
-0.21,210,19242.261492
-0.21,210,19243.142937
0.9892,11,19243.19108
-0.21,210,19265.087034
0.9931,7,19265.145892
-0.21,210,19266.298693
-0.21,210,19267.532492
-0.21,210,19289.731496
-0.21,210,19290.984505
-0.21,210,19312.809981
0.9422,58,19313.068304
-0.21,210,19313.989392
-0.21,210,19335.683562
-0.21,210,19336.503887
-0.21,210,19356.757193
-0.21,210,19357.68963
-0.21,210,19358.507068
-0.21,210,19380.851396
0.8229,178,19381.559887
-0.21,210,19401.785229
-0.21,210,19402.724251
-0.21,210,19403.656699
0.9742,26,19403.784393
-0.21,210,19423.103085
-0.21,210,19424.250972
-0.21,210,19445.770522
-0.21,210,19446.601765
-0.21,210,19466.922971
-0.21,210,19468.085507
-0.21,210,19469.398296
-0.21,210,19491.681273
-0.21,210,19492.774699
-0.21,210,19517.104274
-0.21,210,19518.086149
-0.21,210,19537.473693
-0.21,210,19538.46151
-0.21,210,19539.396378
-0.21,210,19561.47206
-0.21,210,19562.347502
-0.21,210,19581.738154
-0.21,210,19582.627855
-0.21,210,19583.317546
-0.21,210,19603.381106
-0.21,210,19604.135614
0.9532,47,19604.366752
-0.21,210,19625.473768
-0.21,210,19626.363104
-0.21,210,19648.888179
0.7968,204,19649.841543
-0.21,210,19650.785869
-0.21,210,19674.883415
0.9944,6,19674.933908
-0.21,210,19676.170896
-0.21,210,19697.245695
-0.21,210,19698.178095
0.8471,153,19698.890366
-0.21,210,19719.634963
-0.21,210,19720.542062
-0.21,210,19740.191714
-0.21,210,19741.066511
-0.21,210,19762.321497
-0.21,210,19763.26221
-0.21,210,19763.99549
0.8701,130,19785.310749
0.9955,5,19785.340953
-0.21,210,19786.333513
-0.21,210,19808.956318
-0.21,210,19810.210245
-0.21,210,19811.457846
-0.21,210,19837.243315
-0.21,210,19838.465533
-0.21,210,19859.036295
-0.21,210,19859.936584
-0.21,210,19860.728348
-0.21,210,19882.509215
-0.21,210,19883.305712
-0.21,210,19904.594226
-0.21,210,19905.4027
-0.21,210,19929.257196
0.9537,47,19929.558529
-0.21,210,19930.602733
-0.21,210,19931.798856
-0.21,210,19954.288068
-0.21,210,19955.032948
-0.21,210,19976.603352
-0.21,210,19977.916272
-0.21,210,19998.35487
-0.21,210,19999.298561
-0.21,210,20000.136365
0.9944,6,20000.17479
-0.21,210,20018.859496
0.859,141,20019.419041
-0.21,210,20041.179479
-0.21,210,20042.067736
-0.21,210,20042.853122
-0.21,210,20063.322401
-0.21,210,20064.236938
-0.21,210,20084.78907
-0.21,210,20085.638407
-0.21,210,20107.46992
-0.21,210,20108.470417
-0.21,210,20109.196549
-0.21,210,20130.984826
-0.21,210,20131.773925
-0.21,210,20155.942939
-0.21,210,20156.886775
-0.21,210,20157.760712
-0.21,210,20181.293535
-0.21,210,20182.531066
-0.21,210,20205.15447
0.8628,138,20205.691303
0.8709,130,20206.08949
-0.21,210,20227.813325
-0.21,210,20228.636132
-0.21,210,20249.054055
-0.21,210,20250.027213
-0.21,210,20250.794022
-0.21,210,20270.595222
-0.21,210,20271.489341
-0.21,210,20293.563154
-0.21,210,20294.415325
-0.21,210,20295.103774
-0.21,210,20315.899639
0.8838,117,20316.354984
-0.21,210,20337.990935
-0.21,210,20338.916939
-0.21,210,20339.72268
-0.21,210,20361.088678
-0.21,210,20361.852366
-0.21,210,20383.166009
-0.21,210,20384.011267
-0.21,210,20384.696199
-0.21,210,20404.708033
-0.21,210,20405.451159
-0.21,210,20425.7358
-0.21,210,20426.523272
-0.21,210,20447.146484
-0.21,210,20448.029626
-0.21,210,20448.714535
-0.21,210,20470.525055
-0.21,210,20471.585467
-0.21,210,20493.185218
0.8434,157,20494.075816
-0.21,210,20495.144439
-0.21,210,20515.94866
-0.21,210,20516.862493
-0.21,210,20538.960558
0.881,119,20539.486758
-0.21,210,20540.434051
-0.21,210,20561.445412
-0.21,210,20562.271929
-0.21,210,20582.723573
-0.21,210,20583.677842
-0.21,210,20584.41222
0.9118,89,20604.993755
-0.21,210,20605.902279
-0.21,210,20606.672527
-0.21,210,20628.703172
0.9499,51,20628.900599
-0.21,210,20629.625471
-0.21,210,20648.60932
-0.21,210,20649.421846
0.9931,7,20649.454902
-0.21,210,20671.1803
-0.21,210,20672.026751
-0.21,210,20672.725905
-0.21,210,20695.087617
-0.21,210,20695.87772
-0.21,210,20718.377356
-0.21,210,20719.184259
-0.21,210,20740.113496
-0.21,210,20741.015491
-0.21,210,20741.785588
-0.21,210,20764.333632
-0.21,210,20765.091894
0.9354,65,20765.301962
-0.21,210,20786.115575
-0.21,210,20786.95007
-0.21,210,20808.303578
0.9891,11,20808.353868
-0.21,210,20809.205727
0.981,19,20809.289889
-0.21,210,20831.146591
0.8048,196,20832.041911
-0.21,210,20832.86865
-0.21,210,20855.229183
-0.21,210,20856.172686
-0.21,210,20878.76019
-0.21,210,20879.603476
-0.21,210,20880.310535
-0.21,210,20901.198502
-0.21,210,20901.943643
-0.21,210,20924.494833
-0.21,210,20925.382973
-0.21,210,20949.282944
-0.21,210,20950.295695
-0.21,210,20951.453824
-0.21,210,20980.782699
-0.21,210,20981.956303
0.9912,9,20982.017878
-0.21,210,21010.184473
-0.21,210,21011.411624
0.9572,43,21011.681336
-0.21,210,21038.461572
0.9895,11,21038.545745
-0.21,210,21039.534772
-0.21,210,21040.336555
-0.21,210,21060.751316
-0.21,210,21061.585492
-0.21,210,21080.653701
0.9932,7,21080.6984
-0.21,210,21081.62916
0.9929,8,21081.67639
-0.21,210,21100.494463
-0.21,210,21101.374727
-0.21,210,21102.071951
-0.21,210,21123.480803
-0.21,210,21124.244992
-0.21,210,21143.918387
0.9972,3,21143.932422
0.8982,102,21144.380925
-0.21,210,21145.204736
0.9881,12,21145.253504
-0.21,210,21165.697471
-0.21,210,21166.520179
-0.21,210,21188.633293
-0.21,210,21189.504148
-0.21,210,21190.1568
-0.21,210,21210.400017
-0.21,210,21211.139289
-0.21,210,21232.290287
-0.21,210,21233.182441
-0.21,210,21253.669088
-0.21,210,21254.633614
-0.21,210,21255.373343
-0.21,210,21277.663216
-0.21,210,21278.667093
-0.21,210,21301.608756
-0.21,210,21302.431735
-0.21,210,21303.234077
-0.21,210,21332.009274
-0.21,210,21332.865388
-0.21,210,21353.434354
-0.21,210,21354.24829
0.9847,16,21354.308155
-0.21,210,21375.537155
-0.21,210,21376.396028
-0.21,210,21377.124208
-0.21,210,21397.04966
-0.21,210,21397.841419
-0.21,210,21418.433476
-0.21,210,21419.197233
-0.21,210,21441.282354
0.9972,3,21441.31734
0.8022,198,21442.175964
-0.21,210,21442.935473
-0.21,210,21464.345919
-0.21,210,21465.123621
-0.21,210,21486.301685
-0.21,210,21487.128948
-0.21,210,21487.909241
-0.21,210,21510.092238
-0.21,210,21511.002879
-0.21,210,21532.757588
0.991,9,21532.803695
0.9902,10,21532.853951
-0.21,210,21533.794323
-0.21,210,21556.210432
-0.21,210,21557.182935
-0.21,210,21558.174343
-0.21,210,21579.260229
0.9615,39,21579.436854
-0.21,210,21580.33383
-0.21,210,21605.904518
-0.21,210,21606.837333
-0.21,210,21631.124094
-0.21,210,21632.084245
-0.21,210,21633.025308
-0.21,210,21655.361716
-0.21,210,21656.167174
-0.21,210,21677.626856
-0.21,210,21678.454829
-0.21,210,21700.542464
-0.21,210,21701.432189
-0.21,210,21702.216215
-0.21,210,21723.957603
-0.21,210,21724.857462
-0.21,210,21746.34284
-0.21,210,21747.204056
-0.21,210,21767.743874
-0.21,210,21768.661451
0.8158,185,21769.355669
-0.21,210,21790.333765
-0.21,210,21791.115824
-0.21,210,21812.265509
-0.21,210,21813.147232
-0.21,210,21813.967114
-0.21,210,21835.888811
-0.21,210,21836.639147
0.9738,27,21836.749236
-0.21,210,21858.955587
-0.21,210,21859.853732
-0.21,210,21882.287913
0.8973,103,21882.828939
-0.21,210,21883.863057
-0.21,210,21907.045138
-0.21,210,21907.985605
-0.21,210,21908.904671
-0.21,210,21930.063977
-0.21,210,21930.975963
-0.21,210,21953.495215
-0.21,210,21954.353012
-0.21,210,21976.125246
-0.21,210,21977.045252
-0.21,210,21977.802968
-0.21,210,22002.624784
-0.21,210,22003.830031
-0.21,210,22026.335634
-0.21,210,22027.204427
-0.21,210,22028.083958
0.8134,187,22051.161982
-0.21,210,22051.916233
0.9931,7,22051.949674
0.9905,10,22051.989301
-0.21,210,22072.870382
-0.21,210,22073.693466
-0.21,210,22094.576603
-0.21,210,22095.454078
-0.21,210,22096.222265
-0.21,210,22117.909336
-0.21,210,22118.825895
0.9284,72,22119.133824
-0.21,210,22141.200187
-0.21,210,22141.958998
-0.21,210,22163.540843
0.9931,7,22163.583392
-0.21,210,22164.570249
-0.21,210,22183.501045
-0.21,210,22184.477293
0.9962,4,22184.502781
-0.21,210,22185.281339
-0.21,210,22204.942688
-0.21,210,22205.771869
-0.21,210,22227.794561
-0.21,210,22228.754453
0.9949,6,22228.798991
0.917,83,22229.164045
-0.21,210,22250.018758
-0.21,210,22250.927679
-0.21,210,22251.681577
0.9781,22,22270.098667
-0.21,210,22271.106527
-0.21,210,22272.092672
-0.21,210,22294.284852
-0.21,210,22295.264351
-0.21,210,22317.474183
-0.21,210,22318.339602
-0.21,210,22319.056622
-0.21,210,22341.649645
-0.21,210,22342.335397
-0.21,210,22370.481793
-0.21,210,22371.535415
0.8022,198,22391.662226
-0.21,210,22392.576908
-0.21,210,22393.280331
-0.21,210,22415.276776
-0.21,210,22416.019306
-0.21,210,22437.82274
-0.21,210,22438.757251
0.9124,88,22439.150547
-0.21,210,22460.618181
-0.21,210,22461.440495
-0.21,210,22483.25692
-0.21,210,22484.305258
-0.21,210,22485.17398
-0.21,210,22506.947172
-0.21,210,22507.680079
0.9103,90,22507.956267
-0.21,210,22529.567471
-0.21,210,22530.321111
-0.21,210,22549.650609
-0.21,210,22550.501498
-0.21,210,22551.192938
-0.21,210,22570.285365
0.9768,24,22570.392258
-0.21,210,22571.156919
0.968,32,22571.266115
0.939,61,22591.181339
-0.21,210,22592.150922
0.8093,191,22592.81057
-0.21,210,22612.210468
-0.21,210,22612.994137
-0.21,210,22634.876586
-0.21,210,22635.747765
-0.21,210,22636.47957
-0.21,210,22657.801473
-0.21,210,22658.611088
-0.21,210,22680.092073
0.9942,6,22680.131565
-0.21,210,22680.941244
-0.21,210,22698.93655
0.9253,75,22699.304478
-0.21,210,22700.141457
-0.21,210,22720.938954
-0.21,210,22722.043465
-0.21,210,22723.057836
-0.21,210,22747.853169
0.9706,30,22747.983891
-0.21,210,22748.839381
-0.21,210,22772.050404
-0.21,210,22772.854848
-0.21,210,22792.168648
-0.21,210,22793.154673
-0.21,210,22794.090608
-0.21,210,22814.480397
-0.21,210,22815.245363
-0.21,210,22836.853781
-0.21,210,22837.682235
-0.21,210,22838.333795
-0.21,210,22860.054495
-0.21,210,22860.819622
0.9961,4,22860.842779
-0.21,210,22882.847836
-0.21,210,22883.599919
-0.21,210,22904.271624
-0.21,210,22905.113325
-0.21,210,22905.770636
-0.21,210,22927.489752
0.9961,4,22927.51598
-0.21,210,22928.270254
-0.21,210,22948.736992
0.9855,15,22948.811227
-0.21,210,22949.697982
-0.21,210,22968.951683
-0.21,210,22969.848639
0.9064,94,22970.191142
-0.21,210,22990.539529
-0.21,210,22991.375983
-0.21,210,22992.040902
-0.21,210,23013.209228
0.8893,111,23013.631586
-0.21,210,23014.2942
-0.21,210,23034.67641
-0.21,210,23035.344166
-0.21,210,23057.811905
-0.21,210,23058.664459
-0.21,210,23080.495875
0.9815,19,23080.603608
-0.21,210,23081.515982
-0.21,210,23082.18973
-0.21,210,23103.49391
-0.21,210,23104.180619
-0.21,210,23125.206939
-0.21,210,23126.014455
-0.21,210,23147.869707
0.8991,101,23148.324569
-0.21,210,23149.202335
-0.21,210,23168.587958
-0.21,210,23169.501435
-0.21,210,23170.156737
-0.21,210,23198.409917
-0.21,210,23199.459046
-0.21,210,23227.079216
0.9481,52,23227.289438
-0.21,210,23228.069035
-0.21,210,23251.199874
-0.21,210,23252.333426
-0.21,210,23282.445307
0.8645,136,23283.162287
-0.21,210,23283.9062
-0.21,210,23306.089298
-0.21,210,23306.92259
-0.21,210,23307.68413
-0.21,210,23332.131482
-0.21,210,23333.350963
-0.21,210,23362.72852
-0.21,210,23363.924902
-0.21,210,23389.158467
-0.21,210,23390.345858
0.9069,94,23390.892732
-0.21,210,23419.835372
-0.21,210,23420.756779
-0.21,210,23421.589496
-0.21,210,23446.271793
-0.21,210,23447.471295
0.9227,78,23447.919638
-0.21,210,23474.744101
-0.21,210,23475.781872
0.971,29,23475.953319
0.9895,11,23476.018782
-0.21,210,23503.75248
-0.21,210,23504.882733
-0.21,210,23527.491663
-0.21,210,23528.369871
-0.21,210,23529.15447
-0.21,210,23549.945523
-0.21,210,23550.966061
-0.21,210,23572.995739
-0.21,210,23573.83177
-0.21,210,23595.020796
-0.21,210,23595.976694
-0.21,210,23596.632193
-0.21,210,23617.058291
-0.21,210,23617.802043
-0.21,210,23639.154462
-0.21,210,23639.99429
0.975,25,23640.099213
-0.21,210,23659.750321
-0.21,210,23660.763259
-0.21,210,23661.498447
-0.21,210,23683.061682
0.8478,153,23683.655424
-0.21,210,23708.515934
-0.21,210,23709.468864
0.9833,17,23709.538981
-0.21,210,23710.262695
-0.21,210,23734.588849
-0.21,210,23735.739415
-0.21,210,23760.786086
-0.21,210,23761.88654
-0.21,210,23763.112735
-0.21,210,23792.714959
-0.21,210,23793.923514
-0.21,210,23820.632822
-0.21,210,23821.464615
0.977,23,23821.565424
0.9952,5,23821.589739
-0.21,210,23842.330814
-0.21,210,23843.27383
0.9424,58,23843.536221
-0.21,210,23865.212957
-0.21,210,23866.074661
0.9568,44,23866.247052
0.9762,24,23866.3273
-0.21,210,23887.863264
-0.21,210,23888.809721
-0.21,210,23889.747681
-0.21,210,23910.984112
0.8256,175,23911.709397
-0.21,210,23933.382488
0.9325,68,23933.738142
-0.21,210,23934.688787
-0.21,210,23956.112637
-0.21,210,23957.015943
-0.21,210,23957.927593
-0.21,210,23980.634019
-0.21,210,23981.342754
0.9972,3,23981.357618
-0.21,210,24001.566551
0.7946,206,24002.446274
-0.21,210,24023.202587
-0.21,210,24024.158776
-0.21,210,24024.9244
-0.21,210,24046.008928
-0.21,210,24046.829487
-0.21,210,24068.526221
-0.21,210,24069.391192
0.9829,18,24069.459202
-0.21,210,24070.154204
-0.21,210,24090.970224
-0.21,210,24091.84085
-0.21,210,24113.510087
-0.21,210,24114.359391
-0.21,210,24134.19656
0.9455,55,24134.459544
-0.21,210,24135.321004
-0.21,210,24155.618445
-0.21,210,24156.575099
-0.21,210,24157.41742
-0.21,210,24177.561136
-0.21,210,24178.356758
-0.21,210,24198.88012
-0.21,210,24199.705373
-0.21,210,24200.438861
0.951,49,24220.211092
-0.21,210,24221.1408
-0.21,210,24221.946043
0.9915,9,24221.98777
0.9025,98,24246.620628
0.9929,8,24246.67627
-0.21,210,24247.620038
-0.21,210,24248.411517
-0.21,210,24269.725687
-0.21,210,24270.454383
-0.21,210,24292.756629
-0.21,210,24293.587343
-0.21,210,24313.083221
-0.21,210,24313.973571
0.9785,22,24314.076156
-0.21,210,24314.909797
-0.21,210,24338.452049
-0.21,210,24339.92263
0.9897,11,24339.996874
-0.21,210,24366.180969
0.9929,8,24366.226841
0.9905,10,24366.27792
0.9842,16,24366.360913
-0.21,210,24367.332843
0.9696,31,24367.492456
-0.21,210,24391.293451
-0.21,210,24392.215761
-0.21,210,24417.086393
0.9917,9,24417.15636
0.8132,187,24418.250216
-0.21,210,24419.258494
0.9494,51,24419.474901
0.9204,80,24445.313405
-0.21,210,24446.466496
0.9133,87,24446.903788
0.979,21,24447.007331
-0.21,210,24468.218796
-0.21,210,24469.066935
-0.21,210,24490.565078
-0.21,210,24491.513955
-0.21,210,24492.290947
0.9158,85,24512.322418
-0.21,210,24513.323979
-0.21,210,24514.12318
-0.21,210,24541.403224
-0.21,210,24542.448009
-0.21,210,24565.718093
-0.21,210,24566.720052
-0.21,210,24567.842509
-0.21,210,24593.040761
-0.21,210,24594.12339
