#{"t_start": 1721182967.8393104, "env_id": "VizdoomDefendLine-v0"}
r,l,t
5.0,119,0.880286
3.0,89,0.950907
13.0,163,1.080921
20.0,301,1.320245
9.0,154,1.442058
8.0,142,1.555515
9.0,158,1.681234
10.0,136,1.789305
9.0,132,1.893942
5.0,107,1.978796
9.0,168,2.111701
12.0,184,2.257401
12.0,183,2.400524
7.0,89,3.027594
9.0,158,3.156232
9.0,120,3.253943
14.0,250,3.455206
6.0,96,3.533104
13.0,222,3.712346
5.0,101,3.793133
7.0,137,3.903804
8.0,156,4.02832
10.0,164,4.160887
10.0,144,4.278888
15.0,274,4.49832
10.0,150,4.972489
16.0,196,5.131768
7.0,136,5.240466
9.0,145,5.357361
15.0,195,5.515931
10.0,151,5.638811
9.0,155,6.832695
5.0,86,6.903975
10.0,138,7.015588
19.0,228,7.20098
14.0,154,7.326065
5.0,100,7.406608
13.0,204,7.570511
12.0,138,7.683515
13.0,169,8.17336
7.0,109,8.261777
6.0,106,8.348711
6.0,96,8.428128
15.0,155,8.554405
12.0,151,8.677625
20.0,235,8.869458
15.0,218,9.047047
18.0,203,9.212834
20.0,212,9.385494
20.0,228,9.570861
14.0,173,9.712337
10.0,138,10.177401
13.0,145,10.295342
23.0,236,10.486637
12.0,129,10.591769
15.0,166,10.72666
13.0,133,10.835231
7.0,90,10.908612
18.0,236,11.099865
15.0,164,11.233299
17.0,185,11.383919
10.0,113,11.476204
19.0,194,12.934219
13.0,140,13.400557
13.0,155,13.526734
8.0,108,13.615108
14.0,147,13.734581
17.0,212,13.906599
16.0,186,14.057111
13.0,131,14.163714
19.0,183,14.31159
22.0,262,14.523179
14.0,160,14.653144
14.0,171,14.792113
18.0,192,14.947622
18.0,187,15.450828
33.0,395,15.769335
22.0,252,15.973042
24.0,304,16.218195
15.0,151,16.340597
10.0,126,16.442992
21.0,215,16.617031
19.0,202,16.780956
11.0,117,16.876253
17.0,179,17.021454
12.0,126,17.46977
15.0,142,17.585137
20.0,217,17.761005
19.0,191,17.915705
23.0,224,19.238666
18.0,200,19.400807
14.0,124,19.502604
19.0,195,19.660956
18.0,177,19.80502
7.0,83,19.873046
17.0,179,20.018554
12.0,105,20.104567
14.0,135,20.214667
27.0,305,20.791908
17.0,163,20.923935
25.0,239,21.117021
14.0,175,21.259094
17.0,164,21.39211
17.0,180,21.538128
19.0,202,21.701552
25.0,275,21.924064
17.0,152,22.047364
16.0,160,22.177986
19.0,202,22.693858
18.0,184,22.842952
11.0,120,22.940953
16.0,153,23.065647
14.0,143,23.182154
25.0,266,23.397433
24.0,230,23.583781
16.0,169,23.721295
23.0,244,25.080224
12.0,126,25.182903
12.0,133,25.29101
17.0,159,25.771475
21.0,203,25.936464
22.0,252,26.140266
22.0,237,26.332584
16.0,160,26.462618
30.0,327,26.726574
24.0,259,26.936637
19.0,201,27.100126
22.0,217,27.27705
17.0,157,27.756107
11.0,117,27.851658
24.0,215,28.025365
10.0,101,28.108006
24.0,222,28.287648
13.0,133,28.396245
14.0,132,28.503742
32.0,339,28.77811
15.0,144,28.895283
15.0,135,29.004961
11.0,110,29.095037
16.0,176,29.238349
16.0,143,29.354465
19.0,181,29.853435
22.0,204,30.018597
18.0,192,31.480716
17.0,192,31.636862
15.0,162,31.769013
18.0,180,31.914734
20.0,175,32.056165
23.0,232,32.244325
17.0,170,32.382247
19.0,182,32.529498
24.0,211,32.700286
28.0,303,33.300028
15.0,128,33.403893
20.0,178,33.54756
17.0,147,33.66708
20.0,172,33.805961
12.0,108,33.893837
20.0,187,34.045058
27.0,275,34.267259
8.0,77,34.330256
26.0,307,34.578081
20.0,188,34.729881
14.0,146,35.201435
19.0,165,35.335906
19.0,187,35.487791
30.0,283,35.716921
36.0,373,36.019202
23.0,203,37.844257
30.0,286,38.076139
24.0,253,38.281099
19.0,189,38.786677
9.0,75,38.848316
24.0,223,39.028491
21.0,194,39.185702
13.0,116,39.280045
24.0,243,39.476552
32.0,351,39.759704
20.0,186,39.910911
23.0,201,40.073679
14.0,126,40.176407
24.0,209,40.34613
20.0,205,40.860244
20.0,178,41.004333
18.0,167,41.139891
18.0,168,41.275997
19.0,167,41.411515
24.0,228,41.596518
18.0,190,41.751092
21.0,187,41.903077
22.0,197,42.062596
22.0,239,42.255902
14.0,136,42.366616
25.0,206,42.885482
15.0,135,44.554693
23.0,200,44.717031
38.0,417,45.054272
22.0,218,45.231742
18.0,174,45.372921
13.0,110,45.462866
25.0,225,45.645551
19.0,173,45.78616
15.0,142,45.90196
26.0,224,46.435363
26.0,229,46.619783
24.0,271,46.837548
11.0,128,46.940712
30.0,302,47.184025
15.0,113,47.276044
22.0,199,47.43736
10.0,130,47.542467
18.0,166,47.67677
16.0,146,47.795389
23.0,226,47.977995
13.0,145,48.447994
22.0,201,48.610949
21.0,207,48.778399
31.0,302,49.021282
24.0,221,49.200211
17.0,190,50.695554
22.0,198,50.856237
14.0,142,50.971741
25.0,232,51.159455
14.0,143,51.275804
28.0,287,51.857491
26.0,256,52.064631
31.0,300,52.307611
30.0,324,52.569901
20.0,183,52.719158
13.0,141,52.833937
15.0,165,52.968539
27.0,255,53.175135
16.0,146,53.29408
24.0,201,53.809147
24.0,239,54.002369
19.0,221,54.181282
26.0,244,54.378426
21.0,173,54.518508
25.0,258,54.726579
19.0,147,54.84577
23.0,193,55.001418
17.0,174,55.143125
27.0,271,56.862651
34.0,329,57.480139
24.0,237,57.671812
14.0,122,57.771012
21.0,193,57.92739
23.0,227,58.111243
27.0,236,58.30196
13.0,115,58.39586
29.0,322,58.656973
19.0,191,58.811945
28.0,238,59.355691
17.0,149,59.476585
19.0,171,59.614931
25.0,203,59.778857
29.0,289,60.011672
25.0,245,60.209656
10.0,97,60.288993
26.0,235,60.479061
19.0,191,60.634181
23.0,226,60.817751
24.0,228,61.354136
26.0,234,61.544249
23.0,216,61.719485
27.0,294,63.598938
28.0,262,63.811722
19.0,170,63.949812
24.0,235,64.14102
25.0,238,64.333709
17.0,152,64.457122
16.0,125,64.558816
29.0,245,65.108955
22.0,201,65.271437
33.0,308,65.520059
20.0,164,65.653155
25.0,216,65.827906
23.0,210,65.997718
26.0,241,66.193153
30.0,328,66.457974
22.0,218,66.986863
10.0,94,67.063942
25.0,231,67.250802
25.0,239,67.444139
30.0,297,67.683827
12.0,115,67.777413
22.0,202,67.941383
21.0,182,68.089155
12.0,124,68.189055
30.0,289,69.968732
32.0,285,70.550114
27.0,276,70.772592
21.0,190,70.925826
27.0,241,71.120726
34.0,315,71.375399
23.0,179,71.520498
16.0,146,71.639262
23.0,198,71.799217
20.0,174,71.940876
30.0,267,72.512263
25.0,246,72.711681
23.0,194,72.868339
31.0,289,73.101693
26.0,243,73.298172
18.0,151,73.420663
16.0,141,73.535328
29.0,265,73.749822
23.0,200,73.911569
31.0,293,74.14858
18.0,169,74.637712
17.0,139,74.750273
10.0,97,74.82953
24.0,196,74.988061
39.0,417,76.672805
19.0,167,76.808295
12.0,90,76.882159
23.0,182,77.030134
20.0,189,77.184129
28.0,233,77.374162
19.0,181,77.87324
28.0,244,78.070544
18.0,185,78.221027
28.0,259,78.430845
27.0,271,78.650565
25.0,224,78.83236
13.0,127,78.936402
27.0,244,79.134129
26.0,220,79.311933
24.0,236,79.503948
21.0,207,80.023377
23.0,191,80.177896
30.0,288,80.410388
25.0,205,80.576872
18.0,146,80.695235
24.0,224,80.876336
31.0,278,81.10147
19.0,175,82.857054
25.0,190,83.01115
26.0,244,83.559598
27.0,226,83.742024
33.0,342,84.017988
25.0,231,84.204564
17.0,148,84.325224
21.0,163,84.457814
33.0,283,84.686953
26.0,223,84.867674
26.0,233,85.056824
28.0,258,85.616628
19.0,166,85.750832
18.0,167,85.886035
19.0,174,86.026476
17.0,234,86.212264
30.0,257,86.419349
29.0,300,86.66169
29.0,270,86.879293
27.0,243,87.07583
26.0,227,87.612656
16.0,123,87.712603
34.0,323,89.465751
22.0,204,89.631158
18.0,154,89.757081
31.0,330,90.024983
24.0,215,90.19934
13.0,118,90.295804
25.0,232,90.48463
24.0,193,90.641395
28.0,255,91.201142
31.0,292,91.437636
25.0,228,91.622937
19.0,168,91.760126
24.0,241,91.955583
37.0,341,92.231068
25.0,204,92.397127
19.0,180,92.543716
23.0,223,93.077659
30.0,262,93.289388
29.0,256,93.496011
23.0,197,93.655747
20.0,171,93.794103
21.0,193,93.95202
26.0,235,95.617264
22.0,235,95.806592
29.0,277,96.031797
18.0,148,96.152807
30.0,267,96.72129
24.0,210,96.891423
25.0,214,97.064785
24.0,193,97.22138
18.0,156,97.34866
25.0,227,97.533121
31.0,280,97.759973
35.0,345,98.039503
24.0,195,98.550016
22.0,178,98.693745
21.0,174,98.834356
24.0,187,98.985451
31.0,256,99.192932
30.0,256,99.400484
23.0,221,99.579905
14.0,138,99.692454
24.0,184,99.841564
17.0,173,99.982454
23.0,210,100.152534
28.0,233,101.988563
18.0,154,102.11416
38.0,342,102.390632
24.0,224,102.572393
31.0,286,102.80373
27.0,248,103.004708
26.0,233,103.193761
35.0,338,103.467881
31.0,315,104.073273
26.0,244,104.270467
24.0,228,104.455812
21.0,188,104.608581
20.0,172,104.748746
20.0,176,104.891856
29.0,270,105.110759
27.0,228,105.295187
29.0,270,105.514117
31.0,290,106.100608
30.0,255,106.306492
21.0,190,106.459999
25.0,210,106.629364
33.0,285,108.451949
29.0,241,108.647867
26.0,253,108.853113
20.0,191,109.008138
30.0,320,109.617541
15.0,127,109.720821
23.0,168,109.856731
24.0,236,110.047251
14.0,175,110.185948
25.0,250,110.38774
26.0,232,110.574532
17.0,127,110.67749
26.0,218,110.853624
21.0,210,111.023546
17.0,146,111.495248
15.0,126,111.597921
26.0,234,111.787135
24.0,201,111.949901
19.0,152,112.072882
32.0,286,112.305837
23.0,192,112.46155
27.0,262,112.674214
30.0,290,112.908271
25.0,219,114.549462
29.0,269,115.12061
32.0,279,115.347006
26.0,257,115.555616
18.0,179,115.700977
18.0,154,115.826694
33.0,285,116.057767
24.0,167,116.193912
27.0,244,116.391702
7.0,116,116.484556
25.0,189,116.990299
21.0,190,117.144962
18.0,148,117.26555
28.0,231,117.453105
28.0,256,117.660999
22.0,209,117.830585
24.0,206,117.997876
27.0,253,118.203307
30.0,262,118.415713
17.0,146,118.534918
31.0,280,119.114904
26.0,218,119.291917
29.0,272,119.512411
22.0,187,121.185553
32.0,326,121.450126
20.0,170,121.588508
29.0,264,121.802579
25.0,196,121.961658
29.0,248,122.163745
31.0,280,122.742974
26.0,211,122.91342
28.0,252,123.117221
23.0,210,123.288095
25.0,228,123.47376
28.0,233,123.662174
15.0,130,123.76686
25.0,211,123.937874
18.0,142,124.053289
31.0,280,124.631129
30.0,296,124.870299
28.0,282,125.098108
26.0,254,125.304327
24.0,201,125.467264
18.0,139,125.579928
27.0,260,125.789829
21.0,203,127.574482
28.0,259,127.7838
20.0,192,128.291305
27.0,223,128.472286
28.0,232,128.659834
24.0,191,128.814762
22.0,194,128.971901
28.0,279,129.197802
28.0,261,129.409081
26.0,261,129.620338
21.0,195,129.778465
29.0,262,130.342549
13.0,146,130.461538
26.0,224,130.642179
36.0,363,130.935081
25.0,230,131.121193
30.0,302,131.365547
21.0,179,131.510483
27.0,231,131.697882
26.0,253,132.253885
15.0,166,132.388677
25.0,237,132.58136
25.0,228,134.517104
24.0,197,134.676933
31.0,254,134.882661
25.0,226,135.066289
29.0,285,135.297256
14.0,109,135.386567
20.0,180,135.533161
37.0,336,136.155303
24.0,214,136.328326
29.0,264,136.542199
23.0,216,136.717688
27.0,289,136.951475
19.0,177,137.095926
33.0,311,137.347462
24.0,231,137.534268
28.0,242,138.082388
11.0,113,138.174738
27.0,242,138.370588
27.0,258,138.578536
25.0,218,138.754812
31.0,248,138.955222
25.0,232,140.72531
25.0,188,140.877901
27.0,257,141.086103
27.0,217,141.61436
37.0,367,141.909626
31.0,287,142.141439
24.0,210,142.311034
24.0,217,142.486006
28.0,250,142.688162
19.0,167,142.823181
11.0,125,142.92279
25.0,246,143.121835
24.0,204,143.639461
31.0,279,143.864635
29.0,251,144.067458
28.0,238,144.260225
25.0,228,144.445032
16.0,128,144.549565
25.0,195,144.707597
24.0,205,144.874099
20.0,174,145.0159
37.0,340,145.642757
18.0,175,145.785038
24.0,211,147.421224
31.0,287,147.654186
23.0,204,147.820193
28.0,247,148.020529
26.0,210,148.190956
22.0,220,148.369566
26.0,200,148.532128
41.0,442,149.242097
23.0,214,149.415834
21.0,166,149.550392
37.0,360,149.841197
24.0,228,150.024132
26.0,257,150.232033
25.0,222,150.411809
34.0,314,150.665334
22.0,204,151.182563
24.0,205,151.348316
28.0,216,151.522322
15.0,120,151.62
28.0,247,151.819475
21.0,179,151.964206
33.0,319,153.744115
24.0,204,153.909566
20.0,173,154.050027
33.0,320,154.661975
23.0,218,154.838414
20.0,181,154.985284
22.0,211,155.156545
24.0,210,155.327222
26.0,206,155.494304
30.0,241,155.689622
26.0,236,155.880891
23.0,191,156.035846
25.0,227,156.220118
30.0,244,156.770243
20.0,184,156.919629
31.0,295,157.157826
24.0,234,157.347922
19.0,159,157.477691
28.0,285,157.709206
29.0,277,157.933304
22.0,197,158.094165
27.0,220,158.623974
29.0,287,160.464656
26.0,223,160.644334
30.0,300,160.886761
17.0,155,161.01276
26.0,228,161.19693
26.0,201,161.359314
36.0,355,161.646155
25.0,208,161.814138
22.0,179,162.311123
19.0,162,162.442228
12.0,112,162.533685
27.0,241,162.727858
21.0,187,162.878889
25.0,233,163.0674
39.0,365,163.361308
19.0,178,163.505021
22.0,181,163.65113
30.0,270,163.868762
23.0,206,164.390483
23.0,198,164.551641
39.0,367,164.848265
39.0,400,166.685127
27.0,235,166.875555
30.0,296,167.115113
31.0,293,167.351403
26.0,218,167.880527
33.0,351,168.164445
24.0,241,168.359396
24.0,240,168.554128
17.0,128,168.658447
23.0,206,168.825546
33.0,297,169.066204
21.0,171,169.205712
30.0,271,169.777265
21.0,181,169.923304
23.0,202,170.086122
12.0,104,170.17124
22.0,193,170.327578
20.0,174,170.468279
22.0,179,170.613099
13.0,113,170.704699
28.0,245,170.902436
23.0,183,171.050163
35.0,325,172.861104
22.0,190,173.367775
23.0,202,173.531355
30.0,286,173.762106
27.0,255,173.968371
22.0,183,174.116471
27.0,261,174.327411
33.0,278,174.550708
29.0,299,174.791213
29.0,287,175.377155
31.0,328,175.643335
9.0,80,175.709235
28.0,253,175.914504
16.0,163,176.047096
29.0,272,176.267601
27.0,263,176.481167
22.0,203,176.647248
25.0,227,176.831481
23.0,208,176.999508
31.0,287,177.582741
25.0,248,177.783302
31.0,284,179.495391
33.0,302,179.739759
25.0,214,179.912904
22.0,179,180.058132
31.0,290,180.292427
28.0,232,180.479898
27.0,220,181.010227
33.0,302,181.254396
26.0,233,181.443251
19.0,182,181.591082
28.0,257,181.799634
30.0,249,182.001531
29.0,268,182.218754
24.0,183,182.36755
17.0,126,182.470034
36.0,312,183.074531
27.0,243,183.271692
26.0,227,183.455443
24.0,221,183.633267
29.0,216,183.807789
29.0,235,183.99827
30.0,273,185.748462
26.0,210,185.91876
28.0,242,186.466739
30.0,268,186.683292
25.0,239,186.876719
28.0,257,187.084847
30.0,264,187.299343
24.0,199,187.460344
24.0,191,187.615112
19.0,176,187.758224
27.0,226,187.941303
21.0,203,188.457767
19.0,157,188.58533
25.0,225,188.766847
23.0,220,188.944493
31.0,286,189.175736
32.0,292,189.411445
27.0,260,189.621802
39.0,371,189.92106
31.0,261,190.483788
19.0,159,190.61275
28.0,233,190.800615
17.0,137,192.495139
23.0,191,192.64963
20.0,161,192.780351
30.0,281,193.007548
30.0,266,193.223143
27.0,240,193.416644
23.0,214,193.590081
22.0,170,194.080084
24.0,194,194.237195
32.0,292,194.473509
24.0,218,194.64972
20.0,186,194.800952
20.0,194,194.958054
19.0,167,195.093426
29.0,286,195.324939
27.0,215,195.499436
26.0,221,196.029949
40.0,377,196.33549
25.0,227,196.519864
19.0,177,196.664259
25.0,207,196.832982
23.0,225,197.015998
25.0,226,198.686975
21.0,182,198.834851
32.0,357,199.123784
21.0,191,199.631757
32.0,294,199.87012
36.0,349,200.151978
30.0,285,200.383109
22.0,188,200.536091
39.0,363,200.830672
28.0,270,201.049817
37.0,372,201.703038
21.0,190,201.856715
19.0,188,202.00903
27.0,273,202.230076
27.0,244,202.428534
28.0,257,202.637385
37.0,393,202.956027
35.0,345,203.587961
23.0,194,203.744958
23.0,210,205.605411
25.0,222,205.785697
21.0,182,205.933336
30.0,302,206.177578
29.0,263,206.390512
16.0,123,206.490972
17.0,161,206.621918
30.0,297,206.862701
20.0,155,207.340962
23.0,199,207.502063
15.0,140,207.615912
31.0,283,207.843576
18.0,151,207.966369
39.0,426,208.309325
28.0,281,208.537303
26.0,259,208.746989
23.0,224,209.281386
28.0,254,209.486563
27.0,234,209.674707
31.0,291,209.908642
20.0,177,210.051822
23.0,251,211.493305
27.0,261,211.704925
26.0,239,211.898865
24.0,250,212.102004
23.0,211,212.625471
29.0,272,212.845601
29.0,274,213.067159
24.0,219,213.244581
21.0,196,213.403492
24.0,236,213.595294
24.0,228,213.780641
25.0,238,213.973732
23.0,212,214.146542
20.0,218,214.675876
19.0,183,214.8248
27.0,241,215.019168
17.0,175,215.161022
26.0,210,215.330796
27.0,238,215.523246
13.0,108,215.611304
28.0,273,215.832647
19.0,177,215.97635
19.0,196,216.134266
28.0,249,218.063635
21.0,206,218.229378
23.0,210,218.398613
28.0,274,218.619667
33.0,311,218.870174
25.0,203,219.034014
24.0,223,219.214207
14.0,118,219.310386
27.0,259,219.519751
23.0,228,220.054754
22.0,177,220.197646
24.0,216,220.372008
30.0,296,220.610989
16.0,132,220.718078
21.0,196,220.876737
22.0,213,221.049111
31.0,289,221.282418
35.0,370,221.934195
29.0,275,222.157153
23.0,206,222.324287
14.0,127,222.427951
27.0,245,222.626132
21.0,185,224.410056
24.0,197,224.570172
21.0,185,224.720753
23.0,213,224.893717
20.0,193,225.050861
35.0,397,225.726723
28.0,280,225.953181
23.0,223,226.13366
16.0,141,226.248669
27.0,240,226.442213
25.0,240,226.636308
22.0,225,226.818411
18.0,175,226.960386
22.0,189,227.113101
39.0,399,227.780162
29.0,263,227.992733
23.0,202,228.156692
26.0,253,228.362226
26.0,234,228.552102
23.0,210,228.722939
36.0,376,229.027117
32.0,251,231.225014
23.0,190,231.379128
21.0,181,231.526177
28.0,259,231.735144
27.0,247,231.935068
27.0,253,232.139537
14.0,160,232.269485
26.0,233,232.457735
16.0,153,232.582265
27.0,212,232.753603
16.0,164,233.233364
25.0,240,233.427991
23.0,220,233.606387
28.0,264,233.81978
30.0,258,234.028865
18.0,149,234.150179
22.0,197,234.309802
25.0,227,234.493197
23.0,208,234.661473
38.0,371,235.309496
18.0,189,235.463045
21.0,209,235.632417
23.0,195,237.203435
40.0,370,237.503541
19.0,176,237.647088
25.0,228,237.83264
25.0,232,238.021096
30.0,288,238.255042
33.0,295,238.845387
21.0,175,238.987138
32.0,289,239.221831
22.0,198,239.381984
25.0,218,239.558522
35.0,331,239.825091
29.0,261,240.036285
30.0,284,240.265906
24.0,209,240.786733
27.0,261,240.998107
18.0,147,241.117972
25.0,242,241.315158
19.0,182,241.46318
28.0,279,241.690132
20.0,188,241.842739
38.0,382,243.670587
30.0,295,244.260528
37.0,362,244.55542
31.0,278,244.781019
40.0,376,245.086691
34.0,392,245.404257
14.0,125,245.506485
18.0,164,245.64051
26.0,250,245.843348
24.0,193,246.35166
34.0,317,246.607048
34.0,330,246.873221
34.0,304,247.118529
30.0,311,247.370251
30.0,293,247.607129
25.0,266,247.82248
19.0,173,248.315111
22.0,202,248.479157
24.0,210,250.316556
29.0,284,250.546414
20.0,158,250.674068
21.0,189,250.827458
25.0,216,251.002279
34.0,359,251.293874
31.0,268,251.511133
22.0,215,252.033461
32.0,312,252.289426
18.0,153,252.414283
15.0,104,252.499005
25.0,264,252.71299
17.0,155,252.839569
25.0,257,253.047858
25.0,251,253.251915
19.0,190,253.406623
36.0,330,254.025975
39.0,385,254.337482
28.0,244,254.535487
25.0,239,254.729527
17.0,177,254.873512
25.0,234,256.582263
25.0,211,256.753586
19.0,159,256.882911
25.0,221,257.062032
28.0,226,257.597588
27.0,248,257.798502
26.0,215,257.97298
21.0,185,258.123583
27.0,259,258.333397
25.0,208,258.501891
23.0,199,258.663377
30.0,278,258.888461
27.0,219,259.066055
19.0,152,259.541187
25.0,244,259.738395
27.0,234,259.927344
27.0,220,260.105356
27.0,235,260.29564
32.0,336,260.568434
23.0,213,260.741528
25.0,241,260.937153
22.0,181,261.08393
29.0,269,263.353222
28.0,259,263.563004
23.0,197,263.722753
20.0,184,263.872
24.0,207,264.040211
26.0,222,264.219938
30.0,289,264.454069
20.0,183,264.602726
27.0,259,264.812463
23.0,181,265.311828
28.0,290,265.545746
24.0,218,265.722234
35.0,305,265.968375
17.0,146,266.086551
22.0,211,266.257024
30.0,301,266.500986
25.0,194,266.658025
22.0,188,266.809838
29.0,243,267.357493
24.0,194,267.51462
31.0,284,267.743602
24.0,227,267.927461
23.0,229,269.630202
27.0,221,269.809238
23.0,182,269.956424
20.0,162,270.087942
31.0,275,270.310547
24.0,205,270.829337
39.0,409,271.160707
23.0,226,271.344479
25.0,247,271.545056
18.0,191,271.700527
28.0,252,271.904814
26.0,254,272.11164
23.0,203,272.276638
24.0,230,272.806956
31.0,282,273.035415
24.0,199,273.196973
21.0,217,273.37307
27.0,204,273.538646
24.0,255,273.745598
35.0,353,274.031477
18.0,143,274.148297
26.0,217,274.324484
20.0,156,276.495843
29.0,274,276.716963
25.0,234,276.905783
29.0,240,277.099393
21.0,195,277.257311
22.0,217,277.432805
43.0,463,277.806331
24.0,236,277.997244
25.0,227,278.525753
24.0,221,278.704236
24.0,195,278.862263
26.0,244,279.05998
21.0,189,279.213693
21.0,209,279.384007
14.0,136,279.495471
32.0,285,279.725187
20.0,183,279.873546
32.0,285,280.450289
22.0,232,280.638458
26.0,226,280.821249
19.0,176,280.963847
34.0,339,282.753798
18.0,150,282.875521
28.0,308,283.125002
25.0,229,283.310328
33.0,304,283.556972
26.0,291,284.13481
27.0,227,284.318207
27.0,256,284.525854
23.0,196,284.684738
19.0,153,284.809101
25.0,208,284.977479
31.0,300,285.220601
36.0,346,285.501059
22.0,224,286.027121
22.0,167,286.162511
27.0,247,286.362746
30.0,340,286.637975
26.0,241,286.833323
22.0,247,287.034555
20.0,190,287.189102
35.0,337,289.129515
26.0,260,289.69135
33.0,343,289.968515
34.0,317,290.224544
20.0,180,290.37007
23.0,226,290.553249
34.0,315,290.807281
29.0,323,291.065514
30.0,274,291.287885
21.0,201,291.79603
13.0,139,291.909299
34.0,319,292.167317
22.0,186,292.318094
26.0,242,292.514739
19.0,171,292.653854
24.0,219,292.832174
43.0,412,293.164609
26.0,240,293.707314
21.0,189,293.860551
24.0,227,294.044022
24.0,203,296.302615
29.0,287,296.535744
26.0,232,296.723528
18.0,191,296.879188
24.0,227,297.063498
24.0,209,297.233314
28.0,242,297.776259
26.0,249,297.978168
27.0,258,298.187562
11.0,111,298.278305
34.0,319,298.535372
19.0,179,298.68096
19.0,168,298.817009
29.0,246,299.015672
26.0,242,299.211992
34.0,342,299.832059
15.0,119,299.928949
19.0,161,300.060337
35.0,347,300.341146
23.0,192,300.497505
30.0,232,300.685512
13.0,141,300.801093
20.0,156,300.928112
18.0,155,302.729574
29.0,277,302.954119
26.0,236,303.487933
27.0,258,303.696668
22.0,202,303.860104
21.0,186,304.010715
30.0,277,304.234245
36.0,355,304.52118
18.0,198,304.682551
14.0,135,304.792346
26.0,246,304.991643
34.0,326,305.598771
16.0,134,305.70745
26.0,255,305.913319
25.0,225,306.09596
34.0,376,306.400693
29.0,268,306.617357
26.0,222,306.797181
36.0,357,307.086225
24.0,236,307.618973
28.0,279,309.252623
38.0,346,309.532888
17.0,180,309.679165
26.0,247,309.879846
39.0,387,310.193546
23.0,197,310.353893
22.0,191,310.854778
26.0,232,311.043441
25.0,242,311.239803
31.0,290,311.474349
29.0,270,311.69371
24.0,250,311.896783
28.0,275,312.120059
26.0,282,312.348893
30.0,255,312.902319
23.0,200,313.064521
23.0,241,313.260764
27.0,298,313.50175
29.0,290,313.736886
23.0,201,313.899273
28.0,276,315.861739
31.0,293,316.099521
36.0,369,316.744388
26.0,235,316.934229
17.0,148,317.054712
29.0,266,317.270114
27.0,247,317.470642
31.0,298,317.71192
31.0,300,317.954796
19.0,184,318.104711
16.0,149,318.226194
27.0,279,318.796482
25.0,236,318.98795
28.0,250,319.191319
18.0,164,319.325043
29.0,306,319.573619
27.0,254,319.780171
28.0,279,320.006737
19.0,191,320.162336
29.0,276,320.72722
30.0,301,322.648373
23.0,218,322.825092
28.0,262,323.037148
29.0,282,323.265826
25.0,242,323.462526
26.0,289,323.696718
18.0,156,323.823673
27.0,241,324.35825
11.0,105,324.444508
27.0,231,324.632429
27.0,244,324.831325
28.0,276,325.055664
25.0,231,325.243073
25.0,260,325.453866
18.0,151,325.576723
35.0,337,325.849479
30.0,258,326.406672
27.0,259,326.615534
21.0,196,326.773388
18.0,175,326.915334
28.0,238,327.107682
21.0,178,328.856436
25.0,213,329.028854
22.0,181,329.176195
31.0,277,329.400961
20.0,173,329.5413
29.0,279,330.117404
24.0,222,330.296605
11.0,126,330.399512
28.0,245,330.597487
26.0,227,330.780804
18.0,178,330.925691
30.0,323,331.186034
28.0,252,331.390269
25.0,232,331.930204
22.0,193,332.087911
38.0,396,332.408863
32.0,295,332.648557
34.0,337,332.921622
24.0,219,333.099642
26.0,251,333.303773
19.0,183,333.452827
26.0,244,335.636535
27.0,252,335.840451
36.0,360,336.130659
23.0,193,336.287318
29.0,304,336.533057
19.0,165,336.667185
26.0,276,336.890786
26.0,242,337.086986
33.0,308,337.680523
21.0,175,337.822708
23.0,183,337.971026
17.0,169,338.108526
31.0,278,338.333049
20.0,207,338.498732
28.0,271,338.717858
23.0,218,338.894818
31.0,343,339.172094
31.0,294,339.750944
25.0,199,339.911511
24.0,207,340.078806
28.0,216,341.85268
28.0,263,342.066058
13.0,105,342.152216
21.0,187,342.30498
33.0,304,342.551322
18.0,190,342.706144
21.0,208,343.217227
15.0,139,343.330127
22.0,175,343.471428
23.0,212,343.643098
31.0,268,343.858825
24.0,198,344.01825
19.0,186,344.169045
20.0,174,344.310502
26.0,201,344.473171
25.0,224,344.654705
19.0,156,344.781366
26.0,245,345.323991
24.0,211,345.494674
26.0,229,345.679604
28.0,288,345.911847
21.0,190,346.065586
23.0,219,346.243517
24.0,236,346.435237
28.0,270,348.401811
32.0,289,348.97931
31.0,265,349.194378
20.0,219,349.371518
36.0,421,349.713336
13.0,126,349.816017
24.0,213,349.989469
22.0,195,350.147919
16.0,123,350.248516
39.0,343,350.525713
31.0,281,351.118262
26.0,259,351.327992
31.0,269,351.546972
23.0,183,351.695234
24.0,238,351.887962
31.0,264,352.101014
27.0,254,352.307038
36.0,357,352.596602
22.0,184,353.093677
20.0,218,353.269845
22.0,180,353.415968
23.0,183,355.227561
11.0,124,355.327708
34.0,347,355.608714
26.0,251,355.811803
31.0,287,356.045015
23.0,199,356.205939
27.0,265,356.769514
23.0,202,356.933652
30.0,302,357.178514
14.0,130,357.2849
35.0,351,357.569076
29.0,264,357.783109
32.0,299,358.02526
20.0,193,358.182041
28.0,282,358.756678
21.0,187,358.907775
34.0,311,359.158784
24.0,199,359.320339
24.0,246,359.519958
23.0,202,359.68369
31.0,329,361.564051
27.0,234,361.753326
26.0,239,362.296632
15.0,121,362.395501
31.0,273,362.616056
33.0,313,362.869514
27.0,240,363.064064
31.0,304,363.310572
37.0,431,363.659249
13.0,110,363.749325
21.0,219,363.927276
23.0,188,364.423146
31.0,278,364.648143
23.0,217,364.824344
19.0,177,364.96857
23.0,203,365.13341
20.0,183,365.282122
27.0,261,365.493735
30.0,279,365.719547
23.0,229,365.905073
37.0,385,368.058974
33.0,285,368.289634
12.0,122,368.389921
21.0,207,368.558093
24.0,188,368.710626
31.0,320,368.969841
27.0,224,369.151169
26.0,227,369.335507
34.0,299,369.928844
29.0,225,370.110346
20.0,169,370.247368
20.0,194,370.404872
23.0,194,370.56168
23.0,216,370.736467
26.0,230,370.922261
24.0,204,371.087637
19.0,167,371.22326
30.0,265,371.43791
27.0,227,371.972542
19.0,160,372.10252
20.0,198,372.263731
29.0,273,372.486131
25.0,237,372.678579
24.0,215,374.220042
21.0,168,374.356917
22.0,191,374.512195
27.0,249,374.714114
31.0,289,375.296759
20.0,175,375.438795
22.0,185,375.589229
29.0,273,375.810779
21.0,177,375.954883
36.0,306,376.202598
32.0,271,376.422939
23.0,190,376.576539
27.0,243,376.773738
31.0,262,377.329346
20.0,166,377.46487
26.0,215,377.638896
35.0,316,377.894253
33.0,310,378.145124
28.0,249,378.345102
34.0,315,378.599687
7.0,79,378.663244
32.0,291,379.247732
19.0,158,380.93955
28.0,236,381.131263
30.0,278,381.356898
35.0,339,381.631739
19.0,170,381.770031
27.0,236,381.962071
15.0,151,382.086173
28.0,267,382.303468
18.0,160,382.783745
23.0,223,382.964892
26.0,222,383.144918
20.0,199,383.306726
26.0,250,383.509882
24.0,220,383.688979
33.0,274,383.910957
25.0,220,384.089522
29.0,288,384.322399
30.0,270,384.893246
26.0,240,385.087653
23.0,217,385.264213
16.0,130,385.370366
20.0,200,385.53294
27.0,224,387.13983
36.0,349,387.422239
29.0,235,387.612342
34.0,304,387.858532
28.0,238,388.402683
31.0,324,388.664893
33.0,262,388.876709
30.0,267,389.093134
38.0,374,389.395373
31.0,306,389.643381
31.0,299,390.238291
27.0,243,390.434401
28.0,252,390.638943
30.0,284,390.869332
23.0,191,391.024672
31.0,292,391.261441
24.0,228,391.446258
24.0,252,391.651025
25.0,211,393.302235
23.0,193,393.810553
24.0,231,393.997633
26.0,237,394.189257
23.0,196,394.34814
14.0,130,394.453897
31.0,308,394.702239
19.0,169,394.83907
20.0,154,394.964164
32.0,286,395.195565
23.0,227,395.732465
13.0,141,395.847954
27.0,195,396.005137
19.0,164,396.137699
31.0,264,396.351311
19.0,172,396.491416
37.0,347,396.771741
32.0,256,396.97888
23.0,185,397.129355
25.0,211,397.300651
22.0,167,397.788513
25.0,227,397.972298
24.0,213,398.14443
30.0,265,399.967268
23.0,186,400.127328
24.0,220,400.305833
18.0,197,400.465682
33.0,291,400.701128
13.0,136,400.811472
30.0,276,401.387807
15.0,128,401.492225
19.0,168,401.628715
17.0,140,401.742532
33.0,279,401.967507
33.0,326,402.230725
29.0,295,402.470361
38.0,369,402.768807
28.0,237,402.96089
25.0,217,403.488219
27.0,250,403.690266
21.0,173,403.830078
26.0,236,404.020433
25.0,225,404.202173
35.0,342,404.478376
26.0,307,406.060347
31.0,272,406.280544
22.0,220,406.811653
19.0,182,406.959469
21.0,201,407.121986
16.0,134,407.23151
28.0,245,407.430049
36.0,370,407.729788
43.0,429,408.076961
22.0,192,408.233337
34.0,318,408.843482
33.0,308,409.091912
26.0,235,409.281867
25.0,206,409.448829
16.0,162,409.580478
25.0,217,409.756089
24.0,223,409.936964
22.0,219,410.114901
30.0,276,410.338065
22.0,198,410.850788
19.0,172,410.990342
27.0,256,412.636807
23.0,241,412.832624
27.0,237,413.024544
24.0,225,413.206945
25.0,222,413.386803
27.0,276,413.610297
29.0,240,413.804797
24.0,220,414.334691
22.0,194,414.491819
25.0,236,414.682182
28.0,262,414.893988
20.0,173,415.033975
25.0,217,415.209511
22.0,213,415.38217
22.0,193,415.538895
24.0,238,415.731957
22.0,204,416.25001
36.0,354,416.53644
25.0,212,416.708702
22.0,181,416.855722
15.0,148,416.976357
33.0,332,417.245516
19.0,156,418.779098
16.0,158,418.906858
20.0,161,419.037521
20.0,181,419.184825
19.0,192,419.690782
25.0,219,419.867594
23.0,205,420.033359
29.0,273,420.254035
20.0,227,420.436668
26.0,230,420.623095
25.0,268,420.840239
18.0,165,420.973993
22.0,233,421.162775
22.0,197,421.671088
36.0,359,421.961047
19.0,195,422.119334
36.0,340,422.392521
21.0,214,422.565103
31.0,311,422.814876
22.0,195,422.971842
20.0,176,423.114362
20.0,172,423.253503
29.0,273,423.806614
23.0,191,425.460986
21.0,179,425.606275
34.0,376,425.91048
29.0,258,426.119668
20.0,158,426.247913
15.0,134,426.357249
31.0,264,426.570474
28.0,239,426.76381
24.0,202,427.27557
19.0,179,427.420914
27.0,262,427.633433
24.0,202,427.797102
31.0,299,428.039286
28.0,260,428.250114
24.0,206,428.417512
28.0,262,428.629996
22.0,208,429.144281
24.0,207,429.312307
25.0,196,429.47122
29.0,272,429.691175
24.0,235,429.881355
33.0,277,431.592776
33.0,312,431.845707
20.0,186,431.99704
32.0,284,432.226955
25.0,203,432.739685
24.0,208,432.907757
26.0,222,433.08733
25.0,226,433.270705
27.0,232,433.458607
23.0,176,433.601834
26.0,259,433.811588
20.0,167,433.947073
26.0,229,434.132776
14.0,132,434.241022
24.0,219,434.759618
25.0,230,434.944953
29.0,260,435.154976
24.0,206,435.321493
17.0,162,435.453735
31.0,280,435.679769
21.0,191,435.834413
31.0,286,436.065493
24.0,212,436.237844
24.0,235,438.122255
30.0,271,438.342033
27.0,234,438.532929
28.0,235,438.723717
40.0,372,439.025411
28.0,251,439.229006
22.0,180,439.37526
31.0,289,439.609838
24.0,205,440.122573
18.0,165,440.257169
26.0,261,440.469388
23.0,216,440.645648
27.0,277,440.870785
31.0,287,441.104469
35.0,317,441.361589
25.0,226,441.545007
37.0,351,442.174227
25.0,256,442.382005
22.0,215,442.556867
28.0,259,444.308382
28.0,250,444.511342
23.0,224,444.693095
28.0,259,444.90354
25.0,223,445.084327
29.0,304,445.679132
31.0,286,445.910774
29.0,285,446.141693
29.0,310,446.393064
31.0,285,446.623923
22.0,191,446.779455
32.0,297,447.019984
20.0,176,447.162901
24.0,231,447.696508
22.0,243,447.894171
24.0,208,448.063125
21.0,165,448.197015
35.0,330,448.463358
27.0,264,448.677315
21.0,186,448.828139
23.0,205,448.993603
23.0,219,450.972223
23.0,189,451.476984
22.0,198,451.638014
26.0,241,451.832672
32.0,320,452.092407
29.0,272,452.313967
29.0,274,452.536891
28.0,281,452.765598
21.0,187,452.918031
30.0,334,453.541511
24.0,202,453.705004
38.0,377,454.009193
23.0,220,454.18716
23.0,223,454.368546
21.0,217,454.544636
21.0,188,454.697594
30.0,311,454.9496
16.0,150,455.425386
35.0,372,455.726001
22.0,205,455.893223
18.0,169,457.658147
17.0,172,457.798432
28.0,316,458.055357
21.0,169,458.192857
24.0,256,458.401414
9.0,78,458.466164
17.0,156,458.593489
24.0,230,459.132517
27.0,303,459.377019
27.0,256,459.584177
24.0,218,459.760195
26.0,254,459.965733
25.0,256,460.173527
25.0,227,460.358109
28.0,271,460.577331
32.0,331,461.196923
20.0,182,461.344517
37.0,382,461.652679
18.0,162,461.784083
14.0,147,461.903792
32.0,311,462.155032
23.0,200,462.31656
14.0,135,464.01449
28.0,308,464.265099
29.0,329,464.884565
22.0,214,465.058436
10.0,97,465.137714
35.0,375,465.441811
16.0,145,465.5608
29.0,254,465.766956
30.0,278,465.992474
22.0,197,466.152552
24.0,214,466.677738
16.0,193,466.834305
29.0,270,467.052832
17.0,168,467.189054
24.0,225,467.371673
31.0,305,467.61809
21.0,215,467.792825
27.0,261,468.004523
32.0,291,468.24016
25.0,225,468.774773
28.0,273,468.99584
19.0,178,470.956937
30.0,307,471.205155
25.0,233,471.394051
17.0,181,471.541253
31.0,287,471.773284
27.0,252,471.977581
28.0,237,472.521904
25.0,222,472.702318
26.0,248,472.90356
20.0,183,473.051994
13.0,123,473.152569
9.0,82,473.21994
33.0,339,473.495617
22.0,187,473.647804
29.0,242,473.843894
21.0,174,473.985982
30.0,253,474.542746
16.0,156,474.670581
31.0,306,474.917918
30.0,295,475.157044
27.0,245,475.3558
17.0,145,475.473641
22.0,188,475.626332
28.0,245,477.503779
25.0,230,477.691291
30.0,248,478.245987
25.0,219,478.42329
19.0,170,478.56156
14.0,136,478.672483
23.0,205,478.839115
22.0,235,479.029821
17.0,158,479.158655
29.0,280,479.386212
24.0,225,479.569089
34.0,317,479.826741
31.0,315,480.434835
26.0,222,480.615563
23.0,199,480.777481
20.0,199,480.939919
23.0,197,481.099918
27.0,242,481.296871
27.0,267,481.51386
22.0,216,481.689294
24.0,199,481.852067
29.0,274,482.427941
26.0,263,484.203359
15.0,144,484.321257
18.0,159,484.450738
15.0,134,484.559976
35.0,315,484.814838
23.0,227,484.99925
15.0,134,485.108803
27.0,258,485.317562
30.0,284,485.899817
22.0,219,486.077044
25.0,203,486.241255
28.0,256,486.448529
27.0,238,486.641301
48.0,498,487.042899
24.0,209,487.212858
27.0,278,487.43831
25.0,243,487.986962
32.0,324,488.24917
30.0,279,488.476165
15.0,122,488.575443
28.0,241,490.454941
27.0,252,490.658637
24.0,218,490.835436
22.0,183,490.984076
32.0,307,491.58536
24.0,216,491.760719
21.0,212,491.933075
26.0,243,492.129742
33.0,311,492.381382
27.0,247,492.582016
19.0,178,492.727363
21.0,195,492.886268
21.0,223,493.067741
25.0,220,493.599101
21.0,200,493.761205
31.0,295,493.999844
30.0,274,494.221029
38.0,336,494.49283
21.0,214,494.666559
27.0,257,494.874333
32.0,323,495.135962
19.0,163,497.179585
26.0,243,497.379897
26.0,253,497.58448
27.0,237,497.776091
27.0,264,497.988871
26.0,249,498.190382
21.0,190,498.34462
26.0,224,498.526016
19.0,177,498.670066
18.0,185,499.173699
29.0,269,499.39074
32.0,303,499.635454
26.0,254,499.841336
15.0,148,499.961473
22.0,211,500.132555
23.0,244,500.330379
23.0,205,500.496764
18.0,165,500.630347
27.0,282,501.20928
20.0,186,501.359989
19.0,176,501.502701
26.0,249,501.704188
28.0,232,503.629516
23.0,209,503.799243
24.0,197,503.95877
34.0,310,504.208812
24.0,240,504.403036
30.0,279,504.981001
23.0,204,505.146853
32.0,283,505.37598
30.0,273,505.596599
22.0,225,505.779505
23.0,213,505.952593
30.0,325,506.21621
26.0,275,506.439382
25.0,282,507.018088
31.0,283,507.246818
28.0,234,507.436303
33.0,292,507.671952
29.0,274,507.893323
19.0,187,508.044932
25.0,265,508.260003
22.0,240,510.156507
23.0,194,510.666058
30.0,282,510.89349
35.0,331,511.160889
26.0,222,511.340455
26.0,211,511.510857
24.0,229,511.696529
20.0,204,511.861641
34.0,284,512.090801
30.0,277,512.667284
24.0,225,512.849171
28.0,295,513.087071
22.0,184,513.236733
29.0,239,513.43014
29.0,289,513.663545
38.0,361,513.9557
33.0,316,514.211532
18.0,160,514.693667
28.0,292,514.929363
24.0,216,515.103745
22.0,184,516.757275
35.0,364,517.051718
26.0,249,517.253242
23.0,223,517.434409
16.0,156,517.561444
31.0,307,518.163699
19.0,164,518.295543
28.0,273,518.516581
23.0,202,518.680557
21.0,213,518.854213
20.0,202,519.018019
20.0,185,519.16908
24.0,249,519.371511
30.0,268,519.58837
23.0,216,519.763953
21.0,213,520.289982
33.0,332,520.559576
23.0,228,520.74526
13.0,107,520.833039
29.0,244,521.031021
16.0,149,521.15256
20.0,176,521.295653
35.0,360,523.048715
26.0,258,523.258387
23.0,228,523.794936
29.0,283,524.024221
24.0,224,524.2063
29.0,347,524.48722
19.0,177,524.631642
28.0,309,524.882682
28.0,248,525.084342
31.0,287,525.669064
12.0,119,525.766754
30.0,301,526.009466
28.0,296,526.248901
32.0,283,526.477319
29.0,258,526.686188
20.0,219,526.863784
21.0,178,527.008008
10.0,125,527.109529
21.0,218,527.287265
23.0,216,527.81545
33.0,306,529.364823
25.0,233,529.552826
21.0,202,529.716578
10.0,114,529.809825
28.0,237,530.001271
26.0,223,530.181514
28.0,232,530.368895
26.0,236,530.559527
18.0,164,531.044387
21.0,191,531.199746
27.0,240,531.393991
36.0,384,531.704452
24.0,230,531.891393
21.0,196,532.050783
34.0,308,532.299949
23.0,213,532.473246
24.0,213,532.645899
24.0,233,533.187831
28.0,270,533.405963
22.0,188,533.55902
23.0,201,533.722355
14.0,142,533.838362
18.0,167,533.97472
21.0,216,535.805135
14.0,148,535.925335
30.0,340,536.19939
17.0,154,536.680459
35.0,354,536.96683
21.0,206,537.134152
31.0,278,537.3601
24.0,199,537.522331
17.0,126,537.625032
19.0,162,537.757322
18.0,176,537.900598
26.0,204,538.066483
25.0,216,538.241423
21.0,197,538.754961
25.0,262,538.967656
26.0,215,539.141968
30.0,289,539.376283
30.0,330,539.643622
25.0,234,539.833582
32.0,287,540.066282
25.0,231,540.25347
23.0,226,540.790256
28.0,248,542.542878
23.0,187,542.694703
25.0,238,542.888365
25.0,248,543.089652
30.0,268,543.306832
27.0,272,543.52765
19.0,181,543.675041
18.0,169,543.812543
22.0,216,544.340648
30.0,311,544.593721
28.0,307,544.842799
21.0,202,545.007288
27.0,257,545.215766
19.0,162,545.347838
23.0,203,545.513268
25.0,242,545.709957
34.0,322,546.32359
17.0,173,546.464984
27.0,234,546.655335
26.0,234,546.845602
27.0,244,547.043881
25.0,234,548.856922
28.0,311,549.109165
23.0,229,549.296244
32.0,288,549.529551
11.0,98,549.961713
28.0,252,550.166337
33.0,357,550.456534
23.0,188,550.609283
21.0,205,550.776635
22.0,205,550.943856
24.0,218,551.12151
19.0,155,551.247905
23.0,206,551.415806
26.0,243,551.966171
32.0,359,552.258053
18.0,174,552.400102
35.0,388,552.715521
28.0,251,552.91922
18.0,194,553.078363
21.0,189,553.232585
31.0,295,553.472838
17.0,160,555.185384
16.0,134,555.648043
24.0,230,555.835247
30.0,275,556.058071
32.0,279,556.283726
22.0,208,556.453194
28.0,272,556.67415
24.0,206,556.841318
24.0,211,557.012705
20.0,177,557.158547
32.0,329,557.778474
28.0,248,557.980106
34.0,313,558.234662
31.0,292,558.470948
21.0,195,558.630263
29.0,279,558.857247
24.0,206,559.02475
31.0,299,559.621333
25.0,238,559.813839
25.0,257,560.024149
27.0,242,560.222964
16.0,129,561.887732
19.0,174,562.031117
21.0,182,562.181009
30.0,250,562.386368
33.0,289,562.623629
24.0,240,562.818696
14.0,100,563.251538
16.0,154,563.377106
19.0,175,563.51985
34.0,310,563.77114
28.0,247,563.972162
30.0,318,564.229979
26.0,239,564.424332
22.0,198,564.585088
18.0,156,564.712268
24.0,217,565.241432
26.0,246,565.441239
22.0,197,565.600676
27.0,256,565.808936
23.0,239,566.002073
26.0,247,566.202668
29.0,286,566.435437
31.0,285,568.111232
20.0,215,568.285539
24.0,228,568.823017
19.0,173,568.963264
26.0,248,569.1645
29.0,288,569.398488
17.0,198,569.557285
20.0,170,569.695261
24.0,246,569.894174
26.0,240,570.0885
21.0,186,570.238739
25.0,244,570.78846
27.0,265,571.003669
21.0,218,571.181111
23.0,170,571.319257
21.0,206,571.486394
23.0,246,571.686174
23.0,252,571.889385
32.0,289,572.123963
26.0,268,572.692937
24.0,196,572.85193
22.0,197,573.011279
23.0,214,574.811704
42.0,413,575.144912
25.0,234,575.334393
27.0,245,575.532608
26.0,235,575.722842
28.0,330,576.338291
25.0,226,576.521592
15.0,135,576.631871
25.0,223,576.812364
29.0,292,577.048412
26.0,218,577.224868
22.0,201,577.386938
22.0,179,577.532225
7.0,76,577.594701
34.0,365,577.889403
20.0,191,578.39573
27.0,255,578.601315
28.0,239,578.794887
8.0,99,578.876178
22.0,184,579.024902
32.0,289,579.259661
26.0,234,579.449692
22.0,207,581.269152
36.0,348,581.551296
33.0,315,582.161288
23.0,208,582.330724
20.0,203,582.496317
19.0,168,582.633535
17.0,165,582.768492
22.0,211,582.939728
31.0,346,583.217992
21.0,197,583.378305
17.0,160,583.508364
28.0,252,584.064209
26.0,229,584.250907
27.0,222,584.433832
18.0,162,584.567854
21.0,202,584.734653
29.0,274,584.960683
14.0,157,585.090481
31.0,263,585.306805
27.0,259,585.520538
10.0,128,585.62655
24.0,192,586.136441
22.0,201,586.30049
25.0,243,587.963418
15.0,149,588.085019
24.0,188,588.237516
15.0,129,588.343197
25.0,227,588.526634
22.0,199,588.688293
26.0,255,588.895481
25.0,246,589.09482
22.0,182,589.594445
24.0,249,589.795328
24.0,236,589.986274
35.0,320,590.243696
11.0,120,590.341352
33.0,293,590.577672
9.0,85,590.647164
17.0,161,590.777878
23.0,212,590.949012
28.0,254,591.154495
24.0,214,591.681025
26.0,245,591.879868
26.0,220,592.058061
25.0,234,592.247623
16.0,156,592.374245
12.0,112,592.465703
23.0,207,594.106703
19.0,169,594.244417
20.0,178,594.389736
25.0,243,594.587373
28.0,273,595.161702
21.0,209,595.329854
19.0,170,595.468438
18.0,188,595.621788
23.0,188,595.774291
33.0,299,596.016813
23.0,198,596.177677
28.0,267,596.395301
23.0,218,596.572742
24.0,240,597.118088
31.0,289,597.351889
16.0,168,597.487921
20.0,176,597.631056
23.0,192,597.78684
16.0,141,597.901485
18.0,167,598.037175
22.0,242,598.232471
24.0,222,598.412213
27.0,286,598.642945
27.0,277,600.619
27.0,261,600.831469
21.0,166,600.967097
19.0,186,601.118421
26.0,224,601.30049
29.0,273,601.522783
27.0,210,601.693379
26.0,229,601.879981
22.0,220,602.059379
22.0,189,602.569989
22.0,164,602.70342
30.0,299,602.946043
30.0,267,603.163084
28.0,275,603.386629
21.0,180,603.532973
24.0,241,603.729745
24.0,205,603.897063
16.0,149,604.019199
20.0,169,604.508996
16.0,141,604.622985
23.0,239,604.815488
30.0,247,605.015229
19.0,157,605.142932
22.0,225,606.861332
22.0,199,607.022846
31.0,290,607.257921
17.0,142,607.373438
18.0,167,607.50925
23.0,212,607.681047
25.0,231,608.219151
29.0,260,608.429724
25.0,235,608.62007
26.0,272,608.83939
35.0,286,609.071488
26.0,223,609.252745
22.0,184,609.402349
26.0,238,609.595654
15.0,121,609.694611
21.0,213,610.218887
24.0,205,610.385711
24.0,208,610.555468
23.0,207,610.724077
25.0,214,610.897714
22.0,185,611.048767
18.0,133,611.157566
24.0,240,611.353083
25.0,222,611.533746
14.0,123,613.133774
24.0,203,613.651528
24.0,231,613.839469
37.0,366,614.13646
20.0,192,614.29289
24.0,184,614.441978
22.0,198,614.602931
22.0,202,614.766786
19.0,154,614.891762
22.0,212,615.064421
22.0,197,615.224524
23.0,214,615.75194
13.0,139,615.865592
27.0,247,616.066594
19.0,164,616.200051
24.0,227,616.384911
27.0,255,616.592522
28.0,272,616.813296
15.0,145,616.932346
9.0,124,617.034256
22.0,191,617.189945
29.0,289,617.777073
22.0,195,617.936116
25.0,221,618.115795
26.0,232,619.82116
8.0,80,619.88724
26.0,234,620.077539
20.0,198,620.239004
15.0,206,620.405025
31.0,289,620.639786
28.0,300,621.234838
26.0,252,621.439618
20.0,197,621.599719
13.0,131,621.706966
17.0,194,621.864668
21.0,224,622.047572
26.0,251,622.256195
23.0,228,622.441349
28.0,275,622.664179
23.0,238,623.20926
30.0,262,623.421178
23.0,175,623.563031
32.0,283,623.791564
21.0,186,623.942179
21.0,202,624.106435
22.0,192,624.262493
21.0,188,624.415612
23.0,213,626.432134
17.0,151,626.555382
33.0,305,627.154072
15.0,146,627.27351
21.0,174,627.41483
29.0,246,627.614101
21.0,177,627.758029
22.0,207,627.925813
16.0,134,628.035133
22.0,216,628.210499
24.0,191,628.365553
38.0,351,628.649573
24.0,253,629.206257
24.0,209,629.375683
25.0,232,629.563929
20.0,174,629.70557
27.0,247,629.905582
31.0,276,630.129599
28.0,263,630.342528
26.0,183,630.490441
26.0,224,630.672498
25.0,224,631.205752
20.0,175,631.347926
22.0,204,632.906355
24.0,229,633.092473
33.0,278,633.317665
28.0,253,633.521816
22.0,174,633.662828
23.0,192,633.817933
28.0,285,634.048571
24.0,224,634.583516
33.0,273,634.805755
38.0,343,635.083826
21.0,234,635.273907
15.0,166,635.409459
14.0,146,635.529064
19.0,138,635.641508
21.0,220,635.819793
25.0,210,635.990479
22.0,211,636.514326
36.0,344,636.793262
30.0,271,637.013631
17.0,158,637.142689
34.0,288,637.376461
29.0,288,637.610193
28.0,267,639.451077
23.0,198,639.612819
22.0,174,639.755007
29.0,286,640.33908
25.0,245,640.538844
32.0,269,640.757994
22.0,194,640.916288
20.0,209,641.08667
31.0,340,641.363054
15.0,134,641.472863
31.0,266,641.688863
23.0,200,642.20371
35.0,347,642.484814
25.0,199,642.646553
27.0,280,642.874453
37.0,336,643.147871
38.0,344,643.428085
18.0,152,643.551832
20.0,178,643.696529
28.0,225,644.234982
26.0,245,646.048844
29.0,270,646.270458
24.0,205,646.438547
27.0,239,646.634796
24.0,210,646.80809
28.0,255,647.017384
19.0,173,647.160479
31.0,275,647.386357
30.0,285,647.971413
25.0,208,648.140228
24.0,256,648.348475
14.0,128,648.453454
20.0,209,648.624204
27.0,278,648.850279
20.0,219,649.028106
36.0,326,649.292916
26.0,254,649.851052
24.0,214,650.025589
21.0,186,650.177539
13.0,113,650.270272
27.0,234,650.460477
16.0,135,650.57077
26.0,222,650.750921
26.0,241,652.447074
32.0,306,652.694841
30.0,269,652.912368
15.0,138,653.378667
26.0,194,653.536954
26.0,234,653.726976
26.0,253,653.932282
32.0,292,654.168928
25.0,230,654.355519
25.0,227,654.540408
13.0,214,654.712151
26.0,251,654.916655
24.0,207,655.43729
31.0,261,655.64889
24.0,222,655.827347
29.0,295,656.066347
21.0,173,656.20708
20.0,195,656.366149
22.0,215,656.541575
24.0,252,656.747426
25.0,193,656.904497
23.0,172,657.398323
19.0,172,659.088181
16.0,145,659.20668
31.0,304,659.452315
23.0,191,659.607492
25.0,226,659.791074
23.0,188,659.943942
20.0,174,660.085669
22.0,195,660.244566
26.0,240,660.439016
28.0,288,661.024541
14.0,128,661.128827
29.0,286,661.360159
27.0,273,661.581677
22.0,202,661.745889
17.0,140,661.860079
20.0,187,662.012423
29.0,275,662.236095
27.0,263,662.448985
21.0,199,662.962397
18.0,166,663.096822
13.0,104,663.18185
25.0,220,663.360683
25.0,213,663.533419
22.0,226,663.717154
29.0,302,665.713934
34.0,325,665.976841
16.0,151,666.101305
19.0,162,666.23292
28.0,243,666.78202
17.0,164,666.914268
13.0,139,667.027297
24.0,210,667.197688
12.0,129,667.302818
25.0,229,667.488827
12.0,130,667.595365
21.0,198,667.756839
26.0,225,667.939499
14.0,142,668.055307
21.0,173,668.195295
23.0,226,668.730647
18.0,183,668.880401
17.0,142,668.996033
23.0,204,669.161913
24.0,199,669.32481
27.0,252,669.529884
25.0,223,669.711773
19.0,147,669.831333
28.0,261,670.04347
25.0,272,671.862013
29.0,258,672.423739
19.0,193,672.58053
23.0,213,672.753713
20.0,191,672.909164
14.0,133,673.01746
27.0,225,673.200009
31.0,271,673.419939
20.0,186,673.570998
26.0,229,673.756891
20.0,190,673.911836
27.0,225,674.446024
19.0,169,674.583618
27.0,267,674.800649
22.0,223,674.981521
30.0,301,675.225869
22.0,224,675.406723
30.0,272,675.62748
38.0,362,675.920862
19.0,176,676.413349
17.0,142,676.529425
31.0,327,676.793714
30.0,292,678.844826
32.0,331,679.116433
10.0,151,679.238392
28.0,249,679.442873
14.0,111,679.534676
16.0,149,679.657319
20.0,192,679.815489
23.0,167,680.306653
24.0,197,680.468355
22.0,219,680.64871
24.0,231,680.837555
25.0,217,681.015009
32.0,307,681.265511
32.0,304,681.513513
34.0,319,681.773704
34.0,313,682.379585
33.0,327,682.645505
28.0,273,682.86576
18.0,162,682.997072
26.0,236,683.188383
21.0,222,683.368368
21.0,207,683.537493
24.0,226,685.213314
22.0,221,685.392142
20.0,176,685.878235
23.0,240,686.074454
25.0,219,686.25396
33.0,321,686.515918
27.0,248,686.719393
30.0,229,686.906189
15.0,168,687.044428
19.0,168,687.182772
23.0,227,687.368627
24.0,247,687.927882
30.0,287,688.163337
22.0,194,688.322624
27.0,240,688.518934
13.0,109,688.609169
16.0,163,688.744108
27.0,247,688.946648
16.0,151,689.071186
18.0,152,689.196896
24.0,270,689.418389
20.0,207,689.944846
14.0,128,690.050812
20.0,170,690.190196
33.0,309,691.747152
21.0,218,691.925899
31.0,305,692.175108
12.0,99,692.25671
28.0,270,692.477326
25.0,241,692.674828
23.0,207,693.199975
28.0,244,693.399592
23.0,182,693.548703
29.0,265,693.765459
14.0,142,693.882354
24.0,211,694.054499
18.0,185,694.206497
24.0,218,694.384536
21.0,216,694.561625
11.0,120,694.660527
20.0,231,695.205359
20.0,180,695.353255
30.0,291,695.592745
25.0,246,695.794647
22.0,189,695.950118
24.0,204,696.118124
19.0,198,696.281119
33.0,289,697.973281
22.0,204,698.138665
18.0,189,698.290668
13.0,157,698.772358
28.0,267,698.988065
10.0,113,699.080677
23.0,196,699.239585
24.0,204,699.404745
15.0,167,699.540793
25.0,251,699.744573
26.0,224,699.925897
25.0,283,700.155227
31.0,305,700.761825
19.0,195,700.921995
27.0,275,701.14758
31.0,312,701.402548
33.0,313,701.658468
29.0,262,701.872816
23.0,232,702.062456
21.0,206,702.231623
23.0,196,702.748047
34.0,319,704.567611
21.0,229,704.756232
30.0,275,704.982088
13.0,142,705.099433
24.0,222,705.279941
23.0,203,705.444907
18.0,160,705.574994
13.0,112,705.666065
19.0,177,705.810095
28.0,273,706.383184
23.0,225,706.565059
20.0,184,706.714375
36.0,347,706.994128
27.0,317,707.251262
25.0,228,707.436659
29.0,287,707.66958
30.0,309,707.919948
12.0,123,708.360317
16.0,175,708.503357
25.0,269,708.722187
28.0,312,708.975337
21.0,219,709.15288
15.0,166,710.601076
28.0,302,710.84592
36.0,379,711.153008
28.0,253,711.710581
6.0,58,711.758512
26.0,248,711.959315
16.0,160,712.089159
31.0,276,712.312084
23.0,243,712.508969
27.0,273,712.730959
22.0,198,712.891897
24.0,267,713.109065
20.0,197,713.269449
21.0,189,713.773863
29.0,259,713.983533
19.0,252,714.188808
30.0,358,714.478219
19.0,183,714.627102
20.0,209,714.796984
30.0,319,715.057908
24.0,233,715.249459
17.0,157,716.875156
20.0,168,717.013331
21.0,213,717.188166
22.0,183,717.338352
23.0,221,717.519766
15.0,167,717.657601
24.0,228,717.843686
23.0,181,717.992007
18.0,177,718.137776
16.0,170,718.277532
22.0,232,718.467139
15.0,153,718.94714
18.0,147,719.067972
28.0,249,719.272147
23.0,197,719.433692
16.0,152,719.559162
23.0,219,719.738548
30.0,286,719.972657
14.0,153,720.099402
28.0,250,720.304291
19.0,177,720.450076
24.0,224,720.989881
30.0,323,721.254543
20.0,224,721.438814
23.0,182,721.58753
17.0,167,723.406386
13.0,120,723.505198
23.0,233,723.69608
25.0,249,723.900146
26.0,256,724.109153
36.0,336,724.738108
23.0,211,724.91179
26.0,270,725.133899
32.0,259,725.346682
24.0,232,725.537283
28.0,223,725.720006
25.0,220,725.900773
20.0,200,726.064864
41.0,424,726.767178
12.0,108,726.857035
23.0,227,727.043302
15.0,158,727.174002
21.0,182,727.323471
20.0,175,727.467358
29.0,304,727.71348
26.0,244,727.911261
31.0,288,729.820354
18.0,149,729.943302
38.0,365,730.596674
29.0,270,730.818381
31.0,281,731.048885
24.0,234,731.240949
19.0,198,731.404331
24.0,276,731.631774
24.0,213,731.80646
29.0,277,732.389241
24.0,227,732.575442
29.0,296,732.817768
25.0,233,733.008489
29.0,276,733.23514
20.0,192,733.39313
24.0,214,733.568931
26.0,241,733.767054
21.0,220,733.947802
32.0,326,734.56934
22.0,210,734.741958
36.0,359,736.663041
35.0,347,736.94713
24.0,240,737.144027
37.0,354,737.433069
20.0,188,737.587278
24.0,230,738.129487
34.0,310,738.38338
27.0,259,738.595696
23.0,221,738.777415
20.0,164,738.912383
19.0,176,739.056533
22.0,234,739.248792
29.0,280,739.478297
25.0,226,739.663265
21.0,178,740.165297
21.0,209,740.336706
25.0,224,740.520221
20.0,174,740.663269
20.0,175,740.807055
20.0,192,740.963802
21.0,170,741.103055
28.0,257,741.312994
20.0,187,742.893784
24.0,212,743.067883
28.0,261,743.636267
37.0,408,743.970052
19.0,181,744.118905
28.0,241,744.316269
32.0,287,744.551646
27.0,261,744.765619
27.0,246,744.967002
24.0,215,745.144264
18.0,158,745.624431
36.0,376,745.928131
26.0,202,746.091249
44.0,474,746.473705
30.0,249,746.675057
27.0,220,746.853171
17.0,162,746.985076
24.0,225,747.167677
24.0,189,747.672973
35.0,351,749.450193
23.0,202,749.614056
16.0,134,749.723241
25.0,242,749.919321
25.0,234,750.10856
28.0,258,750.317628
27.0,241,750.511855
35.0,312,751.115225
19.0,181,751.262497
25.0,217,751.438541
20.0,163,751.57079
26.0,218,751.747468
30.0,251,751.950474
23.0,214,752.123425
29.0,274,752.344742
27.0,207,752.512706
17.0,170,752.651187
31.0,285,753.23332
24.0,240,753.42789
19.0,185,753.577921
29.0,232,753.765852
17.0,153,753.890312
19.0,155,754.015495
24.0,221,755.557817
24.0,191,755.713277
19.0,154,755.838829
25.0,208,756.007012
26.0,208,756.527856
27.0,237,756.720026
19.0,165,756.854021
24.0,212,757.025776
20.0,161,757.158602
36.0,291,757.39602
37.0,389,757.714367
23.0,202,757.879969
33.0,309,758.132746
32.0,297,758.730434
29.0,274,758.955241
32.0,301,759.202619
24.0,240,759.40026
20.0,173,759.543095
24.0,238,759.738103
16.0,140,759.853232
30.0,274,760.077763
30.0,255,760.642353
28.0,242,762.408995
33.0,329,762.679098
28.0,242,762.877711
21.0,184,763.029007
17.0,151,763.15301
24.0,239,763.346402
23.0,197,763.505898
21.0,201,763.669085
20.0,167,764.158314
38.0,378,764.463219
27.0,265,764.677486
27.0,268,764.894794
26.0,248,765.096043
34.0,299,765.33827
27.0,237,765.53061
27.0,248,765.731966
30.0,300,766.327778
21.0,206,766.495158
17.0,156,766.621892
29.0,253,766.826524
23.0,186,766.977271
18.0,156,768.720685
32.0,291,768.95636
14.0,151,769.079363
21.0,186,769.230438
26.0,214,769.403575
31.0,291,769.990644
34.0,312,770.242823
20.0,163,770.375244
32.0,319,770.633221
31.0,305,770.880992
36.0,330,771.148623
29.0,264,771.363277
13.0,110,771.453728
28.0,269,772.023719
23.0,194,772.180964
33.0,294,772.419189
15.0,133,772.527714
32.0,316,772.784325
27.0,244,772.983019
18.0,158,773.111607
16.0,126,773.214653
28.0,249,773.416533
