#{"t_start": 1733097694.2029755, "env_id": "VizdoomCorridor-v0"}
r,l,t
-39.979965,128,11.193464
-20.803391,30,11.378113
158.043686,525,21.010589
-118.870422,35,21.29499
-26.937653,54,21.549755
-120.907578,29,21.673288
-39.977631,165,22.280545
158.057388,525,31.480689
-41.977402,192,39.376921
-20.956055,35,39.59791
-22.839142,47,39.796438
-25.913864,79,40.143514
158.017059,525,54.507186
-22.977646,46,54.71832
158.044312,525,64.739909
-24.886612,56,64.974761
-41.982086,334,73.578124
-19.956314,28,73.699827
167.14534,525,83.080005
-20.743652,36,83.230465
-41.979355,146,90.805084
158.044739,525,103.716127
-25.870422,52,104.050598
158.021729,525,114.371187
-20.821243,27,114.483505
-122.955353,40,114.631744
-23.870422,38,114.770048
-119.335052,30,114.883915
-29.933014,70,115.129506
-25.935242,57,115.331606
158.043686,525,124.171887
158.043488,525,132.743351
-23.979828,56,140.395337
-23.955032,59,140.602275
-24.956314,49,140.776052
-28.979965,63,141.041559
-121.977448,50,141.243895
167.14534,525,150.256082
-41.981659,139,150.806356
-118.932953,23,150.894304
63.088348,112,158.975988
-20.943771,36,159.125465
158.021713,525,169.410858
-29.979965,80,169.841444
-29.943619,72,170.137885
-29.979828,83,170.429895
-28.963791,61,170.65909
158.022003,525,180.873031
-123.935379,45,181.04307
-25.962708,44,188.327081
-26.979965,65,188.571774
158.057663,525,197.642613
-27.979965,61,197.906637
158.108826,525,207.175236
-41.980026,263,208.201044
158.020035,525,216.773674
-29.945648,66,224.055725
-27.978195,56,224.272781
158.020035,525,233.833894
-120.910339,31,233.959484
158.08934,525,243.063783
-41.978333,152,243.650501
-41.933487,131,244.128837
-120.93219,27,252.208607
158.039902,525,260.951603
-41.982285,264,261.895379
-23.933487,39,262.042279
158.067703,525,271.427505
-24.906967,49,271.611581
-22.870422,37,271.746397
-26.932465,48,271.926673
-26.911957,47,279.837569
-40.956314,116,280.218209
-35.892105,85,280.507258
-26.958725,49,280.681333
167.14534,525,289.747669
-34.979965,85,290.056528
-120.977707,23,290.148295
-122.929565,30,290.261383
-22.979965,34,290.392534
-24.955826,42,297.483905
-122.977402,33,297.614235
-34.978256,76,297.885556
-41.979965,322,299.012637
158.022446,525,307.624559
-33.982117,76,315.191042
-36.979965,89,315.556319
-29.956314,58,315.788128
-123.870438,35,315.960861
-32.981842,65,316.275415
-41.962967,142,316.852883
-23.93277,33,316.987107
-26.911957,49,324.856633
-138.978546,90,325.177094
-28.97818,50,325.372706
60.020035,91,325.785312
-120.826569,24,325.88487
-41.9823,251,333.784695
-121.933487,26,333.891538
-41.956314,154,334.424689
-121.868576,25,334.526168
-41.979355,191,335.212738
-119.933014,20,335.327483
-123.911926,35,335.463036
-28.738831,51,343.543185
-122.933487,29,343.654523
-41.97789,178,344.384804
158.065475,525,353.002368
-123.909668,38,353.378772
-41.978363,192,354.129061
-41.981079,210,361.939352
-22.870422,32,362.074364
-27.933487,52,362.258182
-24.943771,44,362.417915
-29.904343,63,362.704903
-41.977783,142,370.572448
158.020035,525,380.424896
-24.978134,41,380.624294
-27.979965,51,380.868041
174.0,525,390.29751
-30.977661,62,390.551567
-41.98172,311,399.547211
-41.956314,123,399.968956
-41.981888,214,400.730532
-41.981934,335,409.003103
-30.977539,58,409.244647
-36.943619,80,409.526694
-28.979965,56,409.7279
-41.981873,208,417.917521
-41.978271,121,418.360042
-41.979965,170,419.182914
-41.978561,217,426.882654
-41.935211,169,427.475374
-30.977539,62,427.772773
-28.954803,51,427.97986
-41.94606,103,436.047921
-119.892105,19,436.167843
-123.956314,32,436.302851
-128.955399,53,436.502308
-34.888046,75,436.856824
-128.933487,51,437.045759
-41.960114,107,437.427529
-121.821243,26,437.530978
-32.977676,64,437.766319
-121.93219,27,437.878408
-119.820038,19,437.958107
-33.978333,70,445.172897
-37.955383,82,445.491739
-35.964218,74,445.766048
-124.956314,35,445.915817
-20.961853,21,446.01392
-129.95816,54,446.289253
-121.769592,26,446.399379
-39.981354,92,446.770617
-122.95639,28,446.876028
-129.957108,53,453.513257
-127.97757,50,453.769315
-128.977524,52,453.974161
-131.904526,60,454.213528
-125.882431,39,454.357361
-27.911301,49,454.542691
-41.979965,134,455.008699
-129.933411,52,455.192581
-122.932907,27,455.290748
-123.945923,33,462.662323
-41.960571,123,463.106476
66.057663,71,463.369008
-127.89122,47,463.552404
-24.956314,38,463.692918
-129.955399,53,463.87409
-135.956314,75,464.149513
-41.978378,118,472.193982
-22.932648,27,472.352165
-41.981354,162,473.055042
-122.913208,29,473.182818
-130.979767,58,473.410379
-34.937607,73,473.687476
-24.886612,35,473.849476
-128.97757,50,474.054309
-132.977478,65,481.59234
-126.910141,41,481.747889
-125.979965,40,481.904987
-125.979965,40,482.071818
-41.981613,380,490.660971
-131.978256,61,490.882001
-41.981323,236,491.745231
-41.982056,177,499.562495
-35.980988,74,499.840923
-126.956314,43,500.024285
-128.956314,51,500.240122
-126.932739,43,500.41148
-126.956161,42,500.591707
-128.954788,53,500.874168
-126.9776,43,501.048359
-37.956314,84,501.368298
-27.906616,45,509.031051
-139.977463,87,509.364476
-127.978104,46,509.583569
-130.956909,56,509.909422
-41.978165,160,510.452739
-123.933487,33,510.586579
-127.979828,46,510.755302
-135.982132,74,517.77039
-134.905106,69,518.024387
-127.914291,46,518.268171
-124.977615,34,518.417013
-126.978333,44,518.582457
-128.97757,50,518.779637
-124.932175,36,518.923207
-121.910339,25,519.031104
-124.978394,35,519.180183
-131.977402,59,519.415651
-128.934723,52,519.615051
-128.979965,48,527.080357
-122.888062,29,527.297655
-124.913742,35,527.568559
-128.979965,50,527.802787
-129.979965,54,528.0123
-25.956924,39,528.173593
-129.977402,52,528.36999
-127.958115,47,528.554713
-133.956314,67,528.828634
-122.934387,28,528.937797
-26.938187,43,529.115464
-22.977402,30,529.239324
-128.962524,48,537.254709
-30.956146,55,537.485072
-32.962479,64,537.728224
-127.955231,46,537.917252
-120.886993,23,538.010941
-126.979965,42,538.183905
-129.978363,53,538.403871
-31.977554,60,538.644633
-130.97847,55,538.929075
-121.870422,25,539.045927
-121.933487,25,539.15449
-124.956314,34,546.220136
-138.982269,85,546.58362
-122.979965,27,546.694183
-123.981857,33,546.820423
-135.979965,74,547.236196
-123.933487,33,547.367334
-128.957138,48,547.547843
-28.977722,51,547.748103
-125.933334,40,547.913195
-132.978531,65,548.163618
-25.841125,40,558.079972
-124.979965,37,558.37629
-121.870438,26,558.520099
-135.977982,73,558.874478
-132.977402,63,559.171516
-127.979965,45,559.33187
-130.892471,58,559.539904
-125.978271,39,559.681669
-122.956314,29,559.816132
-120.929565,20,559.90063
-126.889038,43,560.068496
-127.97818,47,560.248593
-126.911469,43,570.66291
-123.886612,33,570.810359
-127.979965,46,571.057791
-120.789871,22,571.152766
-132.979965,63,571.385649
-128.954788,48,571.559947
-136.978256,79,571.846416
-31.979828,60,572.067381
-126.870438,43,572.241399
-140.977402,90,582.179808
-127.933487,46,582.358474
-128.933609,51,582.537767
-125.955917,38,582.690192
-129.891953,54,582.879076
-128.860107,49,583.05974
-137.963791,80,583.333973
-130.954788,56,583.551373
-138.942917,85,583.846805
-29.954971,54,593.403598
-124.887909,36,593.656283
-141.980026,100,594.338549
-130.93219,57,594.743968
-122.886612,27,595.172561
-128.934952,51,595.534323
-127.977402,46,595.858077
-136.956314,76,596.435201
-132.978592,64,596.863304
-123.933502,31,608.670469
-26.977966,43,608.906227
-124.870499,35,609.089865
-126.892776,43,609.315948
-32.977631,63,609.627164
-28.933792,49,609.878741
-121.911957,26,610.017633
-128.956314,49,610.276258
-130.977722,55,610.62333
-129.956314,52,611.002591
-131.95575,60,611.401651
-128.956665,49,621.256894
-133.977554,68,621.627814
-130.978134,56,621.879889
-138.980957,85,622.241356
-30.892105,55,622.489476
-40.97789,91,622.878659
-128.979965,50,623.109745
-141.978424,124,633.924229
-126.959534,42,634.21564
-122.803436,28,634.398394
-129.978119,53,634.832937
-126.977554,41,635.105946
-120.929565,22,635.259482
-120.839188,20,635.409841
-126.956314,41,635.702628
-129.887726,52,636.055918
-124.956314,37,636.337671
-122.932678,30,636.56612
-120.911957,23,636.749919
-125.933487,38,637.089343
-127.904526,45,646.205164
-135.978622,74,646.471496
-120.93219,21,646.554671
-127.934448,45,646.731054
-29.977402,54,646.92459
-26.890396,45,647.624042
158.0224,525,656.413027
-41.978653,157,656.950096
158.043686,525,667.466844
-41.982285,244,680.622107
-41.982086,214,682.056683
-124.977859,43,682.365008
-41.913788,137,694.628682
158.045105,525,705.099501
-30.980576,81,705.432637
158.043686,525,715.578538
-120.978546,39,715.752192
158.109573,525,725.20928
167.14534,525,735.863339
-40.982056,171,747.436091
158.066513,525,757.076155
-129.979965,79,757.357058
-24.982635,75,757.618906
-34.982056,148,758.107488
-124.982269,68,758.34436
-116.888153,22,758.426262
158.021744,525,767.457817
158.043686,525,776.63646
-119.933929,39,783.188723
158.020035,525,792.186131
-20.956314,44,792.352778
-121.869339,59,792.575309
-123.979965,90,792.958805
-119.910339,51,793.165678
-119.956345,33,793.285008
-118.870422,45,793.456904
-119.929565,26,793.557269
-116.912323,39,793.698968
-24.924454,73,800.586702
-41.982651,352,801.854496
-41.981979,290,809.233763
-120.956314,42,809.386184
-118.977402,28,809.498587
-120.935181,42,809.691113
-122.982056,78,810.046443
-18.955338,85,810.335658
-21.955688,70,810.692196
-119.979355,82,817.799632
-23.91394,79,818.104877
-117.955643,44,818.268599
-121.979965,58,818.486294
-118.892151,42,818.647473
-118.956268,40,818.799664
-122.934952,58,819.018895
-122.979965,50,819.222561
-120.97937,77,826.593456
158.066513,525,835.293976
-118.977402,33,835.423301
-119.901245,47,835.617884
-119.977554,55,835.817205
158.065277,525,844.875007
-121.963928,73,845.188593
-122.923843,41,845.366784
159.719437,525,855.807426
-123.977875,80,856.130573
-119.923859,29,856.26269
-120.956848,43,856.450354
-116.954803,36,868.369691
158.021667,525,882.142234
-118.886612,30,882.360107
174.0,525,894.391915
-122.956909,61,894.633611
-41.977661,228,895.44612
158.039444,525,904.018351
-41.982132,221,911.580114
158.065277,525,920.765543
-24.956314,53,920.9962
158.020035,525,930.087236
-126.979965,63,930.315504
-118.913864,31,930.422542
-126.982224,73,930.67181
-124.978424,71,930.905355
-121.978302,46,937.733244
-120.955978,39,937.871675
-123.954788,48,938.076942
258.020035,525,947.088599
-121.978104,47,947.271576
-23.956635,61,947.486703
-28.955566,75,947.768329
-126.933075,78,948.036892
-41.961746,189,955.884393
-121.892059,31,956.066631
167.14534,525,964.282902
-35.981888,119,964.697407
-41.963409,249,972.201283
158.020035,525,981.397805
-121.978043,57,981.642377
158.039429,525,990.325641
-41.982285,254,991.233623
-27.95842,80,991.595464
-41.963165,158,998.600401
-123.957062,54,998.844818
158.022095,525,1007.176082
158.066513,525,1016.240627
-118.932816,23,1016.327043
158.020035,525,1025.241316
174.0,525,1034.855328
-40.910049,142,1035.347127
-121.956314,36,1035.477829
-120.913864,36,1042.917051
-37.956314,157,1043.481703
-118.723846,22,1043.582752
-37.933487,142,1044.144525
-122.979965,62,1044.428779
-21.907196,50,1044.644704
-39.978424,181,1053.037268
-41.982132,367,1054.535986
-122.977661,72,1061.77823
-121.934494,42,1061.958758
158.021637,525,1070.350702
-122.888046,42,1070.503615
158.020035,525,1079.26462
158.021469,525,1088.88925
-20.956314,45,1089.068837
-119.935211,37,1089.211423
-22.956314,57,1089.419097
-117.955978,32,1089.536241
-125.960098,93,1089.862852
-19.955566,63,1096.882943
-121.909668,74,1097.148475
158.021744,525,1106.2024
-120.954971,61,1106.42901
158.021744,525,1115.737211
158.021713,525,1124.853546
-117.955765,41,1125.013216
-119.88707,52,1125.263579
158.043045,525,1133.73388
158.017868,525,1142.407984
-120.891953,50,1142.591962
-119.933487,40,1142.749311
-119.934616,64,1149.945075
-36.982132,227,1150.73414
-119.977631,50,1150.91579
-117.956314,31,1151.039607
-118.93277,25,1151.164054
158.038254,525,1160.977864
-116.723846,26,1161.088585
-117.911377,42,1161.258487
-24.977402,109,1168.464775
-117.933807,43,1168.623899
-116.954971,37,1168.761354
-116.936462,32,1168.878708
-118.934723,39,1169.025687
-117.821243,43,1169.179049
-116.956314,32,1169.310889
-115.933014,24,1169.39916
-115.979965,41,1169.543852
-120.977402,46,1169.708961
-117.891357,38,1169.84548
-26.956955,188,1177.494397
158.065048,525,1186.656481
-119.963104,39,1186.820114
-116.933487,27,1186.947231
-116.97847,53,1187.180312
-118.95607,38,1187.319107
-116.910843,25,1187.421227
-24.979919,191,1194.876719
-115.956314,40,1195.026678
-115.896545,44,1195.191497
-19.954788,129,1195.667315
-117.929565,45,1195.825892
-116.846664,25,1195.921827
-115.933014,46,1196.088299
-115.977707,29,1196.198253
-119.956314,78,1196.478791
-115.892487,28,1203.539122
-117.9785,59,1203.794334
-116.956314,32,1203.934687
-115.956314,45,1204.093458
-117.979965,97,1204.439066
-115.956314,34,1204.566799
-18.977707,119,1204.965413
-118.977585,78,1205.237174
-115.909561,29,1212.517189
-116.977356,57,1212.732572
-115.935715,29,1212.850154
-24.978256,266,1213.759611
-17.911957,82,1214.052131
-118.979965,55,1214.267536
-117.890991,33,1221.077371
-117.934952,53,1221.28573
-116.933716,47,1221.468652
-117.933075,56,1221.704046
-117.977402,86,1222.083315
-115.887436,30,1222.197398
-116.977402,46,1222.370683
-116.955917,43,1222.535325
-115.932419,27,1222.647335
-117.958694,46,1222.820859
-115.911957,28,1222.957039
-115.955978,28,1229.325475
-116.981644,63,1229.545688
-16.956573,135,1229.99799
-115.9776,59,1230.203413
-116.890015,57,1230.402759
-115.977386,59,1230.614017
-115.911926,78,1230.905432
-117.981339,117,1237.949929
-115.91153,53,1238.141959
-17.95842,260,1239.297657
-115.979828,76,1239.57944
-115.958694,58,1246.735815
-16.978424,65,1246.969852
-115.977524,51,1247.145092
-115.893311,31,1247.255174
-115.933182,58,1247.463745
-115.913269,32,1247.582343
-115.98201,42,1247.733248
-115.911957,35,1247.865647
-115.956314,39,1248.016543
-115.933487,28,1248.152294
-115.977478,24,1248.285819
-115.981689,69,1255.237633
-115.93277,24,1255.371103
-115.926041,64,1255.621446
-115.910141,20,1255.695613
-115.982407,57,1255.901188
-115.977661,41,1256.045512
-115.956314,34,1256.165677
-115.886642,25,1256.255927
-115.964386,57,1256.453887
-115.977722,63,1256.680873
-115.979828,93,1257.007125
-115.979965,62,1264.29374
-115.704147,15,1264.35379
-115.934967,50,1264.54142
-115.933487,55,1264.745956
-115.955261,43,1264.921049
-115.977402,72,1265.21435
-115.89122,73,1265.465995
-115.977402,38,1265.604396
-115.977692,35,1265.746034
-115.978012,58,1265.964084
-115.979965,67,1272.831827
-115.956314,35,1272.959176
-115.933487,41,1273.110122
-115.954803,75,1273.365178
-115.933487,62,1273.5815
-115.977875,43,1273.740385
-115.978027,63,1273.96848
-115.978241,46,1274.135392
-115.979965,54,1274.330321
-115.956635,68,1281.164344
-115.912521,29,1281.280239
-115.942673,40,1281.429306
-115.956314,39,1281.585251
-115.934525,43,1281.831912
-115.954788,53,1282.027943
-115.956711,50,1282.212416
-115.910416,56,1282.416806
-115.958298,51,1282.602523
-115.955078,34,1282.729957
-115.979965,49,1282.909888
-115.954788,45,1289.961415
-115.909592,41,1290.108168
-115.964218,63,1290.330156
-115.955322,38,1290.466477
-115.977951,71,1290.711342
-115.870422,55,1290.915236
-115.903671,55,1291.125932
-115.977402,53,1291.377776
-115.891922,45,1291.558381
-115.963104,46,1291.723158
-115.956833,43,1298.076425
-115.955032,37,1298.216323
-115.979965,67,1301.095374
-115.934814,41,1301.240588
-115.979965,30,1301.348745
-115.889175,53,1301.533804
-115.932098,53,1301.714299
-115.86998,45,1301.860929
-115.977722,62,1302.066404
-115.979965,43,1302.218073
-115.979965,67,1309.668182
-115.922974,67,1309.907571
-115.979965,57,1310.140355
-115.911957,44,1310.310401
-115.977722,46,1310.482959
-115.71405,40,1310.643642
-115.955063,71,1310.930886
-115.904526,43,1311.145461
-115.977386,81,1311.467087
-115.97934,68,1318.157885
-115.956314,49,1318.39307
-115.886993,26,1318.514771
-115.956833,39,1318.660341
-115.977646,40,1318.804279
-115.956314,83,1319.094772
-115.978088,75,1319.358138
-115.86142,30,1319.470029
-115.979965,60,1319.674503
-115.93425,45,1326.60965
-115.959671,49,1326.782096
-115.848938,37,1326.930242
-115.977722,54,1327.125993
-115.887497,45,1327.303686
-115.956207,70,1327.555091
-115.978195,87,1327.8899
-115.978027,40,1328.077124
-115.934952,41,1328.221565
-115.978607,72,1328.472703
-115.978348,63,1335.288744
-115.933487,48,1335.461976
-115.956314,73,1338.309175
-115.933075,61,1338.542667
-115.982162,70,1338.769697
-115.979965,48,1338.92452
-115.977524,36,1339.068776
-115.92688,38,1339.222945
-115.980713,62,1339.439355
-115.910446,44,1346.87294
-115.979965,69,1347.126167
-115.955109,34,1347.250334
-115.911957,55,1347.448415
-115.820572,41,1347.597068
-115.909592,28,1347.702737
-115.959412,54,1347.900769
-115.891174,43,1348.056794
-115.978607,110,1348.504637
-115.956314,60,1355.718396
-115.914139,40,1355.863722
-115.887222,52,1356.048773
-115.887436,41,1356.207361
-115.90509,45,1356.375647
-115.977402,61,1356.589876
-115.955658,71,1356.911627
-115.931183,41,1357.055252
-115.977402,39,1357.189508
-115.956772,35,1357.314445
-115.932175,62,1364.009733
-115.888641,30,1364.134206
-115.954987,80,1364.442932
-115.979965,68,1364.715365
-115.889709,42,1364.87384
-115.977417,28,1364.972548
-115.933487,58,1365.197241
-115.956314,44,1365.387792
-115.956314,47,1365.605714
-115.980072,62,1365.936976
-115.93219,24,1373.588927
-115.870422,42,1373.737583
-115.980743,72,1374.006934
-115.932831,27,1374.104114
-116.955383,38,1375.257062
158.063293,525,1383.504639
-118.962967,49,1383.679294
-121.980499,58,1383.884024
-120.97847,67,1384.118851
-31.979797,249,1392.481916
-117.945236,44,1392.7059
-119.954788,81,1393.003393
-117.979965,73,1393.264081
-116.978256,37,1393.401853
-117.932953,27,1393.511877
-23.978546,195,1401.468806
-118.933487,49,1401.65924
-118.977905,55,1401.877552
-119.979965,50,1402.059654
-117.933685,38,1402.201081
-118.933487,42,1402.363043
-118.954788,47,1402.536966
-120.97847,72,1402.82269
-28.96254,207,1410.994422
-120.723846,49,1411.17732
-116.911469,23,1411.286555
158.042877,525,1429.747735
-120.933487,32,1429.929205
-119.954819,36,1430.089807
-119.932938,25,1430.184528
158.020035,525,1454.89671
-26.956314,64,1455.121286
-121.892105,36,1455.247055
158.066513,525,1474.9352
-121.911926,33,1492.085527
-41.98143,298,1493.237033
-129.977844,57,1493.46761
-131.977814,61,1493.690284
-41.982086,112,1501.34447
-41.982071,174,1502.018379
-124.935181,39,1502.157137
-131.870499,63,1502.370346
-34.956314,77,1502.653241
-41.981644,214,1509.816664
-41.978317,180,1510.436501
-36.933487,81,1510.718342
-41.978043,149,1518.957237
-29.977585,59,1519.203568
-128.978027,56,1519.430728
-41.978531,218,1520.218092
-41.981796,139,1528.021142
-135.956314,82,1528.385258
-124.979965,37,1528.521402
-24.935394,37,1528.667883
-35.933289,83,1528.967422
-41.977402,148,1529.504224
-41.979965,124,1537.060252
-24.978012,43,1537.218765
-39.977463,113,1537.636355
158.043686,525,1546.579307
-123.933487,38,1546.731997
-41.98233,259,1547.687576
-27.956314,56,1555.306628
-41.963806,284,1556.296031
-41.962463,177,1564.083875
-31.978638,73,1564.416634
-41.956314,149,1564.930925
-41.981201,319,1573.0618
-41.942413,243,1574.244144
-41.962006,148,1574.777001
-27.978027,70,1582.784543
-41.981735,218,1583.576532
167.14534,525,1592.950522
-41.979965,172,1593.629319
-41.982086,203,1601.549992
-38.977661,99,1601.913305
-41.981476,171,1602.508951
-29.979965,92,1602.894525
-120.963104,36,1610.828101
-41.978409,314,1612.047072
-29.963104,90,1612.398621
-118.95578,31,1612.526315
-122.890823,50,1621.116081
158.043427,525,1629.56996
158.043365,525,1639.084235
-123.884216,49,1639.274352
-31.978256,100,1639.665214
158.039429,525,1648.457518
158.020035,525,1655.798173
158.043686,525,1663.27404
-24.983643,68,1663.537998
-119.847702,58,1663.854272
-124.955887,66,1664.12612
-23.912949,55,1670.637559
-120.92627,37,1670.754401
-118.954788,25,1670.835661
-116.888641,35,1670.948691
-118.932755,39,1671.07555
158.016357,525,1678.669759
158.022324,525,1686.066914
158.019043,525,1693.122619
-121.955307,45,1693.267655
158.044022,525,1700.654883
-120.978302,52,1700.817014
-21.95607,61,1701.008552
-117.932327,30,1701.111628
158.108826,525,1708.395455
-120.977936,30,1714.408184
-123.979965,56,1714.577013
-39.977997,148,1714.994406
158.020035,525,1722.106712
-122.933487,51,1722.277451
158.020172,525,1730.044361
-124.956314,63,1730.244585
167.14534,525,1737.479176
174.0,525,1744.597309
258.043365,525,1751.868014
-127.956635,73,1757.95635
-36.955185,137,1758.391007
-33.935211,105,1758.718233
-41.981476,250,1765.881062
-20.848938,36,1766.023483
-121.886993,29,1766.131644
-121.932816,39,1766.272567
158.041855,525,1773.79271
-120.97847,61,1773.985315
-41.979355,319,1780.3831
158.066513,525,1787.493522
158.022339,525,1794.687898
-34.933487,121,1795.072985
-120.839188,29,1795.210567
158.066513,525,1802.787655
-36.977783,145,1803.22953
-41.982285,213,1809.295495
-29.979965,80,1809.559442
-123.935394,50,1809.723203
-121.933487,41,1809.856384
-121.95549,39,1809.987131
-32.956314,95,1810.284437
-117.704147,29,1810.38079
-125.977585,81,1816.387571
-124.981842,59,1816.594251
-122.934067,34,1816.717459
-122.886612,39,1816.855292
-122.956482,50,1817.0258
-125.956314,52,1817.202303
-123.955688,63,1817.410026
-118.93277,25,1817.50038
158.020035,525,1824.504924
-120.977554,45,1824.648258
-128.960571,81,1824.899504
158.107895,525,1839.155462
-24.979965,58,1839.362808
-120.933487,41,1839.508754
-120.890945,42,1839.664
-27.979965,68,1839.89546
158.020035,525,1847.637011
-123.956314,53,1847.814973
-120.955185,35,1847.935418
158.043228,525,1855.167719
-122.912033,52,1855.327416
158.066513,525,1862.559606
-123.977585,44,1862.705767
-124.955688,64,1869.052569
-36.978195,129,1869.470202
158.020035,525,1877.069271
158.129578,525,1884.634196
-123.977402,46,1884.784762
-126.978271,72,1885.01986
-41.977432,180,1898.958039
-125.977661,58,1899.151825
-120.938187,40,1899.288034
158.066513,525,1912.491061
-121.955994,36,1912.643916
174.0,525,1931.992029
158.021622,525,1945.783364
-38.956314,130,1946.206857
-40.963913,120,1946.864617
-41.977554,165,1961.200332
-41.981506,288,1962.611948
-31.977402,80,1976.245984
-41.95903,139,1976.89769
-40.978149,126,1977.51405
167.095856,525,1989.50412
-41.958694,200,2000.491904
-41.958694,169,2001.159104
-41.933487,135,2001.686635
-124.956512,42,2001.860215
-122.977936,34,2001.996504
-41.965134,195,2012.906316
-25.911514,46,2013.216655
-125.933014,54,2013.576415
158.043488,525,2027.620394
-41.981705,174,2028.608595
-27.804184,55,2028.916769
158.020035,525,2041.249009
-41.956345,144,2048.908166
-123.977661,39,2049.058912
-36.979965,96,2049.419228
-120.978256,27,2049.525055
158.043488,525,2057.934298
-41.981354,115,2058.350032
-35.982132,82,2058.647031
174.0,525,2076.193521
-30.982162,66,2076.419583
58.045486,103,2076.762707
-30.903671,58,2076.95394
-122.95488,32,2077.064887
-126.933624,48,2077.224186
-33.924454,73,2077.458842
-41.91066,114,2083.871078
-122.888046,28,2083.972088
-27.907578,51,2084.153505
58.041306,213,2084.849775
158.020172,525,2092.770996
-30.963333,56,2092.944991
-28.979828,51,2093.118614
-41.978622,98,2099.534896
-25.886612,42,2099.686422
-129.934784,54,2099.899737
-30.95668,59,2100.100941
-126.956314,42,2100.243086
-125.956345,39,2100.374639
-121.889328,25,2100.4638
-121.933121,25,2100.552595
-124.888046,37,2100.677022
-122.956314,28,2100.77376
-25.956314,40,2100.913222
-34.956802,76,2107.446764
-22.839188,29,2107.550038
-27.862946,50,2107.71751
-134.977402,74,2107.959205
-126.821289,46,2108.11354
-41.982132,171,2108.658911
-125.954788,40,2108.792733
63.066513,82,2109.051719
-127.842194,45,2114.850811
-129.965179,56,2115.048558
-33.956314,69,2115.281533
-27.933487,50,2115.451937
-25.800644,43,2115.598635
-132.934952,65,2115.807606
-26.977539,46,2115.955291
-23.956314,32,2116.067704
-133.963104,69,2116.290437
-35.981476,76,2122.908975
-131.979965,63,2123.229901
-23.979965,34,2123.338853
-22.956314,31,2123.441727
158.020035,525,2130.685933
-28.89122,55,2130.86283
-33.979965,71,2131.083897
-41.933487,186,2137.08868
-30.981308,61,2137.292501
-29.963104,56,2137.479213
-28.911926,55,2137.660112
-128.933014,52,2137.830386
-27.977402,49,2137.995417
-25.955292,42,2138.138646
-32.954895,72,2138.367872
65.043869,73,2138.608215
-30.957092,60,2144.742477
158.043365,525,2152.466211
-37.977402,83,2152.73614
158.065506,525,2160.583933
-19.876389,20,2160.671805
-31.978424,72,2160.912094
174.0,525,2168.561044
-126.979965,41,2168.692852
159.616226,525,2175.965761
-129.934952,55,2176.144281
-30.958694,61,2176.340067
-34.933121,77,2183.053866
-25.97821,43,2183.207709
-130.982132,65,2183.425793
-22.886612,32,2183.540449
167.095856,525,2191.002705
-27.979965,53,2191.174075
-23.892105,45,2191.3432
-41.982529,136,2191.757097
-37.979965,98,2198.042934
58.019989,242,2198.787321
-41.978485,130,2199.1858
-30.977402,71,2199.412979
-28.956314,60,2205.927563
158.017838,525,2213.209026
-121.931763,32,2213.325073
-30.947372,67,2213.548679
-28.911957,61,2213.748482
-121.793747,28,2213.886039
-41.982056,195,2214.479141
158.043686,525,2222.198018
258.020035,525,2229.666808
-21.723846,29,2236.077847
-124.977936,49,2236.244108
-41.97847,136,2236.739103
-41.98143,163,2237.247574
-34.956314,92,2237.564905
-30.956314,72,2243.706654
-125.93425,52,2243.891641
-41.963913,141,2244.346048
-23.935181,44,2244.492085
-124.933487,47,2244.696032
-119.933487,28,2244.791636
158.088043,525,2294.886629
-39.935211,134,2340.119722
-121.954788,42,2340.277077
-33.979965,110,2340.665809
-41.979553,260,2341.561873
158.117798,525,2394.654057
-127.958664,63,2444.185625
-31.978088,92,2444.520494
-40.978287,132,2444.98842
-41.979965,295,2452.264019
-41.979965,268,2453.088333
-41.956314,181,2453.640428
-119.935181,37,2459.447557
-119.910431,23,2459.5326
-120.911957,25,2459.627572
-41.982132,190,2460.236446
-29.979828,110,2460.585511
-116.93219,24,2460.669726
-125.910416,57,2460.854691
-41.935242,229,2467.491871
160.29068,525,2475.195316
-123.977982,65,2475.441469
-28.933655,92,2475.769759
158.088043,525,2484.358204
-27.98175,100,2484.710156
-30.93486,155,2491.686584
-23.977402,65,2491.927074
-33.95575,141,2492.429321
-119.933487,42,2492.59228
158.020035,525,2500.454976
-125.979965,56,2500.666887
158.021713,525,2508.608035
167.14534,525,2524.55114
-115.910339,34,2524.670378
-26.981476,87,2524.955281
-26.938034,142,2525.41393
-21.933075,51,2525.582423
-37.979965,174,2531.74422
-21.923843,64,2531.9707
158.088074,525,2538.850531
-116.924454,40,2538.984179
-118.979965,33,2539.093345
-121.980972,65,2539.303343
-122.867477,43,2539.443896
-120.979965,45,2539.591264
-28.978256,122,2539.969545
-41.981079,236,2546.943751
-122.935287,60,2547.180659
159.719437,525,2556.602634
-123.979965,79,2557.094629
158.043365,525,2566.127476
-41.981964,176,2573.506899
158.020035,525,2582.333703
-27.959412,75,2582.668236
-41.979797,178,2583.634913
158.037537,525,2594.891007
158.021744,525,2603.524344
-29.933487,90,2603.901005
158.064789,525,2613.775477
158.044113,525,2627.211016
-122.979965,44,2627.375286
-120.978424,54,2627.574353
-26.979965,83,2627.875047
-125.935379,48,2628.051435
-22.933487,49,2628.228349
-121.979965,42,2628.385039
158.043686,525,2636.162798
-122.955429,41,2636.315417
-124.95636,46,2636.480957
-41.978561,166,2643.060551
-125.977722,60,2643.290112
158.066513,525,2651.787066
-31.979828,96,2652.338523
158.044373,525,2678.390106
-41.979965,278,2697.004063
-36.978622,124,2697.392424
-23.977982,52,2697.561355
-120.803436,28,2697.656229
-33.977585,95,2697.962757
-122.933014,38,2698.088634
-124.933014,50,2698.255241
158.043686,525,2732.577218
-30.979965,83,2732.854803
-41.978561,141,2733.374046
-126.979965,53,2733.545765
-41.979965,275,2740.140707
-41.978073,151,2740.657537
-125.978439,46,2740.914294
-37.956314,107,2741.449702
-39.977432,126,2742.137007
-41.943069,293,2749.688929
-128.959412,71,2750.043689
-125.977509,51,2750.326119
-22.910522,46,2750.560571
-41.982285,200,2757.996473
-124.956314,40,2758.15052
158.065704,525,2766.857795
-130.978043,74,2767.215782
158.018524,525,2783.229868
-18.933319,28,2783.392559
158.043686,525,2801.069964
-123.92691,53,2801.255285
-41.978287,205,2812.763908
-18.932663,28,2812.869473
-34.884216,88,2813.17387
-128.977661,71,2813.424555
-120.888962,39,2813.572795
-41.978256,314,2830.412903
-119.886612,27,2830.512696
-28.978409,61,2830.738707
158.113388,525,2841.423321
-41.982056,273,2850.143097
158.021667,525,2858.475011
158.08934,525,2866.31253
158.108826,525,2873.643867
-41.982056,173,2874.181472
-22.910339,43,2874.328084
159.719437,525,2881.979302
158.043686,525,2889.739609
-120.954788,24,2889.825564
-22.913544,40,2889.959634
-21.956223,47,2890.112143
258.088074,525,2904.564787
-27.982635,67,2904.929337
-29.955307,64,2905.145828
158.160858,525,2913.011303
158.020035,525,2920.599474
-41.982056,220,2921.258018
-120.887909,26,2921.349183
158.160858,525,2929.084214
-21.803436,35,2935.151582
-121.979965,32,2935.263894
-125.911957,53,2935.447562
-24.926895,51,2935.621519
-34.956772,82,2935.897436
-24.934952,48,2936.057116
-34.961746,89,2936.342898
-30.979965,66,2936.558009
-31.960556,76,2942.649926
158.114182,525,2950.743374
-26.935013,57,2950.939442
-36.956573,97,2951.260994
-28.979965,58,2951.451118
-121.886948,30,2951.556368
-22.885788,35,2951.679165
-130.978134,81,2951.940036
-21.891327,40,2952.081309
-125.962708,54,2952.258904
-27.963104,63,2958.94012
-33.912949,91,2959.243439
-38.983322,113,2959.609909
-30.917419,78,2959.867846
-124.979248,53,2960.042725
-125.977402,61,2960.238427
-123.977554,43,2960.462702
-33.978256,92,2969.038141
-27.912949,56,2969.22672
-20.821243,22,2969.309313
-117.887817,18,2969.375364
-23.804184,42,2969.518813
-28.933487,69,2969.743611
-124.934692,65,2969.956157
-124.929565,44,2970.105069
-33.978333,79,2970.353864
-41.981079,267,2983.260916
-28.943756,61,2983.458252
-119.909592,24,2983.543708
-120.933487,32,2983.654284
-26.912949,60,2983.851023
158.066513,525,2997.621607
-31.981979,89,3008.308456
-140.978027,112,3008.667107
-121.929565,39,3008.79287
-122.848938,43,3008.932102
-29.97847,67,3009.145619
-21.929535,35,3009.265393
-121.821289,28,3009.362729
-122.978333,39,3009.492568
158.057693,525,3021.523141
-23.933487,44,3021.665817
-126.981857,68,3027.810128
-122.912781,31,3027.923132
-24.935486,48,3028.091183
-26.980972,63,3028.303201
-27.979965,57,3028.495468
-32.955978,89,3028.784031
158.01825,525,3036.325333
-34.97847,93,3036.616376
-31.979965,79,3042.931354
-122.862366,37,3043.0589
-122.866852,49,3043.224172
-22.869476,41,3043.366356
-120.954803,26,3043.457749
-125.956314,47,3043.620317
-126.98175,46,3043.774077
-124.979965,47,3043.93399
-124.911926,53,3044.108712
-126.9776,53,3044.283555
-124.957062,48,3044.454902
-27.93486,70,3050.648889
-119.933487,38,3050.838854
158.043488,525,3058.469964
158.022003,525,3065.790749
158.022079,525,3073.394794
-21.933487,45,3073.550581
-24.978394,67,3073.771306
-24.956314,58,3073.965667
-120.945938,36,3074.088602
-121.979965,51,3074.25413
-120.979965,59,3074.445232
-23.914352,52,3080.640077
-119.891754,36,3080.768308
-122.926025,51,3080.981272
-120.847504,44,3081.129111
-123.982056,73,3081.360991
-119.96373,56,3081.550142
-120.954849,55,3081.732032
-19.911301,34,3081.84713
-20.979965,55,3082.039747
-24.981476,112,3088.240309
-26.978531,83,3088.526779
158.017944,525,3096.017298
-23.979965,91,3096.306439
-118.925461,40,3096.441693
-120.912018,45,3096.58977
-119.943192,35,3096.707723
-120.955002,31,3096.812114
158.043686,525,3104.508425
-121.956985,53,3104.674354
-120.956726,54,3110.838976
-27.978195,115,3111.221449
-117.78653,38,3111.392339
-22.935181,81,3111.652101
-117.979965,58,3111.834882
-122.964386,58,3112.026654
-25.982132,111,3112.381354
-120.890015,55,3120.751364
-120.912415,50,3120.928089
-121.977875,71,3121.169456
-116.954788,25,3121.256166
-119.956894,46,3121.41214
-120.933075,56,3121.599881
-18.955338,50,3121.777495
-19.956314,59,3121.98918
-120.977402,49,3122.152302
-119.886948,34,3122.28167
-117.929565,31,3122.386203
-117.933868,32,3130.941856
-120.933014,49,3131.108532
-119.977814,50,3131.282309
-116.870422,33,3131.398067
-120.934235,41,3131.541818
-17.956314,38,3131.68186
-19.956314,51,3131.859912
-117.932785,34,3131.982021
-118.933487,41,3132.132329
-21.979828,77,3132.39232
-121.889603,53,3132.579202
-115.934402,26,3138.335928
-24.979965,88,3138.637004
-118.885223,42,3138.782361
-119.979965,54,3138.95735
-117.954788,29,3139.054842
-118.964661,38,3139.181285
158.129562,525,3148.643373
-116.980957,60,3148.917453
-116.870438,31,3149.027694
-118.959808,71,3149.269552
-115.886612,28,3149.362546
-116.95491,46,3155.440098
-116.978424,33,3155.558986
-19.956512,92,3155.864316
-17.977615,97,3156.178537
-117.977432,51,3156.347155
-118.98175,89,3156.623637
-116.933487,36,3156.742189
-118.869476,45,3156.8881
-21.977585,162,3163.027705
-115.93219,34,3163.14107
-117.982162,71,3163.373822
-115.979828,36,3163.492096
-117.957092,63,3163.700791
-119.955353,67,3163.917591
-121.956314,66,3164.135937
-117.956314,44,3170.06156
-116.979965,42,3170.208125
-118.977722,56,3170.395491
-115.977661,31,3170.500373
-21.978638,134,3170.920867
-116.979965,58,3171.1032
-116.955994,62,3171.298726
-117.978058,35,3171.424577
-116.9776,32,3171.535837
-117.955093,40,3179.095288
-116.943192,56,3179.407486
-116.954788,37,3179.586784
-17.933487,33,3179.716885
-16.934952,58,3179.92084
-116.93219,56,3180.181679
-115.909592,39,3180.31806
-116.978546,89,3180.601823
-115.891953,50,3180.761396
-115.93219,45,3180.908145
-116.933487,41,3187.234377
-115.978317,106,3187.616722
-115.926895,41,3187.770775
-114.795532,12,3187.82319
-115.963333,56,3188.033101
-116.929565,20,3188.116865
-116.977432,38,3188.260563
-115.979965,31,3188.378843
-16.911926,46,3188.54739
-116.93219,40,3188.699926
-116.979965,44,3188.899586
-115.955246,50,3197.85822
-115.977997,46,3198.014922
-116.958389,41,3198.157321
-115.978256,53,3198.336696
-115.956894,41,3198.473254
-116.934128,70,3198.702561
-115.979965,61,3198.895214
-115.956345,54,3199.068493
-117.978149,61,3199.267132
-115.977615,49,3199.426957
-116.911926,47,3204.968935
-115.979828,82,3205.240793
-115.956833,51,3205.409046
-115.911957,42,3205.548856
-16.981339,93,3205.850839
-116.956314,25,3205.934985
-115.955856,43,3206.08394
-115.93808,50,3206.254748
-116.981445,118,3212.352523
-116.979965,49,3212.521452
-115.977737,53,3212.698623
-115.911926,51,3212.873253
-115.91066,37,3212.996537
-115.933014,29,3213.093102
-16.911957,51,3213.301857
-115.978333,60,3213.494298
-16.935379,55,3213.689936
-115.911926,30,3213.788065
-115.981079,76,3219.672751
-116.904282,55,3219.8549
-115.979828,97,3220.166057
-115.956635,68,3220.384073
-115.956314,40,3220.51661
-115.909561,33,3220.628162
-115.978012,84,3220.893446
-115.891953,29,3220.991249
-115.886612,36,3221.108791
-115.955185,30,3221.208133
-115.955505,57,3227.340498
-115.885223,34,3227.456601
-115.957016,44,3227.604828
-115.977402,41,3227.73723
-115.933487,84,3228.001524
-115.959732,67,3228.225865
-115.977631,37,3228.347883
-115.886993,49,3228.50284
-115.981873,46,3228.652067
-115.956512,50,3228.808939
-115.886612,42,3235.041132
-115.956299,54,3235.22268
-115.982162,56,3235.404858
-115.956314,25,3235.489497
-115.913834,55,3235.668032
-115.979828,50,3235.828934
-116.932983,43,3235.967701
-116.978394,77,3236.20592
-115.891327,74,3236.43699
-115.956543,33,3242.264163
-115.983383,45,3242.416436
-115.944489,65,3242.643016
-16.97934,87,3242.960786
-115.979965,68,3243.189118
-115.964645,39,3243.322005
-115.868561,35,3243.547245
-115.979828,41,3243.679405
-115.981659,59,3243.860516
-115.955612,46,3244.001897
-115.979965,51,3250.613743
-115.990723,55,3250.801731
-115.981644,131,3251.22919
-115.956314,40,3251.364991
-115.885391,45,3251.514665
-115.98024,108,3251.858769
-115.923843,26,3251.946648
-115.955978,58,3257.626879
-115.956314,57,3257.822011
-115.912781,54,3257.99823
-115.977402,31,3258.103081
-115.911377,41,3258.237318
-115.9552,25,3258.319865
-115.977264,52,3258.482244
-115.959717,53,3258.660805
-115.978455,50,3258.826512
-115.979965,70,3259.054289
-115.982162,52,3259.222635
-115.956223,52,3265.117099
-115.955978,45,3265.277997
-115.933487,40,3265.415036
-115.836105,32,3265.526425
-115.956512,80,3265.783195
-115.93364,26,3265.874248
-115.704147,29,3265.973805
-115.979965,64,3266.195348
-115.978287,44,3266.338092
-115.979965,34,3266.451853
-115.935272,62,3272.151423
-115.95607,52,3272.331685
-115.977402,36,3272.454703
-115.956314,63,3272.65981
-115.955002,57,3272.845666
-115.956314,54,3273.019631
-115.954987,27,3273.109682
-115.978394,66,3273.324477
-115.981888,78,3273.680879
-115.959824,60,3273.854671
-16.847702,43,3279.41898
-115.955978,32,3279.528121
-115.979965,37,3279.650258
-115.933487,78,3279.899199
-115.979965,37,3280.019418
-115.956314,63,3280.220273
-115.979965,43,3280.357188
-115.959412,71,3280.591371
-116.977661,44,3280.735298
-115.870438,59,3286.479318
-115.956345,69,3286.708981
-115.977402,39,3286.842287
-115.981857,70,3287.081934
-115.885773,57,3287.272527
-115.959671,65,3287.483839
-115.888794,22,3287.561707
-115.978607,63,3287.761816
-116.978256,63,3287.965072
-16.892105,57,3294.115729
-115.977386,41,3294.257006
-116.935883,50,3294.423824
-115.929535,55,3294.600077
-116.977539,33,3294.713841
-115.954803,53,3294.884536
-115.954681,40,3295.016672
-115.886948,30,3295.115611
-115.955338,34,3295.23388
-116.955734,82,3295.493394
-115.90509,45,3295.644295
-16.978394,64,3301.688615
-115.936264,49,3301.861767
-115.803436,20,3301.934318
-115.933487,35,3302.052083
-115.956314,56,3302.237725
-115.911301,45,3302.388815
-116.959732,72,3302.614521
-116.979965,61,3302.808876
-115.956314,70,3303.318129
-20.956924,56,3303.473392
-117.911774,27,3309.189167
158.039902,525,3316.404564
-119.979965,65,3316.618563
-119.912811,60,3316.810705
-118.956619,42,3316.949332
-20.978195,60,3317.141195
-117.955978,24,3317.223607
-116.935043,38,3317.349
-120.93219,42,3317.490586
158.021881,525,3324.898929
158.043167,525,3332.544425
-118.933487,34,3332.656306
-20.896545,45,3339.014684
-123.963547,66,3339.241013
158.086319,525,3346.493607
-123.95546,54,3346.67488
-24.933487,60,3346.866664
-119.931793,35,3346.981705
-19.870499,35,3347.097802
-21.956314,48,3347.251606
-119.743683,26,3347.342993
-118.93364,32,3347.447839
-120.97847,59,3347.641278
-22.933014,69,3353.617848
-22.978241,49,3353.780548
-29.978424,121,3354.163189
-20.956314,54,3354.333039
158.138016,525,3361.711193
-123.913544,61,3361.909436
-119.979965,49,3362.06602
-120.978333,39,3362.191911
-117.956314,29,3362.289744
158.045212,525,3369.590313
158.066925,525,3377.053196
158.108047,525,3390.0345
-119.956314,25,3390.122133
158.02211,525,3397.640031
-21.886612,41,3397.821289
-122.977722,36,3397.945858
158.021667,525,3405.204844
-24.907578,43,3405.367913
-27.97847,61,3405.586832
158.020721,525,3413.708752
-21.870422,35,3413.83719
-121.743683,29,3413.94862
158.178757,525,3422.316113
-28.943771,64,3422.559222
-127.955093,66,3429.906836
-26.979965,56,3430.121547
-20.870422,29,3430.238978
-28.956314,60,3430.514062
-22.870422,32,3430.641208
-25.933487,44,3430.806874
-129.910736,62,3431.044486
-26.956314,50,3431.254879
-32.934723,84,3431.620977
-121.955185,30,3431.751189
-26.869415,49,3439.021734
-37.978622,95,3439.341335
-31.956314,73,3439.60749
-123.977798,39,3439.759405
-29.92691,60,3439.959671
-123.977829,39,3440.094648
-26.925659,46,3440.249858
-124.978455,42,3440.391697
-20.929565,24,3440.480287
-30.982056,69,3447.105931
158.039429,525,3458.078533
-128.979965,58,3458.447784
-121.911301,31,3458.658975
-25.911957,51,3458.998394
-126.886612,51,3459.328649
-134.978424,81,3459.819512
-26.933487,52,3460.164902
-119.933487,20,3460.295426
-129.934952,67,3460.711829
-34.978394,75,3471.373206
-29.979965,64,3471.766309
-37.979965,102,3472.453937
-26.956314,49,3472.762329
-32.979965,66,3473.186624
-35.9422,84,3473.717584
-41.982132,101,3474.328145
-135.97821,79,3484.709008
-31.963104,62,3484.92226
-127.93277,49,3485.090619
-33.956314,77,3485.354215
-29.978058,58,3485.566069
-28.978256,55,3485.762017
-25.913681,39,3485.898987
-23.945938,36,3486.026019
-25.934219,41,3486.167073
-130.977692,62,3492.905941
-39.956635,96,3493.235648
-28.924591,53,3493.442185
-36.917374,81,3493.726565
-123.95578,33,3493.842523
-32.956314,67,3494.06823
-34.944473,74,3494.335285
66.022217,75,3500.665318
-29.885742,56,3500.882886
-40.958694,106,3501.250978
-31.979965,64,3501.474641
-31.95697,67,3501.717707
-34.906891,74,3501.965206
-36.981064,88,3502.251509
-24.913055,34,3508.511502
-19.803436,22,3508.593696
-125.907578,44,3508.747586
-25.956314,42,3508.89276
-28.978561,54,3509.075241
-26.890671,44,3509.229755
-28.934952,58,3509.50232
-27.932175,49,3509.671657
-33.977402,67,3509.896001
-32.979965,68,3510.119036
-136.978104,88,3516.098275
-26.956177,44,3516.271545
-33.869415,71,3516.508138
-25.933487,40,3516.648581
-121.909592,26,3516.740468
-33.979965,68,3516.979685
-29.885208,56,3517.176477
-34.859238,74,3517.430925
-132.889114,65,3517.653469
158.022171,525,3531.6328
-41.978256,110,3532.023759
-32.956924,68,3532.257573
-38.979965,86,3532.550068
158.066513,525,3540.176927
-26.982162,45,3540.330019
-27.977448,52,3540.510362
-28.957214,53,3540.678885
-24.933487,40,3540.8162
-27.933487,49,3546.907704
-31.956314,64,3547.133909
-34.961746,76,3547.389328
-30.962067,64,3547.615145
-37.91066,90,3547.912297
-126.912949,46,3548.070188
158.089584,525,3556.602526
-20.821243,23,3556.682513
-119.839554,20,3556.75509
-31.981842,67,3564.225792
-133.978607,75,3564.646009
-30.95694,62,3564.997748
-27.97818,48,3565.287155
-28.885223,55,3565.628535
-35.913849,77,3566.103188
-27.887726,54,3566.446052
-29.979965,54,3566.785522
-20.909592,25,3566.948116
-120.93309,26,3567.117067
-35.979965,77,3576.037965
-41.982132,111,3576.399011
-31.98349,64,3576.608065
-30.979965,66,3576.823075
-26.956314,52,3577.033411
-30.911926,59,3577.241017
-26.956314,48,3577.401664
-129.979965,61,3584.194496
-30.978333,70,3584.425284
-36.981003,93,3584.726306
-23.886612,38,3584.852988
267.14534,525,3592.632489
-31.978317,72,3592.858325
-32.979828,73,3593.11213
-39.956573,102,3599.682908
-25.91066,50,3599.859055
-27.979965,57,3600.054172
-36.934952,93,3600.361664
-122.911301,31,3600.467206
-30.980026,62,3600.671874
-120.932755,23,3600.755434
-41.955627,119,3601.132144
-30.978622,63,3601.348342
-28.979965,67,3607.51501
158.066513,525,3615.383955
-123.933487,40,3615.519406
-23.892105,49,3615.679801
-36.933487,96,3616.021378
-35.958694,88,3616.35949
-120.886993,26,3616.461944
-20.885223,34,3616.584501
-24.979965,52,3616.761007
-34.978256,88,3623.521901
-23.743683,36,3623.653326
-33.979965,78,3623.910562
-133.977661,82,3624.184045
-31.980026,78,3624.435642
158.043686,525,3632.273766
-121.910461,32,3632.386063
-38.977707,115,3639.288967
-25.91066,48,3639.457839
158.064789,525,3652.351177
-20.956314,26,3652.445482
-120.743683,30,3652.54766
-20.803391,27,3652.643873
174.0,525,3666.614747
-31.913208,89,3666.892591
158.066513,525,3682.308949
-21.870422,33,3682.460592
158.01799,525,3700.826686
158.017929,525,3714.213164
-27.956314,65,3714.661826
174.0,525,3724.407359
-120.979965,30,3732.290205
-22.979965,42,3732.474026
-125.943619,61,3732.72524
-120.955978,34,3732.862615
-27.979965,75,3733.145095
-122.979965,47,3733.322903
-119.886612,32,3733.457144
-122.91066,43,3733.61005
-121.933487,37,3733.772409
-119.890091,26,3733.877743
-120.91153,56,3734.088583
-123.956207,50,3741.024256
-121.977432,44,3741.215653
-127.978348,81,3741.537784
-26.979965,70,3741.814219
-120.979965,34,3741.94212
-27.981689,71,3742.227246
-22.979965,36,3742.369838
-120.90509,34,3742.529078
-20.761627,25,3742.647943
158.043686,525,3751.561572
-121.956161,53,3751.837769
-21.956635,67,3759.174264
-117.909561,28,3759.295267
158.017944,525,3769.566698
-19.924454,54,3769.973886
-122.956314,86,3770.604884
-125.981949,81,3771.191327
-118.977417,41,3771.477821
-21.956924,53,3771.86938
-119.958282,43,3772.235099
-28.978455,109,3784.036953
-17.839188,23,3784.14388
-122.885773,46,3784.331647
-118.911926,35,3784.474924
-20.978027,59,3784.718464
158.021957,525,3793.958618
-117.888092,24,3794.065651
-117.978333,58,3794.316051
-17.839188,37,3794.469437
-16.884216,32,3794.610784
-23.979965,80,3794.937237
-119.977402,67,3802.210417
-117.932175,38,3802.41358
-118.870438,40,3802.619829
-17.933487,48,3802.851729
-118.956314,45,3803.091374
-17.933487,35,3803.291955
-118.977875,47,3803.555369
-116.846664,34,3803.747634
158.021515,525,3818.422628
-116.910416,28,3818.614364
-117.931595,49,3818.941633
-118.955307,65,3831.36813
-117.909576,35,3831.634113
-119.979965,48,3831.996388
-116.97847,98,3832.655371
-117.911957,37,3832.912469
-20.95636,75,3833.435134
-117.977737,47,3833.767873
-116.977554,33,3833.989258
-118.978241,84,3834.559024
-115.978287,34,3846.426632
-116.911957,46,3846.759866
-116.979965,38,3847.061599
-117.978302,51,3847.51433
-117.979767,70,3848.040223
-115.977402,58,3848.463372
-115.761627,31,3848.693504
-118.978409,69,3849.202094
-116.954788,29,3849.393931
-117.97847,59,3849.658732
-116.97818,98,3855.932406
-21.954865,106,3856.294981
-17.963928,95,3856.61462
-19.977402,76,3856.873422
-117.938187,58,3857.086889
-23.979965,146,3863.968011
-118.979965,70,3864.21616
-118.944321,61,3864.431881
-17.979965,75,3864.693557
-116.93309,25,3864.780692
-116.933487,35,3864.89969
-115.979965,48,3865.069319
-117.983505,54,3865.262025
-116.934601,35,3865.389028
-17.978302,56,3865.590009
-22.96225,101,3872.20009
-118.932907,30,3872.314263
-116.954529,47,3872.490604
-115.743652,23,3872.579143
-116.955338,51,3872.770299
-116.933487,54,3872.962043
-115.723846,17,3873.026914
-116.956314,41,3873.180127
-116.929565,31,3873.288722
-117.977661,52,3873.464236
-115.978134,51,3873.646051
-16.821243,29,3879.165052
-119.977402,57,3879.376676
-115.891724,37,3879.508185
-115.95549,58,3879.74801
-115.977951,34,3879.873507
-115.956314,54,3880.074147
-115.97995,50,3880.245225
-115.9776,31,3880.363666
-115.956314,58,3880.566401
-18.978592,146,3887.169735
-115.886993,31,3887.289578
-116.956528,55,3887.493692
-116.933533,50,3887.67295
-115.933487,27,3887.770101
-115.933487,38,3887.896117
-117.97821,100,3888.227715
-115.911118,29,3888.333744
-116.863754,42,3888.478702
-116.954803,33,3888.594451
-115.909576,49,3888.778184
-115.978561,43,3895.834058
-116.886612,56,3896.04061
-17.983109,74,3896.304386
-115.958679,62,3896.524481
-115.933014,33,3896.640893
-116.979965,56,3896.824426
-115.933487,38,3896.961327
-115.956314,54,3897.148279
-18.944473,68,3897.394868
