#{"t_start": 1720480938.435634, "env_id": "VizdoomDefendCenter-v0"}
r,l,t
0.0,96,0.805747
-1.0,76,0.867357
-1.0,78,0.930394
1.0,101,1.012375
-1.0,79,1.076501
0.0,72,1.135208
1.0,108,1.222153
1.0,72,1.281169
-1.0,73,1.340347
-1.0,51,1.382074
-1.0,77,1.444136
2.0,104,1.5289
-1.0,79,1.592478
1.0,87,1.662215
0.0,59,1.709589
2.0,108,1.795984
0.0,82,1.862016
2.0,99,1.941079
0.0,80,2.005591
0.0,78,2.068126
0.0,75,2.128324
-1.0,69,2.184386
0.0,87,2.25421
-1.0,79,2.317578
0.0,79,2.381258
1.0,74,3.22737
0.0,85,3.297589
0.0,74,3.358436
0.0,75,3.419955
1.0,87,3.491504
2.0,95,3.569203
0.0,98,3.649889
0.0,90,3.725948
1.0,108,3.81565
1.0,112,3.909295
0.0,92,3.98442
0.0,76,4.046421
3.0,117,4.141549
0.0,71,4.199602
1.0,95,4.277546
1.0,112,4.370076
-1.0,61,4.420828
1.0,65,4.475025
1.0,67,4.529762
-1.0,76,4.59177
1.0,96,4.669931
1.0,96,4.74821
0.0,71,4.806265
0.0,82,5.450359
1.0,107,5.538289
2.0,113,5.631199
-1.0,68,5.687135
0.0,69,5.743699
2.0,105,5.830036
0.0,81,5.897372
1.0,78,5.96321
-1.0,75,6.025651
0.0,75,6.088165
0.0,97,6.168642
0.0,68,6.73779
-1.0,67,6.792434
-1.0,71,6.850443
2.0,86,6.92011
1.0,84,6.988274
-1.0,64,7.041019
1.0,110,7.130535
-1.0,63,7.182292
2.0,89,7.254827
1.0,87,7.325737
0.0,68,7.38123
0.0,82,7.447975
1.0,85,7.51667
1.0,82,7.583351
2.0,108,8.274077
1.0,100,8.355425
1.0,94,8.431972
3.0,119,8.5286
1.0,82,8.595552
-1.0,76,8.657511
5.0,133,8.765725
2.0,103,8.850083
0.0,88,8.922029
6.0,159,9.051432
1.0,82,9.118133
0.0,76,9.180006
0.0,75,9.24166
0.0,88,9.313445
4.0,114,9.406615
1.0,105,9.49178
3.0,107,9.579048
2.0,99,9.65961
4.0,119,9.756283
0.0,61,9.806394
1.0,110,10.490584
0.0,73,10.550311
2.0,115,10.644649
3.0,120,10.742762
6.0,128,10.846692
3.0,113,10.938641
1.0,73,10.999008
0.0,65,11.052217
2.0,109,11.141439
1.0,100,11.222893
5.0,130,11.328668
1.0,96,11.4074
1.0,88,11.485325
1.0,81,11.552308
1.0,88,11.624029
3.0,115,11.717552
4.0,118,11.814329
3.0,114,11.90737
2.0,100,12.703832
7.0,156,12.83142
1.0,78,13.489753
4.0,124,13.590872
4.0,111,13.681248
3.0,111,13.771368
1.0,81,13.83743
5.0,137,13.948677
3.0,119,14.045613
1.0,75,14.107108
4.0,145,14.22479
3.0,124,14.325903
1.0,82,14.39251
4.0,110,14.481979
3.0,110,14.571539
5.0,117,14.666723
2.0,109,14.755463
4.0,110,14.845613
7.0,171,14.985909
6.0,152,15.111972
4.0,121,15.809202
7.0,127,15.914247
3.0,106,16.002468
3.0,99,16.084808
6.0,142,16.202714
5.0,118,16.301453
2.0,101,16.385805
7.0,136,16.498707
5.0,125,16.602634
4.0,113,16.696438
1.0,75,16.758883
2.0,122,16.860135
2.0,105,16.947622
1.0,88,17.020945
5.0,116,17.118034
7.0,170,17.258825
3.0,91,17.334489
6.0,140,18.014359
2.0,93,18.092425
5.0,123,18.200066
3.0,112,18.290977
5.0,115,18.384546
5.0,138,18.496491
9.0,197,19.531351
5.0,146,19.652404
5.0,123,19.753255
5.0,117,19.849234
5.0,131,19.956608
10.0,203,20.122378
7.0,161,20.254006
9.0,182,20.402505
3.0,110,20.495242
3.0,115,21.187165
8.0,174,21.329481
10.0,221,21.509557
4.0,133,21.618251
4.0,120,21.716394
4.0,124,21.817759
5.0,126,21.920734
6.0,151,22.044346
10.0,193,22.201083
7.0,153,22.326776
5.0,130,22.434098
2.0,117,22.529986
1.0,52,22.572684
4.0,100,22.653863
4.0,133,22.761512
3.0,97,22.840516
8.0,173,23.577583
6.0,132,23.687538
2.0,82,23.754563
7.0,168,23.889839
3.0,106,23.975789
5.0,127,24.07841
8.0,167,24.213525
8.0,197,24.372962
6.0,137,24.483829
6.0,154,24.607917
5.0,113,24.699311
5.0,105,26.408498
3.0,89,26.48111
8.0,189,26.634563
8.0,203,27.396131
9.0,170,27.534441
6.0,114,27.62796
2.0,112,27.72024
9.0,166,27.856839
7.0,148,27.978136
10.0,183,28.128604
5.0,126,28.232902
8.0,148,28.354721
4.0,106,28.441826
6.0,131,28.549445
9.0,207,28.718859
11.0,221,28.899878
4.0,101,28.983264
10.0,182,29.70507
8.0,166,29.842203
5.0,110,29.933297
4.0,133,30.044154
8.0,151,30.166411
6.0,110,30.255596
13.0,243,30.451713
7.0,152,30.574621
8.0,186,30.725712
11.0,187,30.876996
10.0,211,31.048153
8.0,208,31.217
3.0,80,31.891507
10.0,210,32.061199
8.0,179,33.791094
11.0,233,33.979015
2.0,93,34.055579
7.0,171,34.193627
11.0,216,34.367794
8.0,153,34.491022
8.0,184,34.639311
6.0,135,34.748267
9.0,197,34.906927
15.0,261,35.710566
10.0,203,35.878873
7.0,139,35.994411
10.0,187,36.149903
3.0,87,36.222856
7.0,148,36.345788
13.0,252,36.553986
5.0,116,36.650958
7.0,132,36.760925
8.0,185,36.914495
4.0,129,37.019433
6.0,136,37.130697
6.0,166,37.267196
12.0,188,37.982253
8.0,157,38.109682
4.0,109,38.198406
13.0,276,38.421863
3.0,117,38.516713
10.0,183,38.664922
14.0,257,38.87331
12.0,241,40.591648
4.0,131,40.719094
3.0,83,40.791744
12.0,212,40.967641
3.0,84,41.037807
4.0,113,41.131923
12.0,215,41.93263
10.0,214,42.112045
11.0,220,42.295588
10.0,184,42.446306
10.0,200,42.608372
11.0,188,42.762372
8.0,190,42.916628
13.0,206,43.084442
8.0,166,43.219442
10.0,214,43.39284
11.0,200,44.118909
3.0,90,44.194286
7.0,153,44.321298
12.0,230,44.510868
4.0,105,44.598011
9.0,184,44.746911
13.0,235,44.936273
15.0,305,45.182431
12.0,249,45.384131
12.0,220,45.562069
5.0,127,45.666044
10.0,159,46.366351
15.0,272,48.044739
12.0,197,48.210057
14.0,254,48.416523
9.0,135,48.525719
16.0,275,48.747182
9.0,155,48.872262
4.0,83,48.939748
6.0,144,49.058191
7.0,151,49.183197
9.0,176,49.328977
11.0,218,50.07823
14.0,262,50.292431
11.0,184,50.442464
10.0,173,50.583454
6.0,112,50.674686
5.0,122,50.774475
12.0,231,50.962546
10.0,192,51.11988
9.0,176,51.263191
18.0,327,51.531598
16.0,266,52.343387
13.0,252,52.54868
8.0,145,52.666354
14.0,231,52.854853
6.0,152,52.978671
14.0,253,54.640235
14.0,269,54.862605
14.0,246,55.066616
8.0,188,55.223236
8.0,159,55.354842
10.0,206,56.13489
8.0,159,56.263824
9.0,184,56.412557
10.0,183,56.56075
10.0,196,56.719993
11.0,213,56.892283
7.0,133,57.00019
14.0,237,57.192505
10.0,179,57.337854
15.0,241,57.532929
6.0,125,57.635199
10.0,195,58.412265
7.0,153,58.537569
11.0,209,58.708389
13.0,228,58.892855
19.0,278,59.117207
10.0,161,59.247636
12.0,213,59.42061
8.0,161,59.551167
7.0,169,59.687624
8.0,159,59.825393
10.0,205,61.858449
10.0,220,62.036026
16.0,286,62.267295
11.0,216,62.442114
8.0,151,62.564013
6.0,116,62.657951
9.0,192,62.813134
6.0,120,62.910672
10.0,166,63.044842
3.0,108,63.133038
3.0,77,63.195674
11.0,204,63.360876
13.0,256,64.138175
12.0,217,64.314036
5.0,103,64.398625
6.0,144,64.516187
12.0,175,64.658848
12.0,226,64.847951
12.0,214,65.022785
13.0,206,65.191832
11.0,188,65.345973
6.0,147,65.466134
17.0,291,65.703415
17.0,306,66.515245
11.0,176,66.65738
15.0,265,66.871635
18.0,318,68.752069
11.0,202,68.915656
11.0,226,69.098815
11.0,201,69.26321
10.0,195,69.422428
12.0,234,70.191464
10.0,169,70.330528
12.0,242,70.528088
13.0,262,70.741929
10.0,176,70.886554
11.0,199,71.049367
13.0,238,71.243748
11.0,228,71.430567
11.0,181,71.580336
11.0,186,71.73184
17.0,302,72.549626
5.0,94,72.626575
7.0,124,72.727795
9.0,173,72.869626
14.0,226,73.053807
7.0,121,73.153542
14.0,208,73.324027
13.0,215,73.499475
15.0,272,73.722847
10.0,173,75.38693
17.0,299,76.205797
6.0,128,76.312554
11.0,205,76.482665
9.0,154,76.611225
16.0,258,76.821886
15.0,296,77.063542
6.0,127,77.167847
6.0,125,77.270679
11.0,177,77.421497
10.0,208,77.594379
14.0,259,77.80948
13.0,238,78.574048
12.0,240,78.769993
15.0,230,78.95819
14.0,229,79.145478
6.0,121,79.245022
8.0,172,79.386314
12.0,278,79.612945
12.0,181,79.761145
14.0,239,79.956551
12.0,227,80.748909
12.0,198,80.912012
16.0,261,81.125803
9.0,202,82.769111
13.0,238,82.963037
12.0,191,83.118227
11.0,180,83.264942
10.0,184,83.415799
13.0,215,83.591852
10.0,207,83.766233
14.0,248,84.551732
13.0,214,84.72889
16.0,271,84.949727
15.0,246,85.151449
14.0,259,85.363783
10.0,181,85.51151
14.0,232,85.715941
11.0,223,85.90239
12.0,224,86.131464
13.0,244,86.948596
5.0,103,87.035711
7.0,157,87.174549
16.0,280,87.421879
14.0,241,87.624918
12.0,232,87.832421
14.0,259,88.088277
15.0,214,89.992841
13.0,244,90.207011
14.0,249,91.021312
15.0,206,91.214257
9.0,172,91.372163
14.0,211,91.572094
12.0,195,91.742225
15.0,241,91.949889
10.0,171,92.096766
11.0,232,92.302908
7.0,125,92.409857
11.0,212,92.588238
13.0,216,93.385094
12.0,162,93.516899
12.0,213,93.688739
11.0,226,93.875377
7.0,149,93.998792
10.0,166,94.13895
13.0,185,94.306926
12.0,224,94.494619
11.0,200,94.656699
10.0,148,94.778198
10.0,187,94.929574
8.0,137,95.042293
8.0,175,95.807171
15.0,256,97.463083
5.0,109,97.553624
13.0,223,97.746
12.0,196,97.916693
7.0,123,98.02249
13.0,208,98.203671
12.0,221,98.40377
12.0,223,98.616412
12.0,225,98.810807
11.0,162,99.597135
10.0,168,99.737261
7.0,146,99.858618
11.0,154,99.986758
11.0,217,100.171434
10.0,167,100.311393
7.0,150,100.439977
11.0,202,100.616597
12.0,238,100.822915
11.0,195,101.027906
10.0,204,101.199687
11.0,197,101.995133
14.0,237,102.196476
12.0,194,102.360258
13.0,226,102.549566
13.0,234,102.76005
6.0,126,102.864681
13.0,268,104.585039
14.0,197,104.748058
10.0,187,104.903369
8.0,155,105.03491
7.0,128,105.144057
7.0,153,105.846097
11.0,179,105.993329
10.0,182,106.145916
6.0,138,106.260281
6.0,119,106.359621
10.0,179,106.508519
11.0,187,106.664219
8.0,134,106.775066
10.0,202,106.950317
8.0,159,107.092604
11.0,193,107.256233
11.0,210,107.434787
6.0,105,108.109787
13.0,238,108.309973
11.0,188,108.473369
13.0,228,108.668649
10.0,185,108.824199
10.0,192,108.986582
12.0,190,109.147554
13.0,275,109.378804
11.0,187,109.537053
12.0,183,109.690506
11.0,165,110.452982
13.0,256,111.828011
9.0,140,111.948507
8.0,118,112.04722
11.0,202,112.218253
9.0,179,112.366442
11.0,207,112.539025
7.0,121,112.640666
12.0,216,112.824458
9.0,184,112.981198
7.0,118,113.079778
9.0,139,113.195113
8.0,165,113.926807
8.0,120,114.026211
11.0,187,114.182208
10.0,172,114.325023
8.0,128,114.431896
9.0,208,114.604955
11.0,197,114.768179
6.0,121,114.8719
6.0,120,114.971727
6.0,131,115.079882
11.0,172,115.223008
11.0,187,115.379389
7.0,129,115.488477
12.0,236,116.274716
8.0,122,116.375714
9.0,163,116.513257
4.0,111,116.606315
10.0,189,116.769535
6.0,134,116.893581
9.0,152,117.020831
7.0,124,118.194821
10.0,201,118.365861
8.0,181,118.518975
5.0,146,118.64041
10.0,198,118.804907
12.0,217,118.984492
5.0,113,119.678858
7.0,163,119.81606
10.0,165,119.953766
10.0,192,120.112381
7.0,146,120.234371
7.0,145,120.354428
8.0,166,120.49171
5.0,105,120.578853
11.0,206,120.749245
8.0,123,120.85113
10.0,188,121.007001
5.0,105,121.094874
10.0,186,121.249429
12.0,210,122.027608
13.0,225,122.218997
8.0,151,122.345674
8.0,198,122.514636
8.0,134,122.6284
11.0,194,122.792934
8.0,152,122.922045
14.0,269,123.153312
12.0,246,123.38039
6.0,133,123.489713
11.0,184,125.236
5.0,122,125.976835
14.0,236,126.183028
9.0,166,126.330271
11.0,195,126.505656
9.0,159,126.645032
7.0,146,126.772003
11.0,224,126.966399
7.0,149,127.094023
9.0,195,127.261749
13.0,215,127.44523
8.0,158,127.578453
9.0,111,128.297978
8.0,126,128.403862
10.0,187,128.560525
8.0,178,128.710244
9.0,166,128.849428
9.0,190,129.013565
5.0,107,129.105903
6.0,124,129.212435
5.0,119,129.314532
8.0,153,129.445406
10.0,206,129.621015
4.0,120,129.723732
11.0,199,129.893162
7.0,168,130.637301
11.0,205,130.81034
9.0,188,130.969819
7.0,129,131.079797
14.0,258,131.294461
11.0,165,132.713825
9.0,142,132.836167
12.0,220,133.017916
8.0,158,133.149741
9.0,170,133.290772
10.0,165,133.428191
8.0,147,133.557381
12.0,198,134.298318
9.0,214,134.480582
9.0,146,134.605467
12.0,204,134.782909
13.0,177,134.946029
7.0,133,135.059724
6.0,148,135.184602
7.0,154,135.32379
13.0,228,135.513604
8.0,182,135.67136
9.0,200,135.838087
9.0,187,136.593745
9.0,174,136.740628
10.0,200,136.907757
6.0,133,137.018152
8.0,157,137.148627
10.0,218,137.32932
9.0,182,137.481774
10.0,195,137.645552
11.0,199,137.811482
10.0,235,139.041781
7.0,156,139.171995
9.0,163,139.308558
11.0,196,140.09906
7.0,165,140.239082
5.0,137,140.355562
6.0,143,140.475233
8.0,176,140.621405
8.0,146,140.743072
8.0,154,140.874531
13.0,234,141.071206
9.0,182,141.225182
9.0,198,141.395033
6.0,134,141.509504
8.0,178,141.659789
7.0,180,142.407322
6.0,146,142.52972
10.0,187,142.68651
10.0,208,142.861996
10.0,184,143.017207
10.0,207,143.189017
9.0,188,143.350621
9.0,204,143.519971
9.0,197,143.684282
4.0,103,143.770617
10.0,186,143.927336
4.0,119,144.627052
9.0,132,144.73783
6.0,136,144.852165
7.0,163,144.990228
12.0,184,146.229279
9.0,179,146.38154
7.0,132,146.492753
7.0,121,146.595723
7.0,106,146.685052
10.0,169,146.829936
8.0,190,146.990875
8.0,179,147.139697
5.0,105,147.226928
6.0,154,147.354644
9.0,163,148.07573
9.0,147,148.201418
9.0,192,148.364681
11.0,164,148.505265
6.0,143,148.6258
8.0,164,148.764037
9.0,196,148.9308
13.0,220,149.114603
10.0,178,149.266845
9.0,180,149.419115
11.0,194,149.582632
9.0,140,149.70363
11.0,151,150.433035
9.0,173,150.578959
9.0,153,150.7093
9.0,167,150.851239
10.0,179,151.004061
6.0,136,151.13057
13.0,206,151.301486
10.0,218,151.487793
7.0,121,152.760511
9.0,158,152.892731
10.0,170,153.04635
5.0,94,153.130263
7.0,131,153.241443
12.0,247,154.043585
9.0,180,154.194238
9.0,149,154.318249
8.0,152,154.445625
8.0,162,154.580836
11.0,220,154.763443
8.0,161,154.899456
10.0,165,155.037994
8.0,149,155.162144
10.0,176,155.311611
10.0,200,155.484224
8.0,147,156.192871
8.0,132,156.303782
9.0,168,156.444492
10.0,222,156.643818
7.0,128,156.752776
6.0,118,156.853709
9.0,196,157.020301
10.0,172,157.166663
11.0,214,157.347724
8.0,145,157.472643
8.0,139,157.6017
5.0,116,157.700552
8.0,149,157.82732
7.0,125,158.540712
7.0,136,158.664928
9.0,175,159.988581
5.0,111,160.083427
10.0,162,160.232633
10.0,165,160.373846
7.0,130,160.482102
5.0,108,160.575087
10.0,149,160.701133
8.0,134,160.81456
10.0,183,160.97009
10.0,191,161.132643
5.0,118,161.23354
9.0,219,161.418872
8.0,144,162.121076
10.0,156,162.258343
7.0,143,162.378758
8.0,176,162.526074
7.0,138,162.641171
11.0,181,162.792057
12.0,215,162.971687
7.0,145,163.092238
9.0,152,163.219794
7.0,149,163.344668
8.0,151,163.471296
12.0,195,163.634772
10.0,184,164.383875
7.0,113,164.478071
10.0,199,164.644326
6.0,137,164.758562
12.0,213,164.93682
9.0,183,165.089566
9.0,171,165.232991
8.0,181,166.522764
9.0,162,166.65846
4.0,105,166.746758
9.0,149,166.891668
14.0,209,167.071031
13.0,217,167.89538
7.0,159,168.032852
11.0,213,168.213388
13.0,207,168.388478
13.0,209,168.567449
11.0,177,168.71811
12.0,221,168.90529
13.0,193,169.069938
11.0,190,169.228763
10.0,167,169.370184
14.0,239,169.571566
13.0,203,170.323513
5.0,126,170.429265
11.0,170,170.578405
11.0,205,170.748874
11.0,191,170.907705
4.0,97,170.9887
10.0,195,171.151044
10.0,182,171.303537
8.0,139,171.418758
12.0,223,171.607933
10.0,186,171.765633
10.0,183,172.495125
7.0,124,173.791997
12.0,223,173.993134
11.0,146,174.133419
12.0,211,174.322664
7.0,137,174.437986
14.0,197,174.603904
11.0,230,174.796601
9.0,136,174.911341
9.0,163,175.049067
10.0,183,175.204939
7.0,123,175.309226
11.0,179,176.049057
8.0,141,176.171358
13.0,208,176.347042
14.0,256,176.561602
12.0,228,176.753871
14.0,235,176.953125
9.0,165,177.095684
7.0,160,177.230834
7.0,178,177.3801
10.0,138,177.496829
4.0,102,177.584434
12.0,174,177.72951
5.0,119,178.41345
10.0,159,178.546153
10.0,162,178.681289
12.0,182,178.83331
14.0,234,179.027412
13.0,207,180.302426
7.0,147,180.425045
11.0,152,180.559669
9.0,116,180.659143
13.0,221,180.845317
12.0,186,181.005064
12.0,191,181.171768
8.0,163,181.886789
10.0,168,182.026811
10.0,163,182.164191
10.0,160,182.30042
14.0,217,182.480063
11.0,186,182.635881
15.0,253,182.846076
8.0,134,182.957092
13.0,213,183.135116
12.0,217,183.315767
4.0,77,183.379965
10.0,213,184.133236
6.0,113,184.227005
3.0,82,184.296792
8.0,134,184.409057
12.0,204,184.579959
13.0,181,184.731929
9.0,161,184.870836
7.0,150,184.997579
11.0,167,185.136876
11.0,201,185.304399
7.0,117,185.401815
6.0,115,185.497152
8.0,140,185.614715
9.0,158,186.91551
8.0,156,187.638851
9.0,146,187.760275
7.0,151,187.88635
7.0,132,187.996706
7.0,119,188.096763
15.0,232,188.291619
12.0,219,188.473102
7.0,129,188.585128
11.0,181,188.740278
16.0,239,188.951988
10.0,159,189.10236
12.0,176,189.250192
10.0,175,190.02699
12.0,188,190.184502
8.0,138,190.303531
14.0,214,190.483349
8.0,198,190.660813
11.0,197,190.832631
9.0,173,190.978245
8.0,151,191.106503
10.0,209,191.283039
15.0,247,191.490446
12.0,184,191.646577
10.0,201,192.414519
10.0,208,192.589697
11.0,231,192.785254
10.0,175,194.277297
5.0,126,194.382422
15.0,249,194.59076
10.0,178,194.743586
15.0,243,194.946529
11.0,187,195.106428
12.0,213,195.283919
12.0,165,196.007966
7.0,121,196.109406
11.0,170,196.251117
7.0,129,196.358709
12.0,198,196.525064
12.0,208,196.703507
11.0,205,196.876642
9.0,142,196.99457
12.0,214,197.173862
13.0,232,197.36856
11.0,174,197.515641
12.0,216,198.291171
12.0,234,198.494321
14.0,244,198.697293
14.0,253,198.906774
11.0,197,199.069915
15.0,245,199.278995
6.0,135,199.393208
15.0,231,199.588483
9.0,188,201.218796
13.0,181,201.370862
13.0,229,202.148069
9.0,189,202.310715
6.0,124,202.413783
15.0,207,202.586174
8.0,135,202.698897
8.0,140,202.815513
14.0,228,203.005274
15.0,243,203.208541
9.0,163,203.345165
11.0,164,203.481353
14.0,255,203.692582
8.0,190,204.435925
11.0,178,204.584137
11.0,206,204.753855
11.0,215,204.932487
14.0,226,205.119457
12.0,207,205.290713
6.0,148,205.41376
13.0,240,205.614156
13.0,246,205.82305
15.0,229,206.594311
15.0,250,206.80717
17.0,280,208.921104
7.0,145,209.044684
7.0,138,209.161824
15.0,220,209.349519
14.0,231,209.545316
14.0,236,209.752753
11.0,190,209.939454
9.0,153,210.069901
12.0,238,210.873833
7.0,142,210.993417
12.0,178,211.14429
10.0,168,211.283942
8.0,155,211.413105
8.0,187,211.569206
14.0,200,211.736064
11.0,222,211.920621
15.0,263,212.14045
12.0,193,212.302305
11.0,200,212.469726
12.0,197,213.224549
14.0,196,213.391971
15.0,246,213.60145
16.0,257,213.819649
9.0,167,213.963111
17.0,261,214.18526
12.0,216,215.917625
15.0,246,216.12652
16.0,298,216.38188
14.0,239,217.163399
13.0,235,217.366715
15.0,259,217.582129
11.0,210,217.758525
9.0,167,217.902206
13.0,201,218.069675
13.0,224,218.261312
10.0,168,218.403675
14.0,209,218.579064
11.0,201,219.342546
15.0,274,219.575598
11.0,192,219.736325
11.0,152,219.86291
12.0,216,220.043828
7.0,128,220.150877
11.0,174,220.296948
6.0,165,220.435014
5.0,114,220.53047
8.0,149,220.658094
12.0,209,220.833529
9.0,171,220.976364
16.0,235,221.793783
13.0,204,223.520064
9.0,141,223.6388
12.0,172,223.783727
12.0,216,223.964721
11.0,220,224.152108
12.0,223,224.342129
13.0,193,224.506608
6.0,117,224.604851
13.0,211,224.781402
8.0,160,224.91607
10.0,175,225.650381
8.0,186,225.807477
7.0,133,225.919903
12.0,220,226.106604
12.0,248,226.314179
11.0,158,226.450984
14.0,220,226.635122
6.0,134,226.747725
14.0,248,226.956382
10.0,194,227.119927
10.0,188,227.280908
10.0,158,228.002099
14.0,217,228.187272
11.0,195,228.351701
13.0,239,228.554401
14.0,231,228.749692
10.0,226,230.214856
10.0,233,230.41153
9.0,201,230.57964
13.0,246,230.785447
14.0,218,231.570446
15.0,241,231.771955
13.0,214,231.950729
16.0,266,232.173308
11.0,207,232.347559
13.0,240,232.552882
10.0,175,232.69946
11.0,196,232.86407
13.0,235,233.063576
14.0,259,233.876963
14.0,253,234.097921
10.0,219,234.2802
13.0,247,234.500058
13.0,262,234.722019
12.0,235,234.922531
15.0,239,235.127693
10.0,189,235.304321
10.0,197,235.471589
13.0,212,237.804702
12.0,196,237.968182
12.0,239,238.167494
12.0,209,238.341331
14.0,225,238.52913
10.0,199,238.695426
12.0,205,238.867699
10.0,199,239.034063
14.0,216,239.214324
8.0,150,239.340145
11.0,175,240.079531
11.0,223,240.270051
11.0,179,240.430981
12.0,199,240.601867
10.0,200,240.769447
10.0,204,240.940545
11.0,185,241.10114
7.0,135,241.220562
13.0,246,241.426585
9.0,174,241.57306
14.0,261,242.385945
11.0,168,242.527739
11.0,220,242.715235
12.0,236,242.914409
15.0,259,243.133495
13.0,233,244.932293
14.0,231,245.124575
12.0,221,245.313836
16.0,265,245.542201
12.0,204,246.310145
10.0,179,246.459489
11.0,227,246.651593
10.0,205,246.821782
15.0,220,247.008837
12.0,197,247.173414
11.0,203,247.345001
18.0,284,247.58322
11.0,239,247.782356
9.0,173,247.926711
11.0,184,248.664975
8.0,133,248.776475
5.0,113,248.871542
11.0,237,249.069018
6.0,120,249.169294
6.0,119,249.269078
12.0,235,249.465748
13.0,197,249.630478
14.0,264,249.853926
10.0,219,250.040311
12.0,209,251.579435
10.0,228,252.361462
8.0,131,252.47441
11.0,225,252.66096
10.0,171,252.80343
7.0,119,252.903236
9.0,143,253.021563
10.0,209,253.196214
13.0,232,253.389178
13.0,222,253.575224
10.0,183,253.728192
10.0,156,253.858132
12.0,225,254.655443
10.0,214,254.836688
3.0,88,254.911152
13.0,245,255.128557
10.0,134,255.241045
5.0,124,255.363204
7.0,137,255.480474
12.0,255,255.692356
10.0,184,255.846446
10.0,174,255.991242
9.0,167,256.130967
12.0,234,256.326394
9.0,149,257.042697
10.0,168,257.183277
7.0,126,257.289325
4.0,106,257.378156
10.0,184,258.806389
8.0,143,258.925419
7.0,99,259.008332
10.0,176,259.157925
12.0,227,259.348881
9.0,169,259.490163
13.0,229,259.686836
10.0,198,259.85172
10.0,179,260.628381
12.0,244,260.832893
12.0,237,261.031987
5.0,124,261.137616
4.0,121,261.239073
9.0,151,261.365434
7.0,158,261.497857
9.0,151,261.624637
8.0,169,261.765649
8.0,179,261.914282
9.0,203,262.083334
11.0,198,262.247877
10.0,185,262.990643
9.0,167,263.130047
7.0,138,263.245323
15.0,266,263.467555
9.0,195,263.632231
10.0,227,263.827071
12.0,203,264.002339
8.0,193,264.163073
8.0,174,265.769476
12.0,223,265.955749
8.0,178,266.699087
9.0,182,266.850735
5.0,137,266.965023
6.0,167,267.104745
11.0,178,267.254366
7.0,114,267.351087
10.0,175,267.499541
12.0,216,267.679725
9.0,184,267.83233
10.0,194,267.993025
8.0,199,268.15973
8.0,180,268.310445
8.0,177,269.045401
12.0,200,269.215088
12.0,192,269.37894
10.0,172,269.525735
10.0,211,269.707019
9.0,145,269.83551
12.0,193,270.002019
10.0,169,270.14643
9.0,180,270.299664
10.0,188,270.459941
8.0,150,270.58883
10.0,173,271.316792
9.0,148,271.442066
11.0,203,271.612455
6.0,136,272.964041
6.0,148,273.087413
9.0,166,273.22604
7.0,107,273.315857
10.0,177,273.464036
7.0,149,273.589338
10.0,161,273.724137
8.0,157,273.855397
10.0,172,274.001086
8.0,171,274.146962
10.0,208,274.904918
9.0,180,275.055162
8.0,158,275.189252
10.0,210,275.367069
7.0,120,275.472599
10.0,178,275.624329
6.0,118,275.724483
11.0,207,275.898267
9.0,162,276.034032
10.0,207,276.207142
8.0,161,276.342801
7.0,146,276.466935
10.0,190,277.230069
11.0,206,277.406786
9.0,190,277.569284
14.0,292,277.817656
10.0,185,277.976917
9.0,172,278.125702
10.0,165,278.266835
11.0,179,279.728275
7.0,123,279.834586
10.0,169,279.976596
7.0,109,280.068455
7.0,117,280.166795
10.0,168,280.895333
7.0,137,281.011887
9.0,213,281.192671
9.0,166,281.331506
14.0,303,281.584696
9.0,168,281.725102
10.0,196,281.88825
10.0,182,282.04037
10.0,156,282.170716
11.0,167,282.312267
10.0,184,282.466566
12.0,211,283.235102
8.0,157,283.369477
4.0,121,283.474092
6.0,113,283.570851
3.0,119,283.670996
5.0,85,283.742394
5.0,123,283.846764
10.0,206,284.020147
8.0,169,284.163306
11.0,200,284.330671
6.0,120,284.432394
7.0,184,284.588786
7.0,162,284.724702
7.0,153,285.435619
8.0,171,285.58067
8.0,149,286.775046
7.0,148,286.898401
7.0,164,287.035233
6.0,138,287.15034
7.0,174,287.296149
9.0,175,287.442955
9.0,203,287.612432
7.0,166,287.751644
7.0,113,287.84783
9.0,169,287.993172
6.0,138,288.111352
11.0,181,288.847397
9.0,202,289.019887
6.0,137,289.138346
7.0,154,289.270005
7.0,155,289.403316
8.0,139,289.521812
6.0,145,289.647873
11.0,197,289.814061
7.0,166,289.952214
8.0,120,290.052739
5.0,116,290.153228
9.0,141,290.274437
7.0,138,290.392375
10.0,203,291.15941
9.0,188,291.320985
10.0,189,291.483984
10.0,180,291.638328
6.0,144,291.761294
8.0,173,291.910221
9.0,212,293.345107
9.0,172,293.505395
10.0,198,293.678988
6.0,150,293.802776
10.0,228,293.993996
7.0,138,294.107458
5.0,107,294.832018
10.0,150,294.95854
7.0,155,295.085929
10.0,155,295.213522
5.0,133,295.322918
6.0,123,295.424372
12.0,233,295.615345
4.0,125,295.717979
8.0,177,295.866775
11.0,189,296.030789
7.0,199,296.205874
10.0,184,296.367266
8.0,143,296.486219
9.0,186,297.264551
11.0,226,297.464599
6.0,121,297.570199
12.0,200,297.742978
9.0,167,297.88239
6.0,115,297.981189
12.0,218,298.160885
10.0,211,298.338846
9.0,151,298.479105
13.0,261,298.712811
9.0,149,298.844201
6.0,175,300.887309
14.0,240,301.110181
11.0,189,301.28921
11.0,180,301.451442
10.0,191,301.61775
10.0,195,301.801222
12.0,202,301.976004
12.0,180,302.138449
9.0,137,302.260464
8.0,143,302.390868
6.0,124,302.512949
7.0,143,302.655938
12.0,201,303.429648
9.0,168,303.578029
10.0,202,303.751199
7.0,140,303.872332
10.0,195,304.040702
14.0,237,304.249996
10.0,162,304.391524
11.0,203,304.578187
8.0,168,304.738911
7.0,160,304.880056
7.0,132,305.003493
11.0,189,305.778357
9.0,182,305.941653
8.0,154,306.076487
7.0,132,306.192482
10.0,162,306.338122
13.0,231,307.843228
13.0,231,308.041891
9.0,154,308.183029
8.0,163,308.337007
9.0,164,308.479555
5.0,132,308.600399
9.0,138,308.720329
12.0,193,309.456239
8.0,130,309.564378
10.0,167,309.70317
10.0,169,309.845541
12.0,196,310.027373
12.0,167,310.170558
12.0,200,310.334883
5.0,90,310.410127
10.0,177,310.55732
9.0,153,310.688117
13.0,203,310.88432
8.0,148,311.007839
13.0,227,311.785916
9.0,177,311.942972
5.0,120,312.041301
12.0,221,312.223548
6.0,130,312.330488
11.0,202,312.494314
12.0,223,312.67626
6.0,130,312.784081
11.0,223,312.965315
10.0,194,313.122557
8.0,163,314.589482
9.0,169,314.737525
11.0,173,315.527367
8.0,188,315.690473
7.0,158,315.821899
12.0,219,316.004613
11.0,214,316.183226
12.0,224,316.36857
6.0,116,316.463244
9.0,195,316.621506
11.0,202,316.785933
10.0,188,316.938008
6.0,138,317.050247
9.0,187,317.80484
6.0,129,317.916784
10.0,156,318.046744
10.0,195,318.210549
7.0,114,318.30348
8.0,147,318.424742
13.0,214,318.598262
13.0,200,318.76603
9.0,192,318.930713
9.0,162,319.074534
5.0,116,319.170595
9.0,193,319.33591
10.0,217,320.159973
8.0,178,320.305825
8.0,150,320.432127
9.0,154,320.564906
10.0,206,322.074311
11.0,208,322.246138
9.0,180,322.394589
13.0,207,322.566576
10.0,211,322.781665
7.0,165,322.928113
10.0,216,323.108128
8.0,197,323.880624
9.0,140,323.996865
13.0,217,324.176577
13.0,287,324.477302
10.0,238,324.670581
9.0,187,324.822106
13.0,211,324.994042
9.0,202,325.15849
10.0,213,325.332569
9.0,188,325.492617
14.0,218,326.296396
7.0,151,326.421414
11.0,229,326.610659
8.0,185,326.761305
8.0,171,326.900651
7.0,157,327.031644
9.0,183,327.180538
12.0,201,327.355483
13.0,214,328.939543
8.0,161,329.069768
13.0,266,329.864717
13.0,199,330.025919
6.0,119,330.122531
8.0,199,330.284663
5.0,128,330.388841
9.0,199,330.551022
7.0,158,330.6792
11.0,194,330.839783
9.0,154,330.964648
8.0,169,331.103604
7.0,128,331.211152
11.0,204,331.381008
10.0,196,332.14589
8.0,142,332.264368
13.0,186,332.418895
10.0,204,332.590539
8.0,158,332.722486
11.0,181,332.873629
6.0,138,332.988506
6.0,120,333.088559
9.0,164,333.224854
7.0,145,333.34577
8.0,158,333.477889
14.0,256,333.695376
9.0,170,334.39977
7.0,117,334.497688
9.0,181,334.648003
10.0,183,336.006418
5.0,145,336.128221
11.0,207,336.298486
8.0,146,336.417771
8.0,185,336.569102
10.0,182,336.716933
9.0,190,336.874452
7.0,124,336.980601
12.0,231,337.171735
8.0,178,337.904823
12.0,212,338.078499
12.0,228,338.264886
12.0,197,338.426555
14.0,247,338.62866
11.0,189,338.783587
7.0,152,338.908391
10.0,206,339.077748
8.0,181,339.226005
11.0,215,339.402061
13.0,171,339.542506
13.0,200,340.33667
6.0,128,340.441725
9.0,224,340.626039
11.0,172,340.767213
10.0,174,340.910495
8.0,153,341.036794
14.0,223,341.220363
7.0,132,342.549764
11.0,200,342.712198
10.0,197,342.872102
11.0,200,343.035111
8.0,174,343.751087
11.0,216,343.941693
6.0,128,344.046727
12.0,187,344.198525
13.0,246,344.397847
9.0,177,344.541788
9.0,136,344.65202
11.0,212,344.823892
11.0,239,345.01767
6.0,129,345.122444
12.0,180,345.268112
10.0,190,346.009858
10.0,192,346.166364
12.0,193,346.322668
11.0,189,346.476103
7.0,162,346.607527
8.0,158,346.735602
9.0,196,346.89479
5.0,115,346.98877
12.0,227,347.178684
12.0,246,347.380713
8.0,168,347.517867
14.0,230,349.678603
9.0,206,349.849774
8.0,148,349.973073
11.0,183,350.125121
12.0,222,350.309496
12.0,197,350.47349
9.0,200,350.639736
10.0,202,350.807538
9.0,184,350.960376
9.0,198,351.1255
8.0,158,351.257268
9.0,193,352.050988
10.0,169,352.19061
6.0,130,352.297944
9.0,164,352.434843
12.0,219,352.618717
6.0,121,352.718583
10.0,180,352.86617
5.0,124,352.968215
8.0,145,353.089392
11.0,214,353.263996
11.0,170,353.40346
9.0,181,353.55196
11.0,205,354.342915
9.0,178,354.488856
6.0,117,354.58535
7.0,159,354.715755
10.0,189,354.870961
11.0,202,355.037001
11.0,218,356.366056
8.0,154,356.491169
6.0,132,356.59866
13.0,208,356.767286
7.0,141,356.881594
6.0,108,356.969409
6.0,105,357.627932
9.0,166,357.76283
12.0,222,357.941774
10.0,174,358.090889
6.0,106,358.184397
7.0,166,358.335631
8.0,163,358.468327
8.0,167,358.603575
9.0,163,358.735423
7.0,134,358.844066
8.0,133,358.953214
7.0,149,359.075208
7.0,125,359.177471
8.0,160,359.911675
10.0,181,360.083528
6.0,130,360.195965
8.0,186,360.369251
9.0,187,360.521736
10.0,205,360.688903
10.0,189,360.844023
9.0,143,360.9606
10.0,184,361.114173
9.0,172,361.255358
8.0,130,361.372198
9.0,202,361.547968
10.0,185,363.561866
8.0,147,363.683538
5.0,136,363.796305
8.0,177,363.945587
13.0,230,364.151172
7.0,134,364.277711
9.0,180,364.435125
9.0,199,364.599314
7.0,135,364.710729
15.0,237,364.909575
7.0,143,365.029797
6.0,131,365.140108
7.0,138,365.254556
13.0,256,366.052462
9.0,149,366.180421
13.0,265,366.399426
5.0,134,366.511097
5.0,134,366.622348
5.0,109,366.715211
9.0,147,366.836385
15.0,261,367.051893
8.0,158,367.182105
14.0,251,367.389157
7.0,147,367.510426
10.0,151,368.230457
11.0,206,368.401363
11.0,198,368.566654
12.0,248,368.768232
10.0,157,370.359556
10.0,216,370.536646
10.0,138,370.649555
13.0,217,370.826123
3.0,95,370.90377
11.0,166,371.0385
5.0,127,371.142554
10.0,198,371.87986
12.0,192,372.036099
16.0,273,372.259239
11.0,206,372.426519
11.0,206,372.596195
13.0,245,372.79546
8.0,162,372.929717
9.0,171,373.06939
11.0,193,373.228741
7.0,115,373.322512
17.0,272,374.122644
12.0,217,374.304585
5.0,138,374.421491
9.0,211,374.608831
9.0,186,374.773234
13.0,234,374.991983
10.0,158,375.130073
10.0,203,375.314975
11.0,203,375.509633
7.0,128,375.625605
9.0,206,377.007807
9.0,148,377.129839
7.0,143,377.829866
11.0,206,378.009577
10.0,143,378.127364
13.0,258,378.34185
7.0,128,378.448236
10.0,167,378.585314
10.0,189,378.73969
9.0,150,378.862385
7.0,125,378.967692
10.0,240,379.170551
10.0,196,379.332374
12.0,193,380.088159
11.0,210,380.259422
14.0,227,380.454624
10.0,180,380.603056
7.0,158,380.732976
10.0,218,380.912461
11.0,219,381.093229
6.0,135,381.204245
9.0,139,381.319546
7.0,129,381.429051
13.0,209,381.606839
11.0,186,382.335193
5.0,148,382.455742
7.0,141,382.572095
11.0,181,382.722799
10.0,208,383.863041
10.0,180,384.009321
8.0,154,384.134789
6.0,115,384.229112
7.0,134,384.338253
4.0,109,384.427143
9.0,127,384.530841
9.0,200,384.695133
9.0,173,384.836216
6.0,119,384.933506
13.0,263,385.736687
12.0,243,385.935038
10.0,198,386.09676
18.0,285,386.339212
9.0,186,386.489338
6.0,158,386.61665
12.0,236,386.809647
11.0,232,387.000003
5.0,133,387.108926
11.0,225,387.877848
10.0,193,388.034247
8.0,165,388.171008
6.0,122,388.271788
8.0,188,388.425797
9.0,147,388.546779
7.0,149,388.668586
12.0,229,388.855356
5.0,130,388.961991
6.0,130,390.141968
9.0,179,390.288913
7.0,152,390.413172
5.0,116,390.508515
5.0,120,391.198035
10.0,192,391.356595
8.0,149,391.47965
12.0,225,391.664974
15.0,242,391.863725
8.0,196,392.024339
13.0,204,392.192046
5.0,127,392.296396
9.0,193,392.454969
10.0,204,392.621948
12.0,221,392.802972
12.0,209,393.549351
9.0,167,393.686671
10.0,179,393.833468
8.0,141,393.949337
9.0,171,394.089702
9.0,152,394.21522
12.0,246,394.418505
9.0,165,394.553406
4.0,102,394.636662
10.0,206,394.807892
6.0,130,394.915736
5.0,109,395.006255
2.0,74,395.068098
10.0,187,395.799535
5.0,136,395.910898
11.0,249,397.046591
12.0,229,397.233094
3.0,91,397.307779
7.0,127,397.411364
9.0,176,397.554747
12.0,227,397.739906
13.0,208,397.909953
14.0,254,398.117048
7.0,146,398.236638
15.0,287,399.041551
7.0,145,399.159728
12.0,192,399.318249
6.0,129,399.426183
12.0,220,399.60796
5.0,119,399.706116
9.0,189,399.861673
13.0,276,400.088397
10.0,193,400.248362
6.0,139,400.366355
12.0,212,401.114794
11.0,205,401.287049
7.0,128,401.391759
6.0,124,401.493587
10.0,190,401.650121
10.0,161,401.782574
10.0,182,401.931845
10.0,199,402.094002
10.0,186,403.405928
9.0,156,403.533334
9.0,193,403.690766
11.0,175,403.834459
8.0,141,404.521133
9.0,185,404.671724
9.0,157,404.799307
5.0,120,404.897044
11.0,185,405.047834
12.0,262,405.260855
4.0,101,405.343387
8.0,154,405.4686
6.0,160,405.598932
9.0,183,405.747998
10.0,179,405.893771
9.0,175,406.03609
9.0,164,406.171065
6.0,119,406.846271
10.0,209,407.01678
10.0,142,407.132259
7.0,145,407.249979
6.0,129,407.355028
7.0,137,407.466491
4.0,127,407.569724
11.0,222,407.750267
11.0,207,407.919678
4.0,98,407.999705
7.0,133,408.107641
8.0,152,408.231608
11.0,181,408.379154
10.0,172,410.350984
12.0,186,410.502313
6.0,108,410.591303
6.0,124,410.691852
13.0,228,410.875733
9.0,158,411.003239
5.0,138,411.114648
9.0,159,411.243185
11.0,217,411.421147
8.0,192,411.577077
12.0,200,411.739176
5.0,116,411.83359
12.0,239,412.618621
11.0,195,412.779891
9.0,147,412.899323
6.0,145,413.01733
3.0,81,413.08348
8.0,154,413.208596
13.0,205,413.375973
14.0,257,413.590086
10.0,188,413.742208
7.0,136,413.85375
5.0,128,413.959769
12.0,266,414.176065
6.0,135,414.914668
3.0,81,414.980906
6.0,132,415.087934
4.0,124,415.188507
4.0,76,415.250392
3.0,94,415.326946
1.0,63,415.378874
9.0,178,415.527214
12.0,196,416.307044
2.0,76,416.369566
8.0,149,416.49161
8.0,136,416.603287
6.0,138,416.715969
6.0,121,416.814037
1.0,70,416.871322
11.0,217,417.047821
9.0,193,417.774601
5.0,131,417.880958
4.0,106,417.967389
4.0,94,418.044559
4.0,101,418.12762
10.0,164,418.261008
8.0,158,418.39037
4.0,94,418.466954
4.0,74,418.52748
6.0,110,418.617342
5.0,123,418.717452
4.0,89,418.790268
5.0,116,418.884856
9.0,160,419.015326
3.0,75,419.076643
4.0,88,419.148414
4.0,115,419.242008
5.0,105,419.328436
5.0,97,419.98006
3.0,104,420.06424
6.0,118,420.159706
8.0,146,420.283259
4.0,134,420.391996
8.0,135,420.501494
8.0,177,420.644205
4.0,129,420.748665
7.0,160,420.877676
3.0,103,420.960992
8.0,138,421.073677
4.0,114,421.169406
12.0,222,421.356226
8.0,170,422.259005
11.0,155,423.015744
8.0,133,423.139486
7.0,149,423.281005
4.0,114,423.379561
5.0,101,423.471044
4.0,120,423.569637
3.0,84,423.638851
7.0,134,423.749398
2.0,95,423.828062
5.0,132,423.945302
2.0,71,424.004899
3.0,83,424.072776
5.0,139,424.199682
9.0,196,424.37682
3.0,81,424.449104
5.0,112,424.549345
9.0,115,424.65087
13.0,188,425.407931
8.0,122,425.515583
3.0,75,425.581352
7.0,138,425.700452
9.0,164,425.850055
9.0,158,425.983929
12.0,230,426.182615
8.0,145,426.30588
10.0,157,426.439335
6.0,149,426.565957
5.0,140,426.697574
12.0,160,426.836298
5.0,145,426.967433
2.0,60,427.017794
10.0,182,427.16824
12.0,192,427.909763
3.0,99,427.991635
6.0,148,428.117218
10.0,164,428.252542
6.0,131,428.360093
7.0,132,429.561692
7.0,136,429.688737
4.0,89,429.761288
3.0,84,429.830018
6.0,128,429.934134
7.0,163,430.067979
10.0,171,430.21349
12.0,186,430.375522
5.0,128,430.488429
7.0,154,431.214844
4.0,82,431.283601
9.0,160,431.414225
8.0,126,431.516974
14.0,236,431.70904
6.0,110,431.798805
13.0,222,431.979493
13.0,243,432.178199
10.0,159,432.326601
9.0,184,432.484314
5.0,98,432.566168
8.0,158,432.696577
9.0,160,432.827998
10.0,163,433.559006
12.0,196,433.719338
15.0,188,433.873203
6.0,130,433.979109
12.0,245,434.190332
10.0,156,434.318842
17.0,249,434.52495
11.0,207,434.701778
10.0,152,434.836352
9.0,196,436.303457
11.0,155,436.430483
8.0,109,437.153268
10.0,154,437.287367
6.0,128,437.397113
10.0,155,437.527567
11.0,201,437.696639
7.0,155,437.827308
8.0,129,437.936098
10.0,168,438.078488
6.0,116,438.183546
12.0,226,438.385846
3.0,93,438.471459
8.0,154,438.606648
10.0,201,438.78134
13.0,243,439.638354
11.0,221,439.820197
3.0,64,439.872954
8.0,133,439.981668
8.0,157,440.109802
10.0,188,440.264568
6.0,133,440.377293
8.0,152,440.503065
4.0,115,440.598308
10.0,215,440.780075
13.0,213,440.958433
10.0,145,441.076433
6.0,124,441.179232
9.0,149,441.898616
10.0,149,442.02213
5.0,101,442.106267
8.0,132,442.216208
10.0,170,443.513677
8.0,152,443.640224
12.0,212,443.816028
10.0,177,443.962865
7.0,156,444.091684
10.0,156,444.220943
3.0,81,444.288871
12.0,234,444.484448
11.0,230,444.671941
16.0,266,445.463301
8.0,161,445.60424
10.0,149,445.726233
10.0,193,445.885496
9.0,178,446.031037
11.0,195,446.19007
5.0,124,446.292112
1.0,64,446.345804
7.0,107,446.435395
8.0,152,446.56035
14.0,209,446.732325
11.0,187,446.885794
8.0,149,447.588418
9.0,204,447.754712
7.0,120,447.853122
9.0,162,447.984936
7.0,150,448.107607
15.0,227,448.293705
10.0,148,448.415418
12.0,165,448.551398
11.0,203,450.065781
10.0,151,450.191945
11.0,159,450.322497
13.0,241,450.521067
13.0,241,451.348969
13.0,230,451.546767
9.0,189,451.702278
7.0,144,451.821923
11.0,188,451.979625
12.0,163,452.117069
9.0,159,452.251766
11.0,205,452.436051
10.0,181,452.59307
12.0,212,452.781869
16.0,261,453.629185
6.0,137,453.752013
9.0,199,453.928218
11.0,228,454.118661
7.0,109,454.223884
13.0,234,454.42772
16.0,268,454.657225
13.0,231,454.858252
9.0,165,455.003357
6.0,97,455.085642
9.0,146,455.211027
8.0,202,456.028079
6.0,118,456.130349
0.0,52,456.175118
9.0,180,457.036576
9.0,198,457.209786
1.0,62,457.266279
6.0,122,457.373486
4.0,87,457.457142
5.0,113,457.555981
10.0,165,457.697349
10.0,195,457.867236
8.0,144,457.989563
4.0,93,458.068547
10.0,191,458.228943
12.0,216,458.412153
2.0,70,458.47093
3.0,96,459.197509
4.0,87,459.287011
9.0,159,459.432369
5.0,101,459.530561
10.0,191,459.725681
9.0,159,459.864436
5.0,125,459.975993
10.0,155,460.114834
6.0,155,460.266364
13.0,209,460.453163
6.0,94,460.569043
9.0,172,460.722118
1.0,67,460.777874
3.0,107,460.872262
6.0,131,460.997136
6.0,123,461.696719
8.0,175,461.860765
11.0,195,462.026042
11.0,217,462.204979
4.0,106,462.295494
11.0,248,462.511902
3.0,78,462.576853
9.0,169,463.382668
4.0,90,463.459651
8.0,127,463.587451
9.0,130,463.696231
7.0,107,463.786856
8.0,174,463.937633
7.0,144,464.065701
8.0,140,464.812376
11.0,196,464.989259
11.0,205,465.174257
11.0,208,465.356253
9.0,185,465.563209
7.0,136,465.680776
7.0,165,465.818861
7.0,157,465.953161
10.0,170,466.096622
14.0,303,466.362937
13.0,225,467.146797
2.0,74,467.208927
14.0,254,467.422092
15.0,282,467.681299
8.0,140,467.804843
7.0,138,467.928446
12.0,233,468.141668
11.0,203,468.329413
13.0,250,468.546641
6.0,125,468.654953
3.0,128,468.767298
11.0,174,468.920149
7.0,143,470.880481
11.0,165,471.019037
7.0,143,471.144741
7.0,126,471.250247
13.0,239,471.469202
10.0,164,471.618898
12.0,215,471.821742
8.0,153,471.962545
13.0,207,472.13705
7.0,137,472.256305
14.0,215,472.44975
10.0,157,473.226699
12.0,200,473.405421
7.0,124,473.515947
8.0,168,473.67151
11.0,165,473.826578
8.0,132,473.942522
4.0,125,474.071769
5.0,135,474.225417
8.0,138,474.3531
13.0,220,474.542967
13.0,225,474.741322
9.0,179,474.898414
9.0,202,475.073347
9.0,158,475.837722
13.0,228,476.033506
13.0,203,476.211753
11.0,170,476.363143
10.0,192,476.534297
13.0,178,477.995775
11.0,208,478.177215
9.0,141,478.321374
13.0,209,478.504605
9.0,162,478.640726
8.0,139,478.761531
11.0,210,479.600206
8.0,141,479.72271
6.0,130,479.838363
12.0,176,480.012925
13.0,238,480.229173
15.0,222,480.426538
7.0,114,480.522797
9.0,162,480.67164
10.0,192,480.837541
11.0,204,481.015449
14.0,257,481.239024
11.0,213,482.036307
14.0,205,482.212343
12.0,192,482.377576
12.0,196,482.551288
8.0,117,482.650179
9.0,188,482.804693
7.0,125,482.908479
12.0,226,483.094581
12.0,201,483.259586
11.0,192,483.417768
14.0,222,484.880637
9.0,168,485.68227
8.0,133,485.798273
8.0,133,485.915469
7.0,144,486.036656
9.0,143,486.155526
14.0,253,486.385736
12.0,195,486.582937
6.0,111,486.691647
11.0,191,486.855638
9.0,161,486.987528
15.0,280,487.223801
11.0,156,487.352358
14.0,246,488.163943
13.0,192,488.325166
14.0,233,488.520318
5.0,116,488.62174
15.0,240,488.819188
12.0,158,488.948293
12.0,200,489.111641
15.0,221,489.292155
12.0,201,489.45697
7.0,110,489.547491
7.0,148,489.671217
8.0,140,490.397713
11.0,178,490.543489
13.0,196,490.716309
11.0,188,490.877154
9.0,175,492.25812
12.0,188,492.433717
10.0,165,492.569312
11.0,193,492.729488
9.0,191,492.887293
7.0,121,492.986773
13.0,208,493.158144
12.0,175,493.881379
8.0,152,494.013303
12.0,180,494.162978
11.0,219,494.352164
12.0,197,494.519874
5.0,113,494.613346
11.0,199,494.777396
13.0,253,494.986201
12.0,190,495.143147
8.0,141,495.261549
10.0,170,495.404574
11.0,223,496.193871
5.0,119,496.301317
10.0,185,496.46659
12.0,185,496.644011
14.0,234,496.846039
12.0,181,497.003799
15.0,258,497.225612
5.0,118,497.327625
9.0,162,497.469144
10.0,178,498.93294
10.0,168,499.07694
16.0,267,499.896126
10.0,202,500.061552
11.0,162,500.195775
14.0,199,500.359558
10.0,148,500.483577
14.0,240,500.697554
16.0,256,500.94878
13.0,204,501.118511
7.0,161,501.254659
14.0,205,501.430535
11.0,175,501.592818
9.0,165,502.365317
12.0,196,502.539486
10.0,187,502.745027
12.0,199,502.931831
7.0,158,503.08174
10.0,166,503.237854
11.0,208,503.420828
8.0,155,503.554336
15.0,276,503.799728
12.0,194,503.974999
7.0,149,504.106418
12.0,212,504.962989
11.0,175,505.126629
13.0,239,506.835906
14.0,233,507.045761
11.0,209,507.241746
9.0,170,507.427311
12.0,215,507.610052
12.0,217,507.799009
11.0,203,507.987276
8.0,117,508.093004
9.0,160,508.926292
6.0,150,509.054721
13.0,215,509.2439
6.0,127,509.378306
10.0,184,509.539832
11.0,192,509.710941
8.0,132,509.828465
5.0,120,509.94556
2.0,91,510.03582
10.0,132,510.153038
8.0,146,510.28356
11.0,229,510.510643
13.0,178,510.668619
11.0,179,511.422414
13.0,214,511.616009
13.0,204,511.795756
13.0,201,511.973175
7.0,149,512.099762
7.0,139,512.219206
6.0,156,512.352343
9.0,163,512.492293
11.0,186,514.166359
7.0,157,514.301738
11.0,183,514.461889
12.0,206,514.672071
12.0,168,515.460265
6.0,150,515.604261
10.0,194,515.770641
11.0,181,515.930469
11.0,179,516.089324
5.0,126,516.198629
6.0,116,516.300028
8.0,175,516.45077
11.0,197,516.617085
9.0,125,516.723681
12.0,161,516.8608
9.0,163,517.000499
7.0,163,517.736985
9.0,150,517.870788
10.0,217,518.079648
9.0,179,518.255711
10.0,155,518.391236
11.0,187,518.55068
9.0,181,518.706315
11.0,213,518.887944
7.0,138,519.005771
11.0,192,519.173662
11.0,160,519.310174
9.0,168,519.453657
13.0,191,520.239931
11.0,172,521.434665
6.0,134,521.55675
4.0,96,521.643435
7.0,156,521.78281
8.0,172,521.932652
9.0,152,522.064546
11.0,216,522.251607
9.0,144,522.373728
11.0,180,522.530453
6.0,134,522.649665
11.0,221,522.838081
8.0,130,522.949344
12.0,210,523.727476
13.0,218,523.915141
6.0,128,524.027395
8.0,133,524.142089
4.0,127,524.24876
12.0,201,524.417254
4.0,79,524.48411
9.0,181,524.637023
10.0,173,524.782665
10.0,167,524.925688
10.0,176,525.07281
7.0,133,525.183455
11.0,208,525.943141
10.0,213,526.122175
8.0,154,526.252411
11.0,197,526.418857
11.0,190,526.600888
12.0,207,526.79355
13.0,186,528.294023
12.0,168,528.433418
13.0,229,528.62648
7.0,136,528.739944
6.0,119,528.839347
7.0,128,528.953023
10.0,169,529.715719
13.0,236,529.920342
8.0,157,530.049006
8.0,132,530.159997
8.0,119,530.26116
9.0,169,530.405687
4.0,128,530.51529
7.0,121,530.614393
13.0,218,530.792996
13.0,207,530.962024
5.0,110,531.054136
9.0,171,531.193583
8.0,163,531.326515
10.0,187,532.09646
9.0,153,532.222683
5.0,108,532.313358
10.0,185,532.46705
10.0,168,532.606073
8.0,153,532.732608
6.0,122,532.83234
9.0,161,532.964321
10.0,179,533.110312
4.0,121,533.209078
11.0,223,533.393685
11.0,178,533.542765
12.0,217,535.641781
6.0,102,535.730697
2.0,62,535.781744
3.0,79,535.846199
8.0,160,535.976451
9.0,178,536.121826
8.0,150,536.244648
6.0,136,536.355881
6.0,112,536.447413
12.0,201,536.614146
10.0,185,536.776189
4.0,130,536.887257
1.0,71,536.948869
10.0,170,537.093463
9.0,178,537.238498
7.0,114,537.963953
11.0,210,538.147835
5.0,106,538.239871
9.0,155,538.378606
7.0,146,538.498927
12.0,220,538.677571
8.0,149,538.799207
10.0,190,538.966456
11.0,196,539.126315
10.0,152,539.250196
12.0,219,539.428658
11.0,161,539.562017
11.0,204,540.315188
11.0,221,540.493873
13.0,234,540.684815
12.0,208,540.853802
8.0,141,542.271778
8.0,159,542.402028
10.0,164,542.537856
12.0,206,542.704377
8.0,161,542.834766
14.0,265,543.048661
8.0,163,543.755279
10.0,189,543.912181
10.0,165,544.046008
8.0,171,544.184499
11.0,188,544.339086
10.0,161,544.469718
13.0,194,544.627296
10.0,171,544.77329
9.0,160,544.910861
10.0,200,545.081563
9.0,161,545.21447
11.0,198,545.380755
9.0,164,546.097221
10.0,194,546.258435
11.0,207,546.426797
11.0,208,546.595622
10.0,182,546.743961
13.0,224,546.926454
12.0,210,547.097294
8.0,139,547.210217
8.0,161,547.347371
7.0,141,547.472198
8.0,146,548.75314
7.0,154,549.504328
12.0,180,549.661515
11.0,150,549.79465
13.0,240,550.004166
12.0,215,550.199082
8.0,132,550.313964
13.0,216,550.510503
9.0,160,550.653798
9.0,200,550.828064
8.0,143,550.951898
13.0,229,551.153595
12.0,154,551.290679
9.0,148,552.046814
8.0,143,552.183297
11.0,173,552.353554
10.0,172,552.513659
16.0,263,552.748707
12.0,206,552.929058
7.0,149,553.058813
10.0,180,553.230818
14.0,236,553.436442
13.0,207,553.62351
10.0,179,553.781829
12.0,268,554.589998
6.0,123,554.701677
7.0,133,554.819156
15.0,252,556.245394
12.0,172,556.388849
12.0,207,556.56465
10.0,195,556.73027
11.0,206,556.905151
6.0,137,557.020525
12.0,222,557.207811
10.0,168,557.942583
4.0,134,558.060467
9.0,165,558.202062
10.0,209,558.38082
13.0,198,558.549505
13.0,219,558.737002
6.0,123,558.841439
6.0,131,558.951224
8.0,136,559.06461
8.0,118,559.166454
5.0,135,559.28038
8.0,144,559.403642
6.0,133,559.51784
9.0,159,559.660233
4.0,100,560.336828
9.0,164,560.477046
8.0,157,560.608737
8.0,118,560.712784
10.0,191,560.879571
12.0,193,561.041834
3.0,84,561.112865
12.0,235,561.311716
7.0,148,561.434686
8.0,148,561.55722
9.0,154,563.092957
12.0,233,563.290699
13.0,207,564.077518
6.0,134,564.188944
12.0,189,564.351411
9.0,170,564.49697
7.0,116,564.597302
12.0,205,564.77083
7.0,136,564.887447
12.0,221,565.07118
6.0,139,565.187931
15.0,287,565.427585
14.0,174,565.573338
7.0,124,565.67855
13.0,220,566.453959
8.0,136,566.578254
12.0,233,566.772663
11.0,208,566.946327
10.0,199,567.112955
9.0,177,567.260189
8.0,142,567.378899
10.0,215,567.559869
8.0,150,567.685245
10.0,155,567.81635
9.0,141,567.934176
10.0,196,568.703058
13.0,234,568.901483
6.0,131,569.014072
6.0,134,570.380816
12.0,225,570.571729
3.0,82,570.641509
5.0,112,570.740035
13.0,225,570.929191
15.0,282,571.164339
8.0,155,571.29501
8.0,150,571.421139
8.0,152,571.549333
4.0,78,571.61651
11.0,169,572.362903
3.0,68,572.42215
5.0,141,572.595211
12.0,217,572.779078
14.0,234,572.975038
8.0,158,573.108497
2.0,76,573.173101
14.0,246,573.381503
10.0,155,573.512314
3.0,109,573.60741
5.0,141,573.725519
12.0,217,573.909121
6.0,111,574.003188
14.0,180,574.7554
15.0,236,574.953077
11.0,183,575.104225
14.0,197,575.267401
14.0,234,575.465249
14.0,241,575.672017
14.0,238,577.000462
6.0,127,577.106365
7.0,160,577.244283
13.0,196,577.407712
7.0,117,578.094995
8.0,174,578.241452
10.0,164,578.38411
10.0,179,578.536524
4.0,114,578.63305
9.0,149,578.759775
11.0,188,578.917796
9.0,172,579.063909
8.0,171,579.208076
1.0,61,579.261094
17.0,227,579.457842
7.0,139,579.576689
7.0,155,579.705833
15.0,214,580.496699
3.0,79,580.563841
9.0,172,580.710207
11.0,198,580.876314
6.0,157,581.008946
11.0,189,581.167081
7.0,148,581.290876
7.0,145,581.412714
9.0,152,581.540341
2.0,75,581.60403
11.0,174,581.748922
4.0,101,581.8334
12.0,173,581.979208
11.0,202,582.150828
7.0,145,582.87063
3.0,92,584.108951
13.0,215,584.287688
11.0,166,584.427218
6.0,140,584.544673
12.0,180,584.694964
6.0,100,584.779462
7.0,139,584.895314
8.0,164,585.032299
9.0,180,585.182235
3.0,75,585.245187
4.0,104,585.333146
5.0,119,585.43298
10.0,152,585.563756
4.0,94,585.642958
13.0,190,586.385998
15.0,239,586.589477
15.0,251,586.809054
19.0,288,587.061699
10.0,166,587.204368
13.0,202,587.381423
10.0,161,587.518482
7.0,160,587.654384
17.0,244,587.864751
4.0,127,587.976593
10.0,170,588.748014
12.0,222,588.94701
7.0,154,589.090178
6.0,147,589.218553
7.0,130,589.33469
6.0,141,589.467756
9.0,129,591.128506
9.0,163,591.265038
10.0,164,591.403881
7.0,116,591.500431
10.0,165,591.639223
8.0,157,591.770724
15.0,263,592.586211
14.0,251,592.800669
13.0,221,592.989132
17.0,281,593.223363
7.0,142,593.341608
14.0,219,593.526625
9.0,168,593.669735
9.0,170,593.814643
13.0,202,593.986745
7.0,142,594.120752
9.0,128,594.244012
11.0,208,595.025106
12.0,210,595.19931
8.0,141,595.321267
13.0,234,595.517094
10.0,186,595.670749
5.0,107,595.759843
7.0,153,595.888429
13.0,225,596.076013
14.0,232,596.269431
9.0,177,596.417112
9.0,163,596.553617
5.0,137,598.596853
7.0,131,598.705406
7.0,132,598.815088
8.0,142,598.933795
17.0,243,599.136859
7.0,136,599.253164
7.0,133,599.364943
10.0,149,599.490347
10.0,179,599.638818
11.0,176,599.789763
13.0,197,599.957683
8.0,148,600.080687
4.0,91,600.156074
8.0,134,600.266957
10.0,163,600.988518
15.0,235,601.184666
16.0,253,601.396914
12.0,202,601.572446
11.0,197,601.740852
7.0,147,601.864282
8.0,141,601.985666
13.0,200,602.152984
14.0,232,602.351729
8.0,122,602.453685
11.0,162,602.589816
12.0,207,603.358655
10.0,185,603.515003
2.0,70,603.574697
16.0,248,603.783959
11.0,173,605.189857
7.0,133,605.301154
8.0,165,605.458038
10.0,151,605.58351
8.0,188,605.741788
11.0,185,605.896418
10.0,157,606.052441
13.0,203,606.82121
6.0,111,606.915224
10.0,164,607.057569
7.0,120,607.15878
8.0,156,607.292236
6.0,142,607.413692
13.0,242,607.620756
8.0,143,607.743743
9.0,124,607.846884
9.0,173,607.990756
7.0,128,608.097262
5.0,121,608.201802
8.0,148,608.324395
6.0,121,608.425032
10.0,156,609.154187
13.0,245,609.365452
12.0,227,609.559144
7.0,132,609.67519
8.0,120,609.777812
9.0,149,609.905527
8.0,152,610.035378
9.0,175,610.184664
5.0,82,610.255466
10.0,170,610.402385
16.0,246,610.612798
10.0,182,611.883499
8.0,134,612.003464
12.0,207,612.816639
9.0,149,612.945637
13.0,184,613.13494
7.0,110,613.242086
10.0,157,613.381917
10.0,202,613.565053
11.0,193,613.735507
10.0,172,613.88582
9.0,141,614.006531
8.0,133,614.118137
7.0,115,614.220639
5.0,99,614.305577
11.0,189,614.469747
11.0,204,615.303168
12.0,245,615.536139
12.0,211,615.722096
7.0,148,615.865009
14.0,236,616.063749
14.0,206,616.237235
6.0,118,616.336554
7.0,98,616.42074
7.0,151,616.54934
8.0,145,616.673029
13.0,197,616.840506
13.0,233,617.66847
16.0,264,617.93629
11.0,202,619.477674
7.0,161,619.614179
4.0,119,619.714251
8.0,133,619.825945
16.0,271,620.055383
11.0,208,620.230841
6.0,154,620.362896
9.0,139,620.48157
7.0,140,620.599769
13.0,218,621.402661
8.0,139,621.532779
6.0,151,621.66456
9.0,140,621.785788
3.0,92,621.868805
6.0,135,621.985836
7.0,136,622.101326
7.0,149,622.228588
6.0,155,622.363455
4.0,117,622.46258
3.0,73,622.524999
11.0,199,622.693959
11.0,187,622.851436
11.0,206,623.022728
7.0,154,623.757244
4.0,107,623.84733
8.0,140,623.963959
5.0,112,624.058592
8.0,143,624.179565
6.0,125,624.287941
4.0,139,624.403083
5.0,122,624.504287
14.0,269,624.728534
6.0,143,624.848257
13.0,289,626.083588
7.0,164,626.223173
1.0,77,626.29014
4.0,103,626.375946
1.0,58,627.039128
14.0,244,627.243461
2.0,91,627.318918
9.0,162,627.453984
13.0,206,627.625505
15.0,276,627.855342
7.0,120,627.955593
11.0,181,628.109421
8.0,125,628.216714
8.0,158,628.349153
12.0,197,628.514792
14.0,249,628.722969
2.0,97,629.400341
7.0,142,629.521676
9.0,183,629.678249
17.0,265,629.898424
9.0,177,630.045323
9.0,147,630.168379
16.0,264,630.388863
18.0,308,630.648535
15.0,243,630.850475
8.0,161,630.984676
8.0,148,631.692834
11.0,196,631.859036
14.0,220,633.476279
9.0,154,633.607819
14.0,225,633.819256
7.0,145,633.943762
9.0,181,634.096974
13.0,223,634.283796
12.0,202,634.453724
5.0,136,634.568323
15.0,253,634.782504
8.0,137,635.504735
9.0,160,635.638297
14.0,235,635.838111
13.0,212,636.013608
10.0,158,636.144404
7.0,140,636.259916
13.0,215,636.439468
10.0,195,636.601601
11.0,168,636.742752
7.0,140,636.860324
10.0,151,636.987065
10.0,160,637.121344
12.0,221,637.96031
11.0,189,638.120793
11.0,184,638.276923
12.0,193,638.438276
9.0,163,638.59486
9.0,172,638.739251
8.0,166,640.335877
13.0,218,640.519506
11.0,221,640.705603
13.0,246,640.911477
14.0,198,641.663882
12.0,213,641.841765
8.0,163,641.977831
10.0,142,642.097233
12.0,222,642.301736
6.0,135,642.414955
7.0,140,642.534484
6.0,134,642.649604
12.0,232,642.843885
4.0,128,642.950817
4.0,127,643.055357
7.0,156,643.193621
5.0,145,643.325796
7.0,137,644.04616
11.0,198,644.215039
10.0,181,644.364792
12.0,240,644.56466
9.0,147,644.687583
13.0,213,644.867269
10.0,145,644.988277
14.0,218,645.176533
16.0,261,645.393201
11.0,204,645.612567
11.0,191,646.405183
8.0,150,647.891977
7.0,124,647.998778
12.0,187,648.170821
9.0,161,648.32071
14.0,200,648.502647
8.0,171,648.654741
14.0,234,648.862947
7.0,137,648.986384
7.0,150,649.121933
10.0,175,649.279395
15.0,262,649.512234
14.0,246,650.374037
6.0,126,650.485919
10.0,159,650.620487
7.0,138,650.73848
1.0,80,650.806446
4.0,91,650.883333
8.0,141,651.00209
3.0,73,651.064584
5.0,98,651.147066
15.0,202,651.317422
9.0,163,651.455427
7.0,119,651.558025
3.0,93,651.638758
4.0,128,651.751124
9.0,124,651.863373
13.0,236,652.702865
8.0,158,652.846624
8.0,169,652.993192
3.0,90,653.077592
11.0,156,653.210676
4.0,110,653.304361
17.0,248,654.617642
6.0,145,654.739123
8.0,135,654.869294
5.0,119,654.972081
6.0,131,655.081421
12.0,238,655.286306
2.0,57,655.335742
9.0,128,655.442724
5.0,100,656.115687
7.0,161,656.255663
6.0,124,656.37243
4.0,83,656.44396
3.0,73,656.506752
4.0,118,656.608103
5.0,132,656.720592
1.0,70,656.780062
10.0,189,656.938436
3.0,109,657.030035
1.0,71,657.091504
4.0,83,657.162806
3.0,79,657.229592
0.0,65,657.284865
3.0,82,657.354149
12.0,199,657.52228
6.0,132,657.634756
4.0,100,657.719758
5.0,94,657.799178
8.0,135,658.505155
7.0,135,658.618752
4.0,104,658.706677
3.0,106,658.797432
5.0,132,658.9103
5.0,145,659.034295
9.0,149,659.162302
2.0,105,659.25049
9.0,141,659.36785
7.0,148,659.493237
3.0,79,659.560812
14.0,227,659.753215
6.0,131,659.864148
2.0,104,659.95268
6.0,126,661.03796
5.0,110,661.743583
11.0,187,661.902453
7.0,116,662.00144
15.0,249,662.213259
8.0,151,662.341553
8.0,172,662.488407
2.0,97,662.571077
7.0,154,662.702047
9.0,184,662.858736
3.0,81,662.928823
4.0,110,663.022737
6.0,139,663.140921
7.0,117,663.243316
7.0,145,663.381723
3.0,88,663.456218
12.0,200,664.234126
10.0,175,664.38044
6.0,141,664.497945
6.0,118,664.59695
11.0,230,664.79008
5.0,111,664.883406
13.0,236,665.080351
0.0,48,665.120245
10.0,220,665.303094
11.0,169,665.443077
5.0,117,665.540618
6.0,134,665.653486
15.0,219,666.430001
5.0,107,666.519493
10.0,148,666.643085
4.0,79,666.712145
4.0,117,666.812091
6.0,130,666.920388
5.0,119,667.019111
7.0,144,668.357858
9.0,181,668.509164
11.0,174,668.654226
9.0,210,668.832136
5.0,133,668.943112
12.0,205,669.118147
8.0,121,669.21909
7.0,128,669.326035
5.0,125,670.031729
10.0,175,670.178465
5.0,118,670.278216
5.0,133,670.392239
5.0,115,670.490478
10.0,204,670.66314
4.0,101,670.74985
4.0,114,670.849643
5.0,117,670.950336
8.0,140,671.076298
13.0,231,671.274218
5.0,114,671.370119
8.0,145,671.492321
10.0,180,671.645478
9.0,163,672.370664
3.0,66,672.432997
7.0,116,672.539233
5.0,120,672.642866
10.0,192,672.80549
7.0,146,672.930093
7.0,136,673.045128
6.0,146,673.171091
13.0,193,673.332951
7.0,145,673.455694
5.0,113,673.556416
6.0,156,673.688919
5.0,145,674.884733
6.0,130,674.996456
4.0,99,675.080005
10.0,208,675.849926
9.0,193,676.013949
12.0,210,676.193678
9.0,178,676.347213
7.0,139,676.464892
7.0,127,676.571664
14.0,244,676.777176
9.0,149,676.902402
15.0,226,677.0931
5.0,128,677.201636
10.0,160,677.33586
5.0,130,678.058441
6.0,141,678.177414
13.0,218,678.360282
7.0,140,678.479849
13.0,219,678.662286
8.0,124,678.766781
15.0,278,679.005801
11.0,196,679.169809
6.0,137,679.284856
10.0,176,679.432223
10.0,212,679.612604
9.0,159,679.745306
6.0,111,680.424456
10.0,170,680.567641
16.0,264,680.78993
10.0,155,682.334623
14.0,232,682.528194
14.0,265,682.754558
14.0,235,682.952342
9.0,165,683.091728
16.0,259,683.309754
12.0,254,684.113031
14.0,249,684.320613
16.0,222,684.5069
16.0,267,684.730983
13.0,216,684.913426
14.0,238,685.113496
15.0,263,685.333405
8.0,144,685.455379
13.0,220,685.636878
5.0,119,685.736907
9.0,148,686.473789
13.0,223,686.66236
11.0,186,686.824336
10.0,158,686.961876
12.0,180,687.112315
9.0,146,687.239088
9.0,133,687.351379
11.0,169,687.493686
9.0,168,687.635756
6.0,141,688.91608
12.0,212,689.095609
4.0,107,689.188531
12.0,183,689.940732
16.0,270,690.168618
14.0,201,690.337777
13.0,172,690.484366
15.0,242,690.688779
12.0,225,690.87683
11.0,186,691.033406
10.0,150,691.158663
13.0,204,691.331938
17.0,276,691.570892
16.0,254,692.427489
15.0,264,692.651951
8.0,153,692.783909
14.0,220,692.968899
19.0,237,693.179657
16.0,258,693.414857
17.0,278,693.674055
15.0,225,693.881636
13.0,235,694.087415
17.0,253,694.907279
13.0,222,696.488087
13.0,172,696.637341
18.0,286,696.885093
13.0,203,697.063997
10.0,171,697.212584
16.0,279,697.45906
12.0,186,697.639339
17.0,275,697.877091
19.0,315,698.750869
9.0,144,698.873992
19.0,292,699.13267
16.0,258,699.384587
17.0,280,699.631458
17.0,303,699.892472
15.0,227,700.083792
10.0,168,700.226974
11.0,235,701.06498
12.0,175,701.217168
12.0,188,701.376798
10.0,152,701.51134
16.0,255,701.777126
10.0,178,701.933259
8.0,141,703.468458
16.0,276,703.720185
10.0,161,703.887804
15.0,225,704.082994
9.0,141,704.20575
15.0,245,705.106157
14.0,222,705.303282
17.0,287,705.57224
6.0,100,705.661984
14.0,205,705.858634
10.0,174,706.027093
15.0,265,706.263755
12.0,191,706.432745
15.0,232,706.637602
10.0,181,707.434652
8.0,125,707.540999
10.0,157,707.677188
7.0,131,707.789818
14.0,220,707.976818
9.0,157,708.131028
18.0,287,708.419317
14.0,236,708.626255
10.0,178,708.782336
11.0,240,708.989942
12.0,215,709.178926
8.0,138,711.153163
10.0,169,711.30021
13.0,241,711.506881
4.0,90,711.585325
15.0,215,711.777613
17.0,262,712.018744
16.0,284,712.273052
13.0,212,712.46873
6.0,149,712.601541
13.0,209,712.7885
12.0,234,713.614697
13.0,234,713.818995
11.0,230,714.018433
4.0,104,714.108969
13.0,206,714.287375
10.0,197,714.461308
7.0,136,714.58096
15.0,270,714.815742
7.0,173,714.964074
11.0,184,715.121351
14.0,193,715.286936
13.0,234,716.08355
5.0,121,716.187568
9.0,179,716.354443
13.0,221,716.549565
15.0,267,718.078789
9.0,175,718.228519
12.0,254,718.450716
18.0,271,718.681904
9.0,213,718.864033
10.0,187,719.641611
12.0,230,719.841272
4.0,100,719.927285
5.0,139,720.047582
10.0,188,720.208064
8.0,147,720.334084
7.0,138,720.452652
12.0,216,720.637719
12.0,205,720.813763
3.0,109,720.906677
16.0,247,721.118828
6.0,138,721.240172
1.0,71,721.301993
6.0,136,722.102482
7.0,145,722.227119
9.0,168,722.390434
18.0,261,722.634084
9.0,161,722.799786
7.0,165,722.940526
8.0,137,723.067343
9.0,170,723.215929
6.0,115,723.315073
3.0,93,723.395874
15.0,272,723.633448
11.0,183,725.120737
11.0,230,725.988979
11.0,164,726.146339
19.0,276,726.38826
11.0,186,726.54974
13.0,203,726.740732
14.0,233,726.94881
15.0,243,727.166653
16.0,248,727.382736
10.0,162,727.540652
11.0,202,727.73668
13.0,216,728.608493
15.0,263,728.839447
15.0,262,729.07256
12.0,178,729.258742
12.0,187,729.421663
13.0,243,729.649898
15.0,283,729.900727
12.0,188,730.063092
11.0,177,730.21406
7.0,138,730.947949
11.0,190,731.111267
7.0,139,731.233166
14.0,214,731.416878
11.0,169,733.055482
10.0,168,733.21466
13.0,259,733.43908
10.0,200,733.620586
14.0,217,733.803851
5.0,145,733.923911
14.0,255,734.138922
10.0,178,734.881993
12.0,181,735.035068
9.0,171,735.198316
12.0,213,735.378687
10.0,160,735.515957
10.0,148,735.640836
17.0,246,735.848284
15.0,223,736.035516
9.0,147,736.157858
15.0,251,736.367525
14.0,219,737.148672
16.0,239,737.352649
15.0,238,737.553146
16.0,287,737.79396
15.0,297,738.048482
9.0,156,738.185737
9.0,151,738.311344
19.0,311,739.661667
18.0,301,740.521021
15.0,238,740.721123
19.0,311,740.98634
17.0,261,741.209722
9.0,169,741.350634
14.0,225,741.538537
18.0,289,741.782348
12.0,245,741.989565
13.0,219,742.17516
11.0,170,742.90294
16.0,287,743.155231
13.0,225,743.344072
15.0,221,743.53119
11.0,179,743.688441
15.0,221,743.876915
16.0,268,744.103035
9.0,144,744.223836
16.0,282,744.469906
8.0,110,744.563161
19.0,281,745.376749
14.0,244,747.369804
7.0,164,747.508384
16.0,249,747.720296
15.0,221,747.906158
12.0,219,748.087348
12.0,235,748.287115
18.0,303,748.539131
15.0,242,749.322463
10.0,165,749.460163
13.0,189,749.621609
10.0,183,749.776466
13.0,206,749.950154
16.0,302,750.199927
15.0,223,750.385565
15.0,243,750.587568
15.0,271,750.812707
18.0,298,751.656584
18.0,301,751.908434
20.0,284,752.148923
21.0,343,752.448307
16.0,245,752.654037
20.0,327,754.500807
19.0,301,754.750408
12.0,190,755.531567
14.0,202,755.703167
11.0,184,755.85855
17.0,286,756.121564
20.0,325,756.397648
11.0,179,756.549062
19.0,286,756.790021
13.0,196,756.95767
19.0,270,757.208246
10.0,119,757.907687
10.0,153,758.035497
15.0,248,758.242724
20.0,338,758.529221
20.0,298,758.782174
17.0,262,758.999636
7.0,139,759.119732
17.0,280,759.35483
21.0,328,760.239067
15.0,238,762.152624
19.0,238,762.350211
18.0,243,762.569292
18.0,304,762.842035
16.0,226,763.080169
10.0,159,763.213855
17.0,275,763.443545
12.0,223,763.629427
13.0,217,764.427847
12.0,185,764.584776
14.0,191,764.747874
18.0,244,764.964769
12.0,186,765.121942
0.0,63,765.174453
14.0,216,765.354635
15.0,250,765.562198
10.0,181,765.712963
9.0,163,765.852134
5.0,123,765.965351
13.0,225,766.731191
13.0,196,766.894408
18.0,233,767.088681
17.0,303,767.340175
16.0,239,767.541864
13.0,229,769.069006
15.0,239,769.266745
11.0,202,769.434512
10.0,173,769.579165
13.0,204,770.350097
16.0,273,770.577527
10.0,180,770.730273
14.0,243,770.933483
16.0,281,771.167657
10.0,174,771.313748
15.0,260,771.530523
12.0,222,771.733743
15.0,248,771.948103
13.0,194,772.730765
15.0,259,772.951321
12.0,249,773.162946
14.0,202,773.333687
9.0,159,773.468901
5.0,106,773.55797
8.0,166,773.697634
7.0,133,773.814271
12.0,172,773.957793
15.0,240,774.164166
16.0,243,774.367626
13.0,193,776.571838
15.0,244,776.774404
17.0,314,777.036163
18.0,274,777.266038
6.0,128,777.374609
12.0,213,777.554796
9.0,146,777.681124
7.0,146,777.805377
17.0,287,778.046772
9.0,171,778.769896
13.0,219,778.952495
15.0,226,779.141214
14.0,235,779.344549
16.0,330,779.623254
15.0,226,779.813957
12.0,190,779.974528
13.0,230,780.169135
9.0,141,780.286179
7.0,153,780.414811
16.0,288,781.281957
11.0,191,781.442531
16.0,309,781.701573
15.0,249,783.506416
13.0,244,783.734515
8.0,161,783.906211
12.0,204,784.109934
6.0,125,784.224882
13.0,232,784.42238
9.0,146,785.241378
3.0,66,785.299662
8.0,157,785.435576
5.0,117,785.541648
14.0,227,785.742113
10.0,209,785.936717
17.0,274,786.180232
14.0,295,786.425047
8.0,142,786.544595
7.0,130,786.654277
11.0,177,786.801692
4.0,124,786.903185
19.0,265,787.786919
17.0,242,788.012247
18.0,274,788.252986
18.0,300,788.518409
19.0,277,788.759479
9.0,160,788.897628
8.0,145,789.023866
14.0,257,790.655245
8.0,134,790.779691
14.0,217,791.626832
18.0,262,791.85691
11.0,166,791.995577
18.0,234,792.209386
9.0,150,792.332437
14.0,266,792.551788
9.0,172,792.693972
16.0,269,792.915738
11.0,191,793.07023
19.0,303,793.940722
16.0,296,794.182174
19.0,288,794.420878
12.0,216,794.604579
7.0,153,794.729675
6.0,123,794.831943
11.0,134,794.943626
11.0,201,795.108647
17.0,272,795.336787
12.0,221,795.522773
17.0,273,796.399684
15.0,255,796.61005
3.0,79,796.679888
19.0,296,798.221099
9.0,162,798.358273
8.0,150,798.488758
8.0,142,798.631667
13.0,216,798.828893
14.0,251,799.053093
13.0,229,799.253429
8.0,132,799.998935
6.0,135,800.117379
17.0,280,800.359583
16.0,261,800.590085
17.0,304,800.857209
10.0,196,801.023302
13.0,208,801.199472
14.0,218,801.394773
4.0,134,801.514236
11.0,179,801.671601
13.0,240,802.481487
4.0,132,802.598452
9.0,202,802.786358
15.0,295,803.039634
10.0,170,803.188537
5.0,124,803.298761
7.0,121,803.406011
7.0,156,803.536439
10.0,179,804.859756
5.0,116,804.956738
7.0,190,805.116073
7.0,166,805.834827
7.0,147,805.960053
11.0,153,806.087952
8.0,128,806.197324
7.0,123,806.302641
17.0,309,806.573864
8.0,125,806.696684
10.0,193,806.859552
8.0,146,806.982451
12.0,174,807.129263
6.0,127,807.236804
6.0,130,807.34773
9.0,173,807.491067
2.0,95,807.570766
9.0,168,808.335706
11.0,222,808.520399
12.0,192,808.680108
11.0,177,808.830674
5.0,131,808.941005
13.0,213,809.119269
2.0,74,809.181735
2.0,74,809.243978
16.0,260,809.461329
4.0,119,809.560235
9.0,144,809.681252
7.0,151,809.808085
12.0,206,810.601495
10.0,178,810.758082
2.0,76,810.823083
9.0,166,812.038748
13.0,207,812.213379
8.0,137,812.328842
7.0,152,812.456609
9.0,208,812.63309
3.0,90,812.708647
9.0,137,812.824816
2.0,75,812.889277
0.0,79,812.956512
16.0,294,813.20455
5.0,108,813.295223
5.0,136,813.986307
14.0,207,814.159864
12.0,172,814.30734
11.0,179,814.458464
6.0,143,814.584189
7.0,135,814.697109
9.0,131,814.807528
6.0,127,814.913857
14.0,233,815.10749
7.0,150,815.232405
9.0,145,815.354475
14.0,261,815.571433
0.0,66,815.626985
13.0,208,816.382148
15.0,228,816.57228
11.0,200,816.739079
9.0,209,816.915905
7.0,149,817.040797
15.0,262,817.260847
7.0,135,818.582533
9.0,174,818.727551
1.0,84,818.797936
9.0,181,818.949122
15.0,216,819.129555
12.0,200,819.874218
14.0,203,820.049605
15.0,231,820.245684
16.0,239,820.448719
13.0,195,820.615052
14.0,222,820.804176
11.0,198,820.974274
6.0,126,821.079827
12.0,201,821.247283
7.0,140,821.363818
12.0,216,822.13632
8.0,169,822.289114
13.0,225,822.479506
9.0,179,822.630978
12.0,171,822.776129
17.0,288,823.022425
10.0,185,823.17662
9.0,195,823.340101
6.0,120,823.442708
12.0,206,823.621819
12.0,183,823.772722
9.0,145,824.496557
12.0,229,825.939172
6.0,115,826.037646
7.0,115,826.133837
12.0,223,826.329653
8.0,135,826.443043
10.0,163,826.581934
10.0,173,826.727431
11.0,202,826.897681
8.0,136,827.011949
7.0,123,827.114853
12.0,191,827.275423
7.0,121,827.376259
15.0,241,828.172002
14.0,243,828.379895
12.0,174,828.528003
10.0,187,828.684516
6.0,122,828.786296
10.0,158,828.927969
12.0,204,829.109531
8.0,136,829.223357
11.0,149,829.347352
11.0,187,829.503965
9.0,135,829.615901
8.0,149,830.340566
9.0,148,830.464518
12.0,211,830.641963
9.0,133,830.753406
14.0,235,830.950306
12.0,201,831.120509
10.0,179,832.470758
14.0,241,832.671912
9.0,164,832.809016
13.0,159,832.942092
12.0,163,833.079026
12.0,241,833.859504
8.0,149,833.98459
7.0,152,834.111515
13.0,235,834.308001
11.0,151,834.434927
13.0,228,834.626427
8.0,137,834.740481
8.0,152,834.868172
13.0,233,835.064793
9.0,176,835.212815
10.0,155,835.343442
7.0,128,835.451403
7.0,128,836.133395
8.0,169,836.276415
13.0,179,836.43218
12.0,163,836.569205
11.0,184,836.72305
10.0,155,836.853519
12.0,195,837.01875
9.0,174,837.169284
13.0,234,837.36976
8.0,191,837.530036
11.0,183,837.688605
10.0,183,838.874701
