#{"t_start": 1726941807.928764, "env_id": "VizdoomHealthGathering-v0"}
r,l,t
380.0,120,0.530519
380.0,120,0.561494
380.0,120,0.5916
572.0,168,3.298479
284.0,96,3.323302
284.0,96,3.348359
380.0,120,3.378945
284.0,96,3.40344
284.0,96,6.142387
348.0,112,6.214448
380.0,120,6.297071
476.0,144,6.392496
380.0,120,9.095524
284.0,96,9.156031
284.0,96,9.216392
444.0,136,9.300713
380.0,120,9.376006
284.0,96,12.078102
348.0,112,12.147541
284.0,96,12.207096
284.0,96,12.266198
284.0,96,12.325817
284.0,96,15.001081
508.0,152,15.095162
380.0,120,15.174536
316.0,104,15.239325
380.0,120,17.939619
284.0,96,18.01152
316.0,104,18.081361
476.0,144,18.169706
348.0,112,20.895775
380.0,120,20.970336
284.0,96,21.029659
476.0,144,21.119182
508.0,152,25.434743
348.0,112,25.504241
284.0,96,25.563826
476.0,144,25.653834
316.0,104,25.717732
572.0,168,28.427109
572.0,168,28.530032
476.0,144,28.61833
284.0,96,32.693768
380.0,120,32.767384
284.0,96,32.826784
316.0,104,32.891372
316.0,104,32.955594
284.0,96,35.757483
284.0,96,35.816786
476.0,144,35.90519
412.0,128,35.983848
284.0,96,39.223913
284.0,96,39.283412
572.0,168,39.386119
284.0,96,39.445905
284.0,96,42.262978
316.0,104,42.33599
380.0,120,42.40958
284.0,96,42.468908
284.0,96,42.527876
316.0,104,45.210339
284.0,96,45.269399
508.0,152,45.362129
284.0,96,45.421403
284.0,96,45.480673
380.0,120,48.266619
380.0,120,48.340169
284.0,96,48.398522
380.0,120,48.472
540.0,160,51.20259
476.0,144,51.290919
572.0,168,51.394132
284.0,96,51.453366
284.0,96,54.142845
476.0,144,54.230445
380.0,120,54.304216
380.0,120,54.378018
380.0,120,57.089643
284.0,96,57.148736
540.0,160,57.246649
444.0,136,57.329928
284.0,96,60.01134
412.0,128,60.099037
476.0,144,60.187305
540.0,160,62.953267
476.0,144,63.04304
284.0,96,63.102376
476.0,144,63.190442
284.0,96,63.249918
572.0,168,66.10962
284.0,96,66.173085
380.0,120,66.251618
316.0,104,66.319894
284.0,96,69.034412
380.0,120,69.112674
348.0,112,69.198849
316.0,104,69.266682
604.0,176,72.016884
380.0,120,72.09542
476.0,144,72.189476
476.0,144,72.283349
796.0,224,75.07261
284.0,96,75.135063
476.0,144,75.225169
476.0,144,78.774315
284.0,96,78.834298
412.0,128,78.913217
284.0,96,78.973275
476.0,144,83.707492
604.0,176,83.82193
572.0,168,83.930551
476.0,144,86.660968
380.0,120,86.737729
316.0,104,86.805161
476.0,144,86.897619
284.0,96,89.648044
476.0,144,89.739842
604.0,176,89.852827
284.0,96,89.915111
380.0,120,92.61645
284.0,96,92.676691
284.0,96,92.736778
284.0,96,92.796294
348.0,112,92.866751
284.0,96,95.639708
284.0,96,95.700557
380.0,120,95.776074
284.0,96,95.837548
284.0,96,95.897781
380.0,120,98.589483
284.0,96,98.650672
316.0,104,98.716293
380.0,120,98.791584
444.0,136,101.589523
284.0,96,101.649899
380.0,120,101.725321
284.0,96,101.786182
284.0,96,101.847207
476.0,144,104.903935
380.0,120,104.979021
284.0,96,105.040149
380.0,120,105.115324
284.0,96,107.890406
412.0,128,107.969496
380.0,120,108.044373
284.0,96,108.104815
380.0,120,108.185781
284.0,96,111.006073
348.0,112,111.075852
284.0,96,111.136377
380.0,120,111.211963
476.0,144,113.935226
380.0,120,114.009993
284.0,96,114.070204
316.0,104,114.135956
284.0,96,114.196736
380.0,120,116.867198
284.0,96,116.927513
316.0,104,116.992135
380.0,120,117.067015
476.0,144,119.830527
380.0,120,119.906298
284.0,96,119.967073
284.0,96,120.027168
476.0,144,122.729156
348.0,112,122.799524
284.0,96,122.860451
284.0,96,122.920705
476.0,144,123.010852
284.0,96,126.831
316.0,104,126.897254
284.0,96,126.958635
284.0,96,127.020638
284.0,96,127.086432
476.0,144,130.160239
284.0,96,130.219391
284.0,96,130.279136
668.0,192,130.39681
668.0,192,133.144698
284.0,96,133.203782
476.0,144,133.292267
380.0,120,135.9821
284.0,96,136.042292
348.0,112,136.124988
444.0,136,136.2138
572.0,168,138.955453
284.0,96,139.017982
284.0,96,139.08008
348.0,112,139.151919
284.0,96,139.214706
284.0,96,142.032098
508.0,152,142.130546
284.0,96,142.193641
476.0,144,142.287515
476.0,144,145.125207
380.0,120,145.203548
284.0,96,145.266461
572.0,168,145.376166
540.0,160,148.115666
508.0,152,148.227015
476.0,144,148.319113
284.0,96,148.381555
476.0,144,151.12
284.0,96,151.181787
508.0,152,151.279856
444.0,136,153.982476
380.0,120,154.059987
380.0,120,154.137581
444.0,136,154.225795
444.0,136,156.934344
476.0,144,157.028685
284.0,96,157.092165
284.0,96,157.154955
348.0,112,157.229112
380.0,120,159.92769
476.0,144,160.020742
380.0,120,160.097885
380.0,120,160.175532
348.0,112,162.887638
572.0,168,162.997384
380.0,120,163.075652
380.0,120,165.771487
284.0,96,165.834752
348.0,112,165.90846
380.0,120,165.988025
284.0,96,166.051497
284.0,96,168.724389
380.0,120,168.801605
284.0,96,168.863913
284.0,96,168.926434
476.0,144,169.018979
572.0,168,171.871632
732.0,208,172.005532
380.0,120,172.083118
284.0,96,176.25283
284.0,96,176.328406
284.0,96,176.393604
284.0,96,176.456383
572.0,168,179.269158
284.0,96,179.331983
380.0,120,179.411452
380.0,120,179.490422
316.0,104,179.559556
476.0,144,182.283816
380.0,120,182.362292
284.0,96,182.424366
572.0,168,185.158214
380.0,120,185.240625
380.0,120,185.315634
284.0,96,185.38124
412.0,128,185.465689
380.0,120,188.250448
284.0,96,188.310495
284.0,96,188.37048
284.0,96,188.4303
476.0,144,191.131244
476.0,144,191.219814
380.0,120,191.294409
380.0,120,191.368897
284.0,96,191.428596
412.0,128,194.248366
380.0,120,194.322154
572.0,168,194.424519
572.0,168,197.140832
284.0,96,197.200611
316.0,104,197.264831
380.0,120,197.33919
348.0,112,200.035155
380.0,120,200.109512
348.0,112,200.184025
476.0,144,200.281659
284.0,96,200.344764
476.0,144,211.66122
284.0,96,211.723569
284.0,96,211.786129
476.0,144,211.878901
380.0,120,215.33352
380.0,120,215.412474
284.0,96,215.47551
284.0,96,215.537927
380.0,120,218.684719
476.0,144,218.778434
380.0,120,218.857309
284.0,96,218.92074
380.0,120,218.99949
380.0,120,228.259729
476.0,144,228.353762
444.0,136,228.441916
380.0,120,233.990499
284.0,96,234.052874
476.0,144,234.145751
636.0,184,234.2642
284.0,96,236.947275
636.0,184,237.065446
348.0,112,237.137929
316.0,104,237.205196
284.0,96,239.892554
380.0,120,239.969718
380.0,120,240.048109
316.0,104,240.11527
284.0,96,240.17769
476.0,144,242.901439
284.0,96,242.963681
732.0,208,243.108855
348.0,112,245.798291
380.0,120,245.875863
284.0,96,245.938485
316.0,104,246.005847
380.0,120,246.08443
380.0,120,248.778461
444.0,136,248.865577
284.0,96,248.928194
284.0,96,248.990569
668.0,192,251.727548
284.0,96,251.790356
284.0,96,251.853106
380.0,120,251.930832
284.0,96,256.39695
284.0,96,256.45619
380.0,120,256.533059
476.0,144,256.626034
316.0,104,256.693737
284.0,96,259.400118
284.0,96,259.462504
284.0,96,259.524971
572.0,168,259.633437
348.0,112,262.331082
348.0,112,262.404153
380.0,120,262.482002
380.0,120,262.56027
476.0,144,265.273032
380.0,120,265.351332
444.0,136,265.439729
380.0,120,265.517125
796.0,224,268.583199
476.0,144,268.676079
380.0,120,268.753911
380.0,120,271.475089
284.0,96,271.538194
476.0,144,271.643993
284.0,96,271.706749
284.0,96,271.769391
380.0,120,274.491843
348.0,112,274.564011
284.0,96,274.636015
380.0,120,274.712095
380.0,120,277.406367
412.0,128,277.488919
380.0,120,277.566929
316.0,104,277.63414
284.0,96,277.696796
380.0,120,280.547923
284.0,96,280.609884
572.0,168,280.71738
508.0,152,283.429547
476.0,144,283.520922
476.0,144,283.614404
476.0,144,283.707431
412.0,128,286.397606
284.0,96,286.459935
284.0,96,286.523183
284.0,96,286.585493
284.0,96,286.647697
284.0,96,289.454795
572.0,168,289.559977
284.0,96,289.6207
476.0,144,289.710999
380.0,120,292.432826
412.0,128,292.512598
284.0,96,292.57314
380.0,120,292.649162
668.0,192,295.776436
284.0,96,295.837409
476.0,144,295.927043
284.0,96,295.987148
380.0,120,298.768352
284.0,96,298.829335
380.0,120,298.904095
572.0,168,299.008609
284.0,96,301.690673
476.0,144,301.781451
380.0,120,301.856543
284.0,96,301.916998
380.0,120,306.036499
476.0,144,306.126047
284.0,96,306.192884
668.0,192,306.312651
380.0,120,308.998274
348.0,112,309.068947
380.0,120,309.143386
380.0,120,309.218379
284.0,96,311.891423
476.0,144,311.983051
572.0,168,312.089499
284.0,96,312.150458
284.0,96,314.830469
444.0,136,314.915562
380.0,120,314.990484
476.0,144,315.080647
380.0,120,317.773185
284.0,96,317.836168
284.0,96,317.897977
284.0,96,317.960049
284.0,96,318.022609
476.0,144,320.891182
380.0,120,320.968224
380.0,120,321.045674
284.0,96,321.108447
284.0,96,323.789657
476.0,144,323.882653
508.0,152,323.979815
668.0,192,326.69443
476.0,144,326.787303
380.0,120,326.864874
380.0,120,326.942871
380.0,120,329.645877
284.0,96,329.708801
476.0,144,329.83057
284.0,96,329.894753
284.0,96,329.957145
380.0,120,332.65368
284.0,96,332.715494
284.0,96,332.777416
476.0,144,332.871348
284.0,96,332.934195
380.0,120,335.647788
380.0,120,335.726283
668.0,192,335.862004
284.0,96,338.547405
284.0,96,338.609225
380.0,120,338.686243
284.0,96,338.748451
380.0,120,338.825815
284.0,96,341.491776
476.0,144,341.58407
476.0,144,341.676195
380.0,120,341.753628
380.0,120,344.445295
412.0,128,344.527847
284.0,96,344.59031
508.0,152,344.688186
380.0,120,347.386879
572.0,168,347.495588
668.0,192,347.619355
284.0,96,350.287329
348.0,112,350.360135
476.0,144,350.452802
380.0,120,350.530663
380.0,120,353.230463
572.0,168,353.338597
380.0,120,353.416047
284.0,96,353.478274
284.0,96,357.529911
476.0,144,357.623498
316.0,104,357.69107
284.0,96,357.753569
284.0,96,357.816139
572.0,168,360.545417
380.0,120,360.622915
668.0,192,360.747086
380.0,120,363.466847
476.0,144,363.559934
316.0,104,363.627009
380.0,120,363.704325
476.0,144,366.828165
316.0,104,366.895789
284.0,96,366.957831
284.0,96,367.020423
572.0,168,370.82047
444.0,136,370.905596
380.0,120,370.980971
284.0,96,371.047527
540.0,160,374.251863
284.0,96,374.311698
284.0,96,374.372462
380.0,120,374.447636
284.0,96,374.507928
380.0,120,377.191381
380.0,120,377.26615
380.0,120,377.341242
476.0,144,377.430671
380.0,120,380.223005
284.0,96,380.282885
380.0,120,380.358279
380.0,120,380.433872
380.0,120,383.119075
284.0,96,383.17978
284.0,96,383.240289
412.0,128,383.319579
380.0,120,383.394356
412.0,128,386.096099
284.0,96,386.157103
380.0,120,386.232104
316.0,104,386.29761
444.0,136,389.071217
284.0,96,389.13164
348.0,112,389.202126
284.0,96,389.262914
284.0,96,389.322908
668.0,192,392.147288
572.0,168,392.25289
284.0,96,392.313583
380.0,120,394.991174
348.0,112,395.071653
476.0,144,395.163303
284.0,96,395.229358
380.0,120,395.304906
412.0,128,398.004714
284.0,96,398.065661
284.0,96,398.125753
572.0,168,398.23137
284.0,96,403.970884
380.0,120,404.047407
380.0,120,404.122671
444.0,136,404.208586
380.0,120,406.901751
572.0,168,407.006454
316.0,104,407.071602
412.0,128,407.15223
540.0,160,411.435442
284.0,96,411.496661
284.0,96,411.558048
284.0,96,411.623521
284.0,96,414.328552
476.0,144,414.418506
284.0,96,414.479225
284.0,96,414.539982
508.0,152,417.367517
380.0,120,417.442388
284.0,96,417.503391
284.0,96,417.563876
476.0,144,417.654049
444.0,136,420.40165
380.0,120,420.476889
476.0,144,420.566541
476.0,144,423.458753
284.0,96,423.519667
284.0,96,423.580676
284.0,96,423.64131
380.0,120,423.716785
476.0,144,426.443885
316.0,104,426.511721
380.0,120,426.588918
572.0,168,426.697545
476.0,144,429.598199
284.0,96,429.658734
284.0,96,429.719681
284.0,96,429.779838
380.0,120,432.503057
476.0,144,432.593724
444.0,136,432.679187
380.0,120,432.754561
540.0,160,435.482
668.0,192,435.60403
284.0,96,435.667173
540.0,160,438.411953
316.0,104,438.477207
572.0,168,438.581177
444.0,136,438.665469
572.0,168,441.595971
380.0,120,441.671818
284.0,96,441.732507
444.0,136,441.817504
284.0,96,444.532544
476.0,144,444.62413
476.0,144,444.715368
380.0,120,444.79138
476.0,144,447.588989
572.0,168,447.693353
348.0,112,447.763957
476.0,144,450.46485
284.0,96,450.525292
284.0,96,450.586705
476.0,144,450.679446
412.0,128,450.762855
476.0,144,453.464731
476.0,144,453.557977
284.0,96,453.620735
284.0,96,453.683104
284.0,96,456.376294
572.0,168,456.484304
604.0,176,456.59564
284.0,96,456.658009
284.0,96,459.339522
284.0,96,459.402206
284.0,96,459.464989
284.0,96,459.527517
284.0,96,459.589736
508.0,152,463.390038
604.0,176,463.503633
284.0,96,463.565928
316.0,104,466.424622
380.0,120,466.503175
380.0,120,466.578996
380.0,120,466.65622
380.0,120,466.734468
892.0,248,469.506716
284.0,96,469.569374
284.0,96,469.631562
444.0,136,472.322831
284.0,96,472.385202
476.0,144,472.478036
604.0,176,472.590904
380.0,120,475.276317
284.0,96,475.338763
540.0,160,475.441925
284.0,96,475.504931
572.0,168,481.383725
380.0,120,481.465874
284.0,96,481.532078
284.0,96,481.59653
476.0,144,484.376596
508.0,152,484.474365
572.0,168,484.583034
476.0,144,487.293521
284.0,96,487.355844
412.0,128,487.438498
476.0,144,487.535689
444.0,136,495.315217
476.0,144,495.409392
604.0,176,495.524533
380.0,120,495.602849
348.0,112,498.435442
380.0,120,498.514236
284.0,96,498.577151
380.0,120,498.669264
476.0,144,501.674919
380.0,120,501.752939
284.0,96,501.816095
668.0,192,501.939867
380.0,120,504.628822
380.0,120,504.704423
284.0,96,504.765944
284.0,96,504.826646
380.0,120,507.521255
444.0,136,507.60586
380.0,120,507.68074
380.0,120,507.755463
284.0,96,510.428991
380.0,120,510.506394
316.0,104,510.574
380.0,120,510.652196
380.0,120,510.72996
476.0,144,513.432704
380.0,120,513.514144
412.0,128,513.596158
380.0,120,513.673838
796.0,224,516.43419
380.0,120,516.5125
284.0,96,516.573742
476.0,144,519.400503
284.0,96,519.462935
444.0,136,519.549119
380.0,120,519.624537
380.0,120,522.350386
476.0,144,522.440579
284.0,96,522.500825
380.0,120,522.575778
380.0,120,525.278649
284.0,96,525.338656
412.0,128,525.41796
572.0,168,525.522465
380.0,120,528.218171
380.0,120,528.29788
668.0,192,528.4183
700.0,200,531.543447
284.0,96,531.604079
284.0,96,531.664789
284.0,96,531.724863
732.0,208,534.463298
508.0,152,534.560214
412.0,128,534.642243
380.0,120,534.719224
380.0,120,537.414519
380.0,120,537.49313
348.0,112,537.565665
284.0,96,537.627561
284.0,96,537.689948
380.0,120,540.367372
380.0,120,540.444804
284.0,96,540.507555
444.0,136,540.594694
348.0,112,546.127174
380.0,120,546.205417
380.0,120,546.283508
284.0,96,546.346222
540.0,160,549.065678
444.0,136,549.154386
412.0,128,549.238232
284.0,96,549.301348
380.0,120,552.002923
380.0,120,552.09387
284.0,96,552.173926
572.0,168,552.282087
380.0,120,556.048094
348.0,112,556.120364
380.0,120,556.198379
476.0,144,556.291753
284.0,96,558.974041
284.0,96,559.037204
380.0,120,559.116583
348.0,112,559.190958
284.0,96,559.254052
284.0,96,561.954644
572.0,168,562.063483
284.0,96,562.126362
284.0,96,562.188962
476.0,144,565.646247
380.0,120,565.723421
284.0,96,565.785849
380.0,120,565.863158
508.0,152,568.597397
284.0,96,568.660285
572.0,168,568.769431
284.0,96,568.832082
284.0,96,568.895703
284.0,96,571.720556
380.0,120,571.7988
284.0,96,571.861181
284.0,96,571.923812
572.0,168,574.630006
284.0,96,574.691933
284.0,96,574.754113
284.0,96,574.816612
284.0,96,574.878859
380.0,120,577.552115
1084.0,296,577.742892
732.0,208,580.492557
284.0,96,580.554935
380.0,120,580.633509
380.0,120,580.711585
476.0,144,583.414476
284.0,96,583.476881
380.0,120,583.554814
316.0,104,583.621955
380.0,120,583.699523
284.0,96,586.38342
476.0,144,586.476675
284.0,96,586.539026
284.0,96,586.601199
284.0,96,589.918942
380.0,120,589.994286
380.0,120,590.079818
476.0,144,590.178775
380.0,120,592.847861
284.0,96,592.908764
348.0,112,592.98202
476.0,144,593.074852
444.0,136,595.872147
380.0,120,595.949927
380.0,120,596.027416
668.0,192,596.150052
380.0,120,598.865066
284.0,96,598.927206
380.0,120,599.004653
284.0,96,599.082016
380.0,120,599.160129
284.0,96,601.841168
348.0,112,601.913763
316.0,104,601.981731
380.0,120,602.059956
284.0,96,604.721666
508.0,152,604.817512
476.0,144,604.909598
284.0,96,604.972337
540.0,160,607.683839
316.0,104,607.751398
380.0,120,607.828568
892.0,248,610.670557
316.0,104,610.736903
284.0,96,610.799315
444.0,136,610.88687
412.0,128,613.583065
380.0,120,613.659998
284.0,96,613.722966
284.0,96,613.785594
476.0,144,613.878696
476.0,144,616.587448
284.0,96,616.649615
380.0,120,616.7251
572.0,168,616.833631
444.0,136,619.886153
380.0,120,619.963506
284.0,96,620.026144
380.0,120,620.103221
380.0,120,622.785118
284.0,96,622.846365
284.0,96,622.909106
540.0,160,623.013106
380.0,120,625.703807
380.0,120,625.781331
380.0,120,625.858992
476.0,144,625.951345
476.0,144,628.643508
476.0,144,628.736297
284.0,96,628.798702
348.0,112,628.870679
284.0,96,631.554063
284.0,96,631.616684
380.0,120,631.694329
316.0,104,631.761012
572.0,168,634.651942
380.0,120,634.727476
284.0,96,634.787357
380.0,120,634.861917
572.0,168,637.60411
508.0,152,637.699185
476.0,144,637.78909
284.0,96,637.849332
284.0,96,640.560836
764.0,216,640.70351
316.0,104,640.768981
284.0,96,640.829623
476.0,144,643.588694
284.0,96,643.649256
572.0,168,643.753149
316.0,104,643.818588
348.0,112,646.524721
284.0,96,646.584804
380.0,120,646.659835
348.0,112,646.730406
284.0,96,646.790848
380.0,120,650.018519
284.0,96,650.078806
284.0,96,650.139539
348.0,112,650.210326
284.0,96,650.270448
284.0,96,652.955329
476.0,144,653.045531
412.0,128,653.12511
284.0,96,653.187999
284.0,96,655.910453
476.0,144,656.003612
380.0,120,656.081411
476.0,144,656.174193
284.0,96,658.855803
700.0,200,658.985019
284.0,96,659.048009
380.0,120,659.126009
284.0,96,662.288877
476.0,144,662.381882
380.0,120,662.458902
284.0,96,662.521339
316.0,104,665.188908
380.0,120,665.266757
284.0,96,665.328854
284.0,96,665.391156
604.0,176,668.127707
444.0,136,668.215602
444.0,136,668.302925
348.0,112,668.375189
540.0,160,671.095932
380.0,120,671.173239
316.0,104,671.240817
380.0,120,671.317856
284.0,96,674.008529
348.0,112,674.092062
316.0,104,674.158621
284.0,96,674.224348
476.0,144,674.313979
284.0,96,676.990258
380.0,120,677.065147
380.0,120,677.140754
380.0,120,677.215483
316.0,104,679.919281
284.0,96,679.980426
284.0,96,680.041858
380.0,120,680.12241
572.0,168,682.841568
380.0,120,682.917083
380.0,120,682.991784
412.0,128,683.071317
412.0,128,683.151491
540.0,160,685.859142
284.0,96,685.919913
572.0,168,686.024585
380.0,120,688.71449
380.0,120,688.790308
444.0,136,688.874286
412.0,128,688.954703
284.0,96,691.652442
476.0,144,691.741243
284.0,96,691.800749
284.0,96,691.860895
572.0,168,694.595109
284.0,96,694.655302
412.0,128,694.735301
284.0,96,694.795535
476.0,144,694.885073
380.0,120,699.616803
892.0,248,699.772312
380.0,120,699.847429
380.0,120,702.601368
284.0,96,702.661843
284.0,96,702.72188
380.0,120,702.797126
380.0,120,705.605937
284.0,96,705.666539
380.0,120,705.741524
284.0,96,705.801533
380.0,120,705.876364
380.0,120,708.573555
380.0,120,708.648439
284.0,96,708.70922
284.0,96,708.76938
412.0,128,711.578342
476.0,144,711.668379
380.0,120,711.743138
284.0,96,711.803437
284.0,96,711.863795
380.0,120,714.56072
476.0,144,714.650898
380.0,120,714.726073
284.0,96,714.786382
380.0,120,717.506557
508.0,152,717.600692
284.0,96,717.661571
316.0,104,717.726254
316.0,104,720.428708
284.0,96,720.501175
380.0,120,720.575727
380.0,120,720.656593
380.0,120,720.732361
380.0,120,723.543789
284.0,96,723.603623
284.0,96,723.66358
380.0,120,723.738377
380.0,120,726.435871
284.0,96,726.495951
380.0,120,726.571272
380.0,120,726.646282
284.0,96,726.706752
284.0,96,729.51209
284.0,96,729.572301
284.0,96,729.632642
284.0,96,729.69342
316.0,104,729.758665
316.0,104,732.594904
476.0,144,732.686474
572.0,168,732.792539
412.0,128,735.499315
284.0,96,735.561064
700.0,200,735.691347
380.0,120,735.771023
284.0,96,741.503118
284.0,96,741.575655
284.0,96,741.638381
476.0,144,741.72962
284.0,96,741.790549
380.0,120,744.479357
284.0,96,744.539906
284.0,96,744.600853
284.0,96,744.661498
284.0,96,744.722585
508.0,152,747.555409
380.0,120,747.630391
284.0,96,747.691037
284.0,96,747.752035
380.0,120,750.457342
380.0,120,750.532174
380.0,120,750.60685
380.0,120,750.681024
380.0,120,753.394508
284.0,96,753.466599
380.0,120,753.54422
284.0,96,753.606098
284.0,96,753.668469
444.0,136,756.425087
476.0,144,756.517158
380.0,120,756.59311
284.0,96,756.653715
380.0,120,759.380398
284.0,96,759.44084
284.0,96,759.502061
284.0,96,759.562821
316.0,104,759.628618
668.0,192,762.384042
284.0,96,762.446767
380.0,120,762.521949
284.0,96,762.581362
284.0,96,765.368557
284.0,96,765.428831
284.0,96,765.48899
476.0,144,765.578101
284.0,96,765.638973
348.0,112,768.345668
316.0,104,768.411047
380.0,120,768.48628
476.0,144,768.57638
572.0,168,771.324985
508.0,152,771.420301
476.0,144,771.509198
380.0,120,774.222543
348.0,112,774.292069
476.0,144,774.381116
380.0,120,774.455658
412.0,128,777.146584
284.0,96,777.208389
284.0,96,777.270126
284.0,96,777.331089
348.0,112,777.402543
316.0,104,783.802638
380.0,120,783.877053
284.0,96,783.937115
284.0,96,783.997296
284.0,96,784.058307
540.0,160,788.145759
284.0,96,788.206034
476.0,144,788.29684
284.0,96,788.357638
284.0,96,791.062772
284.0,96,791.123228
284.0,96,791.183182
284.0,96,791.243512
316.0,104,791.308987
572.0,168,794.784334
284.0,96,794.847702
284.0,96,794.911196
476.0,144,795.004982
284.0,96,797.686121
476.0,144,797.779402
284.0,96,797.842257
508.0,152,797.939626
284.0,96,800.755912
380.0,120,800.831352
412.0,128,800.912098
380.0,120,800.987352
284.0,96,801.048063
284.0,96,803.818343
284.0,96,803.879354
284.0,96,803.939869
380.0,120,804.014436
380.0,120,806.702207
380.0,120,806.776962
284.0,96,806.837297
476.0,144,806.927571
380.0,120,807.003044
284.0,96,809.701381
284.0,96,809.761669
284.0,96,809.822509
284.0,96,809.882129
284.0,96,809.94199
316.0,104,813.268816
316.0,104,813.335886
284.0,96,813.398549
284.0,96,813.459523
380.0,120,813.534747
444.0,136,816.397538
348.0,112,816.470301
284.0,96,816.531956
508.0,152,816.626758
284.0,96,819.304332
284.0,96,819.364529
284.0,96,819.424654
284.0,96,819.485597
380.0,120,819.561087
284.0,96,823.158069
284.0,96,823.218537
380.0,120,823.29626
284.0,96,823.358795
284.0,96,823.421272
284.0,96,827.395171
380.0,120,827.47301
380.0,120,827.550671
284.0,96,827.612008
796.0,224,830.598788
284.0,96,830.659342
380.0,120,830.734535
284.0,96,830.794877
476.0,144,833.502043
380.0,120,833.578015
284.0,96,833.638181
572.0,168,833.742812
380.0,120,836.497323
284.0,96,836.557225
476.0,144,836.647134
380.0,120,836.727176
284.0,96,839.410944
284.0,96,839.488686
380.0,120,839.566283
284.0,96,839.628844
284.0,96,839.697147
444.0,136,842.398028
284.0,96,842.460325
284.0,96,842.522967
284.0,96,842.585036
380.0,120,845.299865
380.0,120,845.387568
348.0,112,845.460142
284.0,96,845.522017
380.0,120,845.598082
284.0,96,848.319783
444.0,136,848.406296
380.0,120,848.493741
284.0,96,848.58028
284.0,96,851.307211
284.0,96,851.368545
380.0,120,851.44708
476.0,144,851.555273
380.0,120,851.633426
444.0,136,854.328467
284.0,96,854.391347
284.0,96,854.454483
572.0,168,854.564523
348.0,112,857.283904
348.0,112,857.357252
284.0,96,857.420553
316.0,104,857.489204
380.0,120,860.197135
796.0,224,860.355191
380.0,120,860.432369
380.0,120,860.509956
348.0,112,863.210184
476.0,144,863.3044
316.0,104,863.371814
380.0,120,863.449635
444.0,136,866.161129
412.0,128,866.244075
316.0,104,866.31132
444.0,136,866.413096
284.0,96,869.087941
284.0,96,869.150632
284.0,96,869.213125
348.0,112,869.286578
508.0,152,872.167991
476.0,144,872.2759
412.0,128,872.358268
380.0,120,872.435929
284.0,96,875.090477
380.0,120,875.167902
284.0,96,875.23113
348.0,112,875.304253
284.0,96,875.379593
668.0,192,878.115055
284.0,96,878.177497
284.0,96,878.240058
284.0,96,878.302022
572.0,168,881.00746
476.0,144,881.100428
668.0,192,881.243118
380.0,120,884.00017
380.0,120,884.075387
444.0,136,884.159631
284.0,96,884.220693
380.0,120,886.920567
316.0,104,886.985437
284.0,96,887.045289
284.0,96,887.1057
508.0,152,887.201269
284.0,96,889.957011
284.0,96,890.017595
348.0,112,890.092874
476.0,144,890.182882
572.0,168,892.876359
284.0,96,892.936176
284.0,96,892.996459
380.0,120,893.071184
380.0,120,896.075707
348.0,112,896.158717
380.0,120,896.243634
412.0,128,896.328721
380.0,120,896.406408
476.0,144,899.23526
284.0,96,899.298128
380.0,120,899.38482
380.0,120,899.462957
284.0,96,902.146608
476.0,144,902.239639
412.0,128,902.323101
284.0,96,902.388303
476.0,144,906.049415
284.0,96,906.110158
284.0,96,906.1702
476.0,144,906.260118
284.0,96,909.504493
284.0,96,909.564263
476.0,144,909.654689
284.0,96,909.715418
380.0,120,909.790828
348.0,112,912.464566
444.0,136,912.549196
284.0,96,912.60928
380.0,120,912.683888
476.0,144,915.395234
380.0,120,915.471441
380.0,120,915.546739
572.0,168,915.652383
380.0,120,918.454905
604.0,176,918.564865
284.0,96,918.627091
604.0,176,921.358785
284.0,96,921.421584
476.0,144,921.516066
380.0,120,921.594493
412.0,128,924.312093
380.0,120,924.38901
380.0,120,924.467273
284.0,96,924.540065
476.0,144,927.3497
444.0,136,927.437209
284.0,96,927.499987
284.0,96,927.562435
540.0,160,930.741146
380.0,120,930.832257
572.0,168,930.940486
284.0,96,931.00298
284.0,96,931.065209
284.0,96,933.750372
284.0,96,933.822405
476.0,144,933.915066
476.0,144,934.019215
284.0,96,937.714515
476.0,144,937.816779
572.0,168,937.931816
380.0,120,938.009222
284.0,96,940.721831
380.0,120,940.797985
284.0,96,940.858377
380.0,120,940.940274
380.0,120,943.658188
380.0,120,943.733179
476.0,144,943.823531
284.0,96,943.884021
476.0,144,946.593802
412.0,128,946.673983
380.0,120,946.749559
380.0,120,946.824698
380.0,120,949.631874
380.0,120,949.706723
284.0,96,949.767018
284.0,96,949.827736
380.0,120,949.903564
284.0,96,953.693702
380.0,120,953.769611
284.0,96,953.829992
476.0,144,953.919908
284.0,96,956.591512
476.0,144,956.681323
316.0,104,956.746404
380.0,120,956.822147
476.0,144,959.545169
412.0,128,959.628895
860.0,240,959.783386
380.0,120,962.470264
380.0,120,962.548481
284.0,96,962.610678
380.0,120,962.688021
284.0,96,962.750681
572.0,168,965.623736
284.0,96,965.686224
572.0,168,965.794024
284.0,96,965.856653
380.0,120,968.546171
284.0,96,968.609016
476.0,144,968.701744
380.0,120,968.779066
316.0,104,971.568077
348.0,112,971.640938
316.0,104,971.707835
284.0,96,971.770097
380.0,120,974.46039
284.0,96,974.520079
380.0,120,974.595416
668.0,192,974.714526
284.0,96,977.389922
380.0,120,977.465342
284.0,96,977.526321
380.0,120,977.601348
380.0,120,977.677639
316.0,104,980.520583
348.0,112,980.590619
380.0,120,980.673353
540.0,160,980.773123
476.0,144,983.581648
284.0,96,983.6425
380.0,120,983.719809
380.0,120,983.796638
284.0,96,986.476087
284.0,96,986.53796
380.0,120,986.616589
380.0,120,986.693913
348.0,112,986.767015
380.0,120,989.632323
476.0,144,989.726311
284.0,96,989.78891
572.0,168,992.521524
380.0,120,992.599899
284.0,96,992.662286
380.0,120,992.740975
284.0,96,992.803411
284.0,96,995.497022
380.0,120,995.574906
380.0,120,995.651918
284.0,96,995.714094
380.0,120,995.791652
380.0,120,998.579071
284.0,96,998.641512
380.0,120,998.719194
284.0,96,998.78166
284.0,96,1001.466567
284.0,96,1001.529026
284.0,96,1001.590811
284.0,96,1001.652866
380.0,120,1001.730088
380.0,120,1004.415645
316.0,104,1004.4827
284.0,96,1004.545071
284.0,96,1004.606922
572.0,168,1007.327292
380.0,120,1007.404543
284.0,96,1007.46735
604.0,176,1007.580291
444.0,136,1010.286159
316.0,104,1010.353529
380.0,120,1010.431863
284.0,96,1010.493351
284.0,96,1010.554393
284.0,96,1013.243105
476.0,144,1013.332685
380.0,120,1013.40765
380.0,120,1013.483314
284.0,96,1017.037959
284.0,96,1017.098196
444.0,136,1017.187396
444.0,136,1017.27494
348.0,112,1021.195542
284.0,96,1021.272872
380.0,120,1021.367669
476.0,144,1021.460231
284.0,96,1021.522751
476.0,144,1024.218865
316.0,104,1024.284303
284.0,96,1024.344451
380.0,120,1024.425175
476.0,144,1027.882786
284.0,96,1027.943023
284.0,96,1028.003969
284.0,96,1028.064947
444.0,136,1030.789341
412.0,128,1030.868804
572.0,168,1030.974119
284.0,96,1031.03455
476.0,144,1033.915632
380.0,120,1033.991617
508.0,152,1034.087213
380.0,120,1034.162961
380.0,120,1037.451613
284.0,96,1037.512124
380.0,120,1037.587402
636.0,184,1037.702231
284.0,96,1040.398344
476.0,144,1040.48851
284.0,96,1040.549041
540.0,160,1040.647936
284.0,96,1043.346604
380.0,120,1043.421801
284.0,96,1043.482081
476.0,144,1043.571917
380.0,120,1046.295238
380.0,120,1046.371867
284.0,96,1046.434054
476.0,144,1046.526195
284.0,96,1046.58849
380.0,120,1049.285295
284.0,96,1049.34733
476.0,144,1049.436303
572.0,168,1052.357893
380.0,120,1052.434046
380.0,120,1052.50943
476.0,144,1052.599134
316.0,104,1052.663427
380.0,120,1055.339937
476.0,144,1055.436779
444.0,136,1055.521482
444.0,136,1058.337437
284.0,96,1058.397713
412.0,128,1058.477191
284.0,96,1058.537187
284.0,96,1058.597637
284.0,96,1061.251785
284.0,96,1061.312878
284.0,96,1061.373058
380.0,120,1061.449038
380.0,120,1061.52328
380.0,120,1064.215684
412.0,128,1064.295552
476.0,144,1064.385613
476.0,144,1067.545418
284.0,96,1067.606645
284.0,96,1067.666906
476.0,144,1067.758339
380.0,120,1067.834405
540.0,160,1070.553254
380.0,120,1070.629531
284.0,96,1070.68987
380.0,120,1070.765161
284.0,96,1074.498545
348.0,112,1074.567674
540.0,160,1074.66701
572.0,168,1074.771289
284.0,96,1077.472123
284.0,96,1077.533483
476.0,144,1077.625842
572.0,168,1080.359334
476.0,144,1080.452354
284.0,96,1080.526324
380.0,120,1080.603689
316.0,104,1080.67111
380.0,120,1083.425942
380.0,120,1083.502033
284.0,96,1083.56286
284.0,96,1083.622626
380.0,120,1086.745147
380.0,120,1086.82066
284.0,96,1086.883287
284.0,96,1086.946254
380.0,120,1087.023855
380.0,120,1089.816696
284.0,96,1089.879015
380.0,120,1089.956468
316.0,104,1090.024949
508.0,152,1092.753117
380.0,120,1092.828553
380.0,120,1092.903769
284.0,96,1092.964257
284.0,96,1093.024504
476.0,144,1095.801476
380.0,120,1095.877436
380.0,120,1095.952368
284.0,96,1096.013002
284.0,96,1098.681365
284.0,96,1098.741345
444.0,136,1098.825866
476.0,144,1098.916597
476.0,144,1101.631372
284.0,96,1101.691915
444.0,136,1101.777332
284.0,96,1101.837222
476.0,144,1104.546275
476.0,144,1104.636088
284.0,96,1104.696417
380.0,120,1104.771053
348.0,112,1107.464295
572.0,168,1107.568868
380.0,120,1107.644725
476.0,144,1107.734374
284.0,96,1110.40512
380.0,120,1110.481101
284.0,96,1110.543735
444.0,136,1110.631673
284.0,96,1110.694639
508.0,152,1113.411726
476.0,144,1113.504271
284.0,96,1113.566733
284.0,96,1113.629278
380.0,120,1116.315618
380.0,120,1116.39338
380.0,120,1116.470724
444.0,136,1116.559252
476.0,144,1119.291541
380.0,120,1119.371848
380.0,120,1119.453658
412.0,128,1119.537484
316.0,104,1122.212906
380.0,120,1122.287252
380.0,120,1122.365815
476.0,144,1122.458401
380.0,120,1125.156967
380.0,120,1125.235585
380.0,120,1125.313636
284.0,96,1125.376185
284.0,96,1128.044221
380.0,120,1128.129955
732.0,208,1128.2633
476.0,144,1128.356017
508.0,152,1131.102545
284.0,96,1131.163645
284.0,96,1131.223353
380.0,120,1131.299002
476.0,144,1135.766427
508.0,152,1135.861045
540.0,160,1135.960765
572.0,168,1138.71936
380.0,120,1138.794498
284.0,96,1138.854912
572.0,168,1138.960404
572.0,168,1141.701569
284.0,96,1141.762969
508.0,152,1141.858695
476.0,144,1144.866784
380.0,120,1144.947443
284.0,96,1145.01054
284.0,96,1145.071931
284.0,96,1145.133408
380.0,120,1154.530787
284.0,96,1154.602216
380.0,120,1154.679948
476.0,144,1154.772856
476.0,144,1157.469243
380.0,120,1157.547535
572.0,168,1157.656362
284.0,96,1157.719424
380.0,120,1160.407695
284.0,96,1160.470053
284.0,96,1160.532189
284.0,96,1160.594204
348.0,112,1160.665994
380.0,120,1163.395935
476.0,144,1163.489223
284.0,96,1163.551366
316.0,104,1163.618776
284.0,96,1166.290331
380.0,120,1166.368153
284.0,96,1166.431214
476.0,144,1166.538863
316.0,104,1166.606954
380.0,120,1169.524828
380.0,120,1169.603153
572.0,168,1169.711329
284.0,96,1169.774382
284.0,96,1172.439548
476.0,144,1172.532772
476.0,144,1172.626034
284.0,96,1172.701588
284.0,96,1176.148934
380.0,120,1176.226816
380.0,120,1176.305325
444.0,136,1176.393756
476.0,144,1179.099553
380.0,120,1179.177468
284.0,96,1179.24009
380.0,120,1179.31755
412.0,128,1182.015682
1180.0,320,1182.223757
284.0,96,1182.286871
668.0,192,1185.517499
284.0,96,1185.580672
380.0,120,1185.658868
284.0,96,1185.721815
476.0,144,1189.053105
284.0,96,1189.116467
284.0,96,1189.179046
380.0,120,1189.256541
284.0,96,1194.702421
476.0,144,1194.795019
444.0,136,1194.882457
380.0,120,1194.959965
284.0,96,1198.383564
476.0,144,1198.475995
380.0,120,1198.553186
284.0,96,1198.615545
476.0,144,1201.330273
284.0,96,1201.393868
284.0,96,1201.458555
284.0,96,1201.520086
380.0,120,1201.597831
284.0,96,1204.298217
380.0,120,1204.373466
476.0,144,1204.463149
380.0,120,1204.538501
412.0,128,1207.395742
284.0,96,1207.456586
284.0,96,1207.515583
284.0,96,1207.577879
380.0,120,1207.655179
380.0,120,1210.385218
380.0,120,1210.461344
284.0,96,1210.52235
380.0,120,1210.597565
380.0,120,1213.428079
284.0,96,1213.488499
284.0,96,1213.549516
284.0,96,1213.610313
380.0,120,1213.686021
380.0,120,1216.396362
572.0,168,1216.500918
476.0,144,1216.591773
380.0,120,1216.66748
284.0,96,1219.359803
668.0,192,1219.479417
316.0,104,1219.544825
284.0,96,1219.6057
572.0,168,1222.631334
668.0,192,1222.757358
380.0,120,1222.834925
380.0,120,1225.558415
284.0,96,1225.621376
348.0,112,1225.701705
284.0,96,1225.763068
540.0,160,1228.498851
284.0,96,1228.560179
380.0,120,1228.636559
476.0,144,1228.727265
412.0,128,1231.807508
284.0,96,1231.868616
444.0,136,1231.963193
604.0,176,1232.078206
284.0,96,1234.778725
316.0,104,1234.846953
476.0,144,1234.942706
284.0,96,1235.006473
316.0,104,1235.086632
284.0,96,1237.859147
380.0,120,1237.937507
444.0,136,1238.03906
572.0,168,1238.149697
380.0,120,1240.849329
380.0,120,1240.924955
572.0,168,1241.030993
572.0,168,1243.921688
380.0,120,1243.996855
476.0,144,1244.086982
380.0,120,1244.163929
348.0,112,1246.874016
348.0,112,1246.944657
284.0,96,1247.00545
284.0,96,1247.069181
284.0,96,1247.133537
380.0,120,1249.847096
284.0,96,1249.909238
284.0,96,1249.972658
380.0,120,1250.050379
284.0,96,1250.112984
284.0,96,1252.799864
444.0,136,1252.889495
380.0,120,1252.969394
284.0,96,1253.033357
284.0,96,1255.740541
412.0,128,1255.82603
380.0,120,1255.905136
284.0,96,1255.970505
668.0,192,1258.777724
380.0,120,1258.85632
284.0,96,1258.92111
476.0,144,1259.015791
284.0,96,1261.705617
284.0,96,1261.769235
380.0,120,1261.848117
572.0,168,1261.95966
508.0,152,1264.710677
284.0,96,1264.774446
380.0,120,1264.854552
284.0,96,1264.917289
284.0,96,1264.980068
572.0,168,1267.902705
540.0,160,1268.007088
476.0,144,1268.100511
284.0,96,1270.906097
476.0,144,1271.000454
540.0,160,1271.105309
572.0,168,1273.854731
380.0,120,1273.934989
284.0,96,1273.998604
796.0,224,1274.145833
444.0,136,1276.897229
284.0,96,1276.960947
284.0,96,1277.025492
380.0,120,1277.105093
284.0,96,1279.792751
476.0,144,1279.887645
540.0,160,1279.991927
284.0,96,1280.056137
380.0,120,1282.767598
284.0,96,1282.83079
284.0,96,1282.89444
412.0,128,1282.977781
412.0,128,1283.061786
380.0,120,1285.769946
284.0,96,1285.834394
284.0,96,1285.897723
572.0,168,1286.008297
380.0,120,1288.827083
284.0,96,1288.88999
476.0,144,1288.983352
412.0,128,1289.066961
380.0,120,1291.767097
476.0,144,1291.863176
380.0,120,1291.944379
380.0,120,1292.025714
284.0,96,1294.738086
380.0,120,1294.817394
476.0,144,1294.911633
668.0,192,1295.036022
284.0,96,1297.749039
284.0,96,1297.811602
412.0,128,1297.892935
284.0,96,1297.952892
380.0,120,1300.681525
316.0,104,1300.749844
284.0,96,1300.812104
284.0,96,1300.873744
412.0,128,1300.956434
380.0,120,1303.679656
476.0,144,1303.772397
284.0,96,1303.833767
316.0,104,1303.900573
476.0,144,1306.918545
284.0,96,1306.981399
380.0,120,1307.05967
284.0,96,1307.122772
316.0,104,1307.191802
316.0,104,1309.885195
284.0,96,1309.951274
348.0,112,1310.024745
284.0,96,1310.088749
508.0,152,1312.826713
316.0,104,1312.896183
316.0,104,1312.965126
476.0,144,1313.056348
476.0,144,1315.774867
380.0,120,1315.85339
284.0,96,1315.917755
444.0,136,1316.006528
284.0,96,1316.071279
380.0,120,1318.804076
444.0,136,1318.894399
380.0,120,1318.973937
284.0,96,1319.037705
284.0,96,1321.734855
412.0,128,1321.814896
732.0,208,1321.946342
380.0,120,1324.672348
284.0,96,1324.736211
380.0,120,1324.816772
284.0,96,1324.880438
380.0,120,1324.960287
380.0,120,1327.655734
316.0,104,1327.721181
316.0,104,1327.786991
284.0,96,1327.847605
380.0,120,1327.923837
572.0,168,1330.643395
476.0,144,1330.733583
380.0,120,1330.80938
284.0,96,1333.689933
284.0,96,1333.752096
284.0,96,1333.813148
380.0,120,1333.888077
284.0,96,1333.948145
476.0,144,1336.897549
380.0,120,1336.974221
668.0,192,1337.105741
764.0,216,1341.489845
284.0,96,1341.550592
284.0,96,1341.6117
476.0,144,1341.711169
380.0,120,1344.385714
284.0,96,1344.445903
284.0,96,1344.514919
476.0,144,1344.606164
572.0,168,1347.363652
476.0,144,1347.453507
380.0,120,1347.529723
380.0,120,1347.605962
476.0,144,1350.325566
284.0,96,1350.392812
380.0,120,1350.469187
284.0,96,1350.53062
284.0,96,1350.590994
284.0,96,1353.256635
284.0,96,1353.319854
380.0,120,1353.397543
284.0,96,1353.45813
668.0,192,1356.209162
476.0,144,1356.300611
508.0,152,1356.398761
476.0,144,1359.109092
476.0,144,1359.199195
476.0,144,1359.289011
636.0,184,1359.405415
380.0,120,1362.144017
284.0,96,1362.204807
380.0,120,1362.282593
380.0,120,1362.358096
284.0,96,1365.100995
444.0,136,1365.205569
380.0,120,1365.280036
540.0,160,1365.381696
348.0,112,1368.177284
476.0,144,1368.26829
284.0,96,1368.3305
476.0,144,1368.424119
380.0,120,1371.116149
284.0,96,1371.187844
380.0,120,1371.264206
380.0,120,1371.341619
380.0,120,1374.054106
412.0,128,1374.136312
284.0,96,1374.198426
412.0,128,1374.280468
476.0,144,1377.004024
476.0,144,1377.097377
380.0,120,1377.183221
284.0,96,1377.245143
380.0,120,1379.967494
380.0,120,1380.042919
284.0,96,1380.103736
380.0,120,1380.178823
604.0,176,1383.09475
476.0,144,1383.190229
284.0,96,1383.25616
316.0,104,1383.326746
348.0,112,1383.402986
476.0,144,1386.218286
380.0,120,1386.300327
284.0,96,1386.366341
284.0,96,1386.430629
444.0,136,1389.283665
284.0,96,1389.346615
284.0,96,1389.408522
284.0,96,1389.470659
348.0,112,1389.54137
636.0,184,1392.306201
476.0,144,1392.404619
284.0,96,1392.468798
380.0,120,1395.194482
508.0,152,1395.299305
380.0,120,1395.380508
412.0,128,1395.466045
444.0,136,1398.602351
284.0,96,1398.66693
476.0,144,1398.764831
476.0,144,1398.86341
284.0,96,1401.572955
348.0,112,1401.649801
412.0,128,1401.737136
316.0,104,1401.807344
412.0,128,1404.531061
284.0,96,1404.597139
316.0,104,1404.66907
476.0,144,1404.767044
284.0,96,1404.832873
476.0,144,1407.571014
380.0,120,1407.650863
476.0,144,1407.746538
476.0,144,1407.857508
284.0,96,1410.541225
284.0,96,1410.607825
284.0,96,1410.675488
284.0,96,1410.743022
284.0,96,1410.809962
284.0,96,1413.498425
284.0,96,1413.564559
380.0,120,1413.644904
572.0,168,1413.75799
444.0,136,1416.617957
476.0,144,1416.71583
380.0,120,1416.797147
284.0,96,1416.863693
476.0,144,1419.667791
284.0,96,1419.733455
380.0,120,1419.814356
476.0,144,1419.911947
380.0,120,1422.615803
572.0,168,1422.73174
284.0,96,1422.79577
380.0,120,1422.876288
380.0,120,1425.574561
284.0,96,1425.6395
380.0,120,1425.722571
380.0,120,1425.802212
284.0,96,1428.486546
348.0,112,1428.562063
572.0,168,1428.675617
412.0,128,1428.760353
284.0,96,1431.450372
284.0,96,1431.51517
380.0,120,1431.618209
476.0,144,1431.715379
380.0,120,1431.796416
380.0,120,1434.497936
284.0,96,1434.564171
284.0,96,1434.631697
284.0,96,1434.697467
284.0,96,1437.487751
444.0,136,1437.580762
380.0,120,1437.663395
284.0,96,1437.728808
316.0,104,1437.798305
380.0,120,1440.698187
572.0,168,1440.823104
284.0,96,1440.887162
284.0,96,1440.95391
380.0,120,1443.64862
636.0,184,1443.772647
380.0,120,1443.854293
540.0,160,1446.699477
316.0,104,1446.770094
284.0,96,1446.8362
668.0,192,1446.966537
476.0,144,1449.685055
284.0,96,1449.750076
380.0,120,1449.831181
572.0,168,1449.945259
284.0,96,1452.6427
476.0,144,1452.742635
284.0,96,1452.808288
284.0,96,1452.8749
380.0,120,1452.956665
476.0,144,1455.654349
284.0,96,1455.720103
636.0,184,1455.854377
476.0,144,1458.642908
508.0,152,1458.757627
380.0,120,1458.851498
316.0,104,1458.949442
348.0,112,1462.545538
380.0,120,1462.628394
380.0,120,1462.713279
284.0,96,1462.776655
476.0,144,1465.503307
380.0,120,1465.585456
476.0,144,1465.682948
348.0,112,1465.760063
540.0,160,1468.510163
604.0,176,1468.630519
380.0,120,1468.711621
284.0,96,1468.777617
380.0,120,1471.732543
476.0,144,1471.831774
284.0,96,1471.89917
380.0,120,1471.980119
572.0,168,1474.706392
348.0,112,1474.781938
732.0,208,1474.92729
380.0,120,1477.679589
380.0,120,1477.787966
476.0,144,1477.887933
284.0,96,1477.95288
572.0,168,1480.7098
380.0,120,1480.792114
572.0,168,1480.904808
476.0,144,1487.213956
284.0,96,1487.277452
380.0,120,1487.355595
476.0,144,1487.456334
444.0,136,1490.157512
476.0,144,1490.254708
284.0,96,1490.319827
476.0,144,1490.414659
476.0,144,1493.457103
380.0,120,1493.54415
284.0,96,1493.610007
284.0,96,1493.675865
284.0,96,1493.742359
316.0,104,1496.498943
380.0,120,1496.587201
380.0,120,1496.670146
444.0,136,1496.766351
284.0,96,1500.350844
572.0,168,1500.464945
476.0,144,1500.560097
284.0,96,1500.626112
284.0,96,1503.314909
284.0,96,1503.378923
444.0,136,1503.474078
284.0,96,1503.558557
284.0,96,1503.626926
284.0,96,1506.495649
284.0,96,1506.572146
476.0,144,1506.671997
316.0,104,1506.743633
284.0,96,1506.810809
380.0,120,1509.520596
284.0,96,1509.588186
476.0,144,1509.686774
284.0,96,1509.756566
636.0,184,1512.507783
476.0,144,1512.603937
284.0,96,1512.669008
380.0,120,1512.750016
668.0,192,1515.492132
572.0,168,1515.60949
380.0,120,1515.692653
380.0,120,1518.407233
348.0,112,1518.48448
284.0,96,1518.54952
380.0,120,1518.630746
380.0,120,1521.536098
508.0,152,1521.641118
284.0,96,1521.707607
284.0,96,1521.774438
476.0,144,1524.843477
284.0,96,1524.908615
284.0,96,1524.974669
540.0,160,1525.082491
380.0,120,1525.167109
284.0,96,1527.838858
476.0,144,1527.938026
380.0,120,1528.034412
284.0,96,1528.099239
284.0,96,1530.817071
380.0,120,1530.898729
380.0,120,1530.981002
476.0,144,1531.079228
284.0,96,1533.762105
476.0,144,1533.857369
412.0,128,1533.9429
412.0,128,1534.02984
316.0,104,1536.701889
572.0,168,1536.817464
380.0,120,1536.901684
284.0,96,1536.970006
380.0,120,1539.679085
380.0,120,1539.765299
476.0,144,1539.866514
284.0,96,1539.93454
284.0,96,1540.001017
316.0,104,1542.693769
476.0,144,1542.793672
284.0,96,1542.861833
284.0,96,1542.929098
572.0,168,1545.691548
284.0,96,1545.760699
540.0,160,1545.875105
476.0,144,1545.976023
284.0,96,1548.665287
284.0,96,1548.734149
284.0,96,1548.80104
476.0,144,1548.906149
380.0,120,1551.609889
316.0,104,1551.678782
380.0,120,1551.767286
348.0,112,1551.847588
476.0,144,1554.654396
508.0,152,1554.758946
412.0,128,1554.846699
380.0,120,1554.933445
380.0,120,1557.63878
444.0,136,1557.730865
380.0,120,1557.814053
700.0,200,1557.951395
380.0,120,1560.666015
284.0,96,1560.733181
380.0,120,1560.814343
284.0,96,1560.880377
284.0,96,1563.563984
444.0,136,1563.657739
284.0,96,1563.727323
284.0,96,1563.792535
796.0,224,1566.565852
476.0,144,1566.670496
476.0,144,1566.775461
476.0,144,1569.494399
476.0,144,1569.594471
316.0,104,1569.668856
284.0,96,1569.737242
380.0,120,1569.819342
412.0,128,1572.535734
284.0,96,1572.601354
476.0,144,1572.718232
284.0,96,1572.78273
284.0,96,1575.465856
284.0,96,1575.530775
380.0,120,1575.615276
476.0,144,1575.715986
380.0,120,1578.425573
380.0,120,1578.508204
284.0,96,1578.579322
284.0,96,1578.647133
412.0,128,1578.734376
284.0,96,1581.432837
476.0,144,1581.530845
572.0,168,1581.652619
284.0,96,1581.718213
284.0,96,1584.413418
284.0,96,1584.478934
284.0,96,1584.54679
444.0,136,1584.641918
348.0,112,1584.719794
380.0,120,1587.406746
380.0,120,1587.491408
412.0,128,1587.58198
380.0,120,1587.667308
412.0,128,1590.407436
476.0,144,1590.508259
636.0,184,1590.639689
284.0,96,1593.348914
572.0,168,1593.470262
380.0,120,1593.555478
508.0,152,1593.662989
284.0,96,1596.392247
380.0,120,1596.477998
476.0,144,1596.581219
380.0,120,1596.669135
380.0,120,1599.393857
284.0,96,1599.46175
476.0,144,1599.561991
284.0,96,1599.632285
348.0,112,1602.605178
284.0,96,1602.672709
316.0,104,1602.74621
380.0,120,1602.828529
284.0,96,1602.897212
380.0,120,1605.86293
508.0,152,1605.971471
668.0,192,1606.106534
540.0,160,1608.831283
284.0,96,1608.90052
284.0,96,1608.968272
284.0,96,1609.038522
380.0,120,1609.125192
284.0,96,1611.803077
380.0,120,1611.889507
284.0,96,1611.958516
380.0,120,1612.05388
476.0,144,1614.774947
380.0,120,1614.861265
476.0,144,1614.965536
540.0,160,1615.084508
284.0,96,1617.954347
284.0,96,1618.02449
380.0,120,1618.121274
476.0,144,1618.232032
316.0,104,1620.952606
412.0,128,1621.043758
892.0,248,1621.222205
380.0,120,1623.936169
380.0,120,1624.019536
380.0,120,1624.107028
284.0,96,1624.179839
284.0,96,1624.244098
348.0,112,1626.943673
412.0,128,1627.03455
796.0,224,1627.203955
380.0,120,1629.904539
284.0,96,1629.971596
284.0,96,1630.039256
668.0,192,1630.184161
380.0,120,1632.892116
284.0,96,1632.958842
284.0,96,1633.02696
316.0,104,1633.099149
284.0,96,1633.164617
444.0,136,1635.864184
380.0,120,1635.950749
636.0,184,1636.084568
284.0,96,1636.154086
380.0,120,1638.848287
476.0,144,1638.951122
412.0,128,1639.043418
316.0,104,1639.120063
604.0,176,1641.872206
380.0,120,1641.961139
380.0,120,1642.045152
668.0,192,1644.814503
668.0,192,1644.952373
476.0,144,1645.054144
380.0,120,1647.769538
284.0,96,1647.840662
380.0,120,1647.927416
476.0,144,1648.033415
284.0,96,1648.102006
284.0,96,1650.932125
284.0,96,1651.001372
476.0,144,1651.102727
284.0,96,1651.168283
604.0,176,1654.031466
284.0,96,1654.098606
380.0,120,1654.184825
444.0,136,1654.279525
284.0,96,1656.989232
572.0,168,1657.122558
604.0,176,1657.247878
380.0,120,1659.973387
380.0,120,1660.061991
380.0,120,1660.15198
924.0,256,1662.963259
380.0,120,1663.05155
572.0,168,1663.180083
380.0,120,1663.265265
380.0,120,1665.974678
380.0,120,1666.058456
380.0,120,1666.13982
572.0,168,1666.256856
284.0,96,1669.095731
284.0,96,1669.168771
284.0,96,1669.235739
284.0,96,1669.303897
380.0,120,1669.388495
284.0,96,1672.087473
348.0,112,1672.170102
284.0,96,1672.239679
284.0,96,1672.309734
284.0,96,1672.378554
636.0,184,1675.329281
380.0,120,1675.414693
284.0,96,1675.484047
476.0,144,1675.588103
380.0,120,1678.324676
700.0,200,1678.468312
412.0,128,1678.560125
572.0,168,1681.302524
380.0,120,1681.385711
380.0,120,1681.470042
284.0,96,1681.541054
380.0,120,1685.58012
284.0,96,1685.647519
380.0,120,1685.736301
284.0,96,1685.8062
508.0,152,1688.542529
284.0,96,1688.616154
284.0,96,1688.685155
380.0,120,1688.77264
476.0,144,1688.875932
380.0,120,1691.601629
380.0,120,1691.688765
380.0,120,1691.777518
284.0,96,1691.849634
380.0,120,1694.595627
572.0,168,1694.723968
380.0,120,1694.812135
348.0,112,1694.89303
412.0,128,1697.700244
284.0,96,1697.772055
988.0,272,1697.974286
284.0,96,1700.681669
380.0,120,1700.768939
284.0,96,1700.840172
284.0,96,1700.911598
316.0,104,1700.986681
284.0,96,1703.710984
476.0,144,1703.818467
380.0,120,1703.906974
892.0,248,1706.731088
284.0,96,1706.803484
284.0,96,1706.875773
284.0,96,1706.946231
380.0,120,1707.033497
284.0,96,1709.874956
380.0,120,1709.965636
284.0,96,1710.038429
380.0,120,1710.125403
380.0,120,1713.635442
284.0,96,1713.707772
444.0,136,1713.813335
380.0,120,1713.903036
444.0,136,1717.540418
380.0,120,1717.628684
444.0,136,1717.731566
284.0,96,1717.803412
572.0,168,1720.538363
284.0,96,1720.608538
380.0,120,1720.697787
572.0,168,1720.821199
284.0,96,1723.498271
476.0,144,1723.604877
284.0,96,1723.676788
284.0,96,1723.749209
444.0,136,1723.848566
412.0,128,1726.577575
476.0,144,1726.683783
284.0,96,1726.752383
572.0,168,1729.526393
572.0,168,1729.661163
476.0,144,1729.765384
316.0,104,1729.84146
476.0,144,1732.560445
572.0,168,1732.686569
380.0,120,1732.773725
284.0,96,1732.84611
700.0,200,1736.465016
348.0,112,1736.548395
476.0,144,1736.653567
380.0,120,1739.364246
284.0,96,1739.444748
348.0,112,1739.53097
380.0,120,1739.628825
284.0,96,1739.700867
444.0,136,1742.420825
380.0,120,1742.51068
476.0,144,1742.617699
540.0,160,1745.375226
284.0,96,1745.446139
476.0,144,1745.548067
380.0,120,1745.642692
284.0,96,1745.712684
380.0,120,1748.51474
284.0,96,1748.585015
316.0,104,1748.660835
380.0,120,1748.748836
284.0,96,1751.909229
476.0,144,1752.014287
380.0,120,1752.107803
348.0,112,1752.191391
284.0,96,1752.264923
284.0,96,1754.942463
1116.0,304,1755.165158
412.0,128,1757.870554
348.0,112,1757.955004
284.0,96,1758.023856
380.0,120,1758.115657
572.0,168,1761.623797
380.0,120,1761.714183
284.0,96,1761.78375
380.0,120,1761.875909
380.0,120,1761.96499
412.0,128,1764.737745
380.0,120,1764.829115
316.0,104,1764.906303
284.0,96,1764.976155
284.0,96,1767.670625
284.0,96,1767.740904
380.0,120,1767.831689
284.0,96,1767.9054
572.0,168,1768.038681
476.0,144,1770.752052
444.0,136,1770.856301
444.0,136,1770.960172
284.0,96,1773.652106
412.0,128,1773.755197
284.0,96,1773.829518
284.0,96,1773.901514
284.0,96,1773.976512
284.0,96,1776.652517
284.0,96,1776.72428
668.0,192,1776.868271
284.0,96,1776.939455
380.0,120,1779.632664
476.0,144,1779.743448
380.0,120,1779.829359
284.0,96,1779.901079
476.0,144,1782.611894
444.0,136,1782.716439
412.0,128,1782.813447
284.0,96,1782.886146
412.0,128,1785.594711
476.0,144,1785.702091
668.0,192,1785.845173
476.0,144,1785.952953
380.0,120,1788.830712
476.0,144,1788.938818
572.0,168,1789.061359
316.0,104,1791.744848
284.0,96,1791.818642
380.0,120,1791.906425
476.0,144,1792.013312
284.0,96,1792.08693
380.0,120,1794.765349
668.0,192,1794.908375
476.0,144,1795.019395
572.0,168,1800.969417
284.0,96,1801.043353
668.0,192,1801.190843
284.0,96,1801.261914
412.0,128,1803.979917
316.0,104,1804.083102
412.0,128,1804.182102
284.0,96,1804.256554
284.0,96,1807.032978
476.0,144,1807.141507
284.0,96,1807.216896
284.0,96,1807.288909
572.0,168,1810.202208
636.0,184,1810.341775
284.0,96,1810.414128
444.0,136,1810.518493
284.0,96,1813.205079
284.0,96,1813.277045
316.0,104,1813.356458
380.0,120,1813.446529
380.0,120,1816.162608
380.0,120,1816.252796
380.0,120,1816.342085
380.0,120,1816.431807
284.0,96,1816.506952
380.0,120,1819.231725
700.0,200,1819.388793
668.0,192,1819.537027
316.0,104,1822.253679
380.0,120,1822.344202
572.0,168,1822.472396
476.0,144,1825.389608
284.0,96,1825.46233
476.0,144,1825.581316
572.0,168,1825.711777
316.0,104,1828.538654
668.0,192,1828.683396
380.0,120,1828.777007
380.0,120,1828.868846
380.0,120,1831.706398
476.0,144,1831.815661
348.0,112,1831.899662
316.0,104,1831.980815
284.0,96,1834.743784
284.0,96,1834.818929
444.0,136,1834.91834
380.0,120,1835.011371
284.0,96,1835.086545
476.0,144,1837.920591
284.0,96,1837.994792
508.0,152,1838.106886
284.0,96,1838.178774
412.0,128,1841.061929
380.0,120,1841.154437
284.0,96,1841.230796
348.0,112,1841.317219
284.0,96,1844.030812
284.0,96,1844.105156
380.0,120,1844.196035
444.0,136,1844.302183
284.0,96,1844.378454
380.0,120,1847.253365
828.0,232,1847.428621
284.0,96,1847.501061
284.0,96,1850.212853
668.0,192,1850.358184
476.0,144,1850.468979
476.0,144,1850.584267
380.0,120,1853.286693
284.0,96,1853.360384
284.0,96,1853.431775
284.0,96,1853.508143
284.0,96,1853.577933
380.0,120,1856.293161
380.0,120,1856.390541
284.0,96,1856.4697
348.0,112,1856.560092
476.0,144,1859.40122
380.0,120,1859.499413
316.0,104,1859.586632
508.0,152,1859.705425
412.0,128,1862.414172
284.0,96,1862.487079
284.0,96,1862.56189
380.0,120,1862.653678
380.0,120,1865.366069
380.0,120,1865.458785
284.0,96,1865.533679
476.0,144,1865.642773
476.0,144,1868.366852
284.0,96,1868.441382
444.0,136,1868.547528
316.0,104,1868.628395
476.0,144,1872.723309
572.0,168,1872.85427
380.0,120,1872.946516
476.0,144,1873.058634
284.0,96,1875.746164
380.0,120,1875.838308
476.0,144,1875.95081
476.0,144,1876.06076
476.0,144,1879.152857
476.0,144,1879.264478
412.0,128,1879.36501
476.0,144,1882.105489
284.0,96,1882.180215
380.0,120,1882.271863
668.0,192,1882.419796
380.0,120,1885.13418
380.0,120,1885.225833
380.0,120,1885.315965
380.0,120,1885.408845
668.0,192,1888.174325
316.0,104,1888.254776
284.0,96,1888.32891
284.0,96,1888.402623
796.0,224,1891.32881
380.0,120,1891.424059
284.0,96,1891.499861
284.0,96,1891.577512
284.0,96,1894.304064
412.0,128,1894.407738
476.0,144,1894.521076
284.0,96,1894.597584
316.0,104,1894.679741
284.0,96,1897.417378
380.0,120,1897.510287
284.0,96,1897.583239
284.0,96,1897.659425
668.0,192,1900.446919
380.0,120,1900.538569
380.0,120,1900.631466
444.0,136,1900.739881
284.0,96,1903.460642
284.0,96,1903.536661
284.0,96,1903.61163
476.0,144,1903.723152
380.0,120,1906.430332
476.0,144,1906.543028
636.0,184,1906.685099
380.0,120,1906.777993
700.0,200,1909.545855
316.0,104,1909.627196
284.0,96,1909.700822
284.0,96,1909.776815
284.0,96,1912.672177
1180.0,320,1912.920623
476.0,144,1915.655224
284.0,96,1915.732594
284.0,96,1915.809998
284.0,96,1915.884559
380.0,120,1915.978965
284.0,96,1918.84319
284.0,96,1918.918675
284.0,96,1918.995293
604.0,176,1919.136818
476.0,144,1921.999715
380.0,120,1922.099083
380.0,120,1922.195993
476.0,144,1922.314187
476.0,144,1925.088223
284.0,96,1925.165133
380.0,120,1925.263635
380.0,120,1925.35877
380.0,120,1928.086401
764.0,216,1928.256216
284.0,96,1928.330678
316.0,104,1928.414346
572.0,168,1931.331531
284.0,96,1931.40644
380.0,120,1931.508846
284.0,96,1931.591207
508.0,152,1934.388874
284.0,96,1934.464771
380.0,120,1934.558758
380.0,120,1934.651671
284.0,96,1934.728463
540.0,160,1937.617884
572.0,168,1937.750997
604.0,176,1937.887803
380.0,120,1940.796697
380.0,120,1940.89173
284.0,96,1940.968652
284.0,96,1941.044639
380.0,120,1943.763916
284.0,96,1943.840985
284.0,96,1943.919897
284.0,96,1943.997514
380.0,120,1944.092203
284.0,96,1946.791706
284.0,96,1946.866386
284.0,96,1946.940103
316.0,104,1947.024267
284.0,96,1947.102841
380.0,120,1949.820559
572.0,168,1949.954377
380.0,120,1950.048462
284.0,96,1950.125073
380.0,120,1952.913628
572.0,168,1953.046053
316.0,104,1953.127136
284.0,96,1953.202797
348.0,112,1955.929908
316.0,104,1956.016153
380.0,120,1956.111155
380.0,120,1956.206308
476.0,144,1958.952399
284.0,96,1959.02938
956.0,264,1959.236323
284.0,96,1959.312078
284.0,96,1962.110437
380.0,120,1962.206991
700.0,200,1962.365551
284.0,96,1965.596608
380.0,120,1965.69109
284.0,96,1965.769662
284.0,96,1965.84829
380.0,120,1965.942646
284.0,96,1968.655512
380.0,120,1968.754154
284.0,96,1968.832546
380.0,120,1968.931106
284.0,96,1969.011898
284.0,96,1971.800433
284.0,96,1971.87693
284.0,96,1971.957216
380.0,120,1972.053067
476.0,144,1974.811222
476.0,144,1974.927127
572.0,168,1975.062292
284.0,96,1975.140697
284.0,96,1977.849292
380.0,120,1977.944242
476.0,144,1978.059766
348.0,112,1978.150395
476.0,144,1982.338661
284.0,96,1982.416906
476.0,144,1982.533859
284.0,96,1982.613092
380.0,120,1982.707872
380.0,120,1985.447353
444.0,136,1985.556058
284.0,96,1985.636834
284.0,96,1985.715394
476.0,144,1988.563992
412.0,128,1988.667278
380.0,120,1988.763865
380.0,120,1988.860402
284.0,96,1991.566966
284.0,96,1991.643378
284.0,96,1991.719664
284.0,96,1991.795849
476.0,144,1991.909846
444.0,136,1994.949815
284.0,96,1995.024831
284.0,96,1995.105052
284.0,96,1995.182332
636.0,184,1997.951691
316.0,104,1998.03458
412.0,128,1998.137977
380.0,120,1998.234284
380.0,120,2000.943864
380.0,120,2001.042608
316.0,104,2001.12903
476.0,144,2001.24633
284.0,96,2003.957579
380.0,120,2004.055
476.0,144,2004.16804
604.0,176,2004.308754
284.0,96,2007.007574
540.0,160,2007.13629
284.0,96,2007.256442
284.0,96,2007.334556
380.0,120,2020.726355
572.0,168,2020.862896
380.0,120,2020.958432
796.0,224,2023.982593
284.0,96,2024.070999
284.0,96,2024.15013
380.0,120,2024.245361
380.0,120,2024.341755
380.0,120,2027.33738
380.0,120,2027.434909
284.0,96,2027.514421
412.0,128,2027.617218
284.0,96,2030.447031
380.0,120,2030.54247
380.0,120,2030.639471
476.0,144,2030.753748
380.0,120,2033.485144
284.0,96,2033.563221
284.0,96,2033.640518
284.0,96,2033.719903
380.0,120,2033.819957
284.0,96,2036.540018
284.0,96,2036.6193
284.0,96,2036.698821
380.0,120,2036.796118
444.0,136,2036.906565
284.0,96,2039.636964
380.0,120,2039.734489
316.0,104,2039.821381
476.0,144,2039.940831
380.0,120,2042.686385
380.0,120,2042.787222
508.0,152,2042.915382
668.0,192,2045.705317
348.0,112,2045.797016
572.0,168,2045.934557
380.0,120,2046.03199
348.0,112,2048.761049
284.0,96,2048.841104
444.0,136,2048.950189
284.0,96,2049.028693
508.0,152,2051.799484
284.0,96,2051.877258
604.0,176,2052.024381
380.0,120,2052.123424
284.0,96,2054.849986
284.0,96,2054.9296
316.0,104,2055.013768
380.0,120,2055.116035
284.0,96,2055.196243
572.0,168,2057.966848
284.0,96,2058.050592
380.0,120,2058.149835
540.0,160,2058.282348
380.0,120,2060.999977
476.0,144,2061.125747
380.0,120,2061.225762
380.0,120,2061.331609
380.0,120,2064.076372
284.0,96,2064.155646
284.0,96,2064.234113
284.0,96,2064.314063
476.0,144,2067.054386
284.0,96,2067.132234
284.0,96,2067.211049
284.0,96,2067.290425
380.0,120,2067.39015
284.0,96,2070.093767
380.0,120,2070.192374
572.0,168,2070.33451
348.0,112,2070.427182
284.0,96,2073.124146
380.0,120,2073.223862
412.0,128,2073.33017
284.0,96,2073.407218
572.0,168,2078.317686
380.0,120,2078.416195
284.0,96,2078.494406
380.0,120,2078.593662
444.0,136,2081.639402
444.0,136,2081.753478
284.0,96,2081.836337
444.0,136,2081.949651
284.0,96,2082.031826
284.0,96,2084.903518
476.0,144,2085.01879
476.0,144,2085.139233
380.0,120,2085.235496
316.0,104,2087.972704
284.0,96,2088.051454
284.0,96,2088.129486
380.0,120,2088.223568
412.0,128,2091.002857
476.0,144,2091.120011
380.0,120,2091.215338
380.0,120,2091.313094
380.0,120,2094.017056
284.0,96,2094.095022
284.0,96,2094.173389
284.0,96,2094.25484
476.0,144,2094.372642
348.0,112,2097.39545
284.0,96,2097.474058
284.0,96,2097.555022
284.0,96,2097.633524
284.0,96,2097.714095
348.0,112,2100.667995
284.0,96,2100.746383
476.0,144,2100.867298
668.0,192,2103.645067
380.0,120,2103.747943
572.0,168,2103.889785
892.0,248,2107.243491
380.0,120,2107.34362
380.0,120,2107.447826
380.0,120,2107.550777
284.0,96,2110.467078
284.0,96,2110.549732
284.0,96,2110.626401
284.0,96,2110.705482
284.0,96,2110.785454
476.0,144,2113.833065
284.0,96,2113.911325
380.0,120,2114.015112
284.0,96,2114.094306
380.0,120,2114.195198
476.0,144,2116.956193
284.0,96,2117.041831
284.0,96,2117.128502
380.0,120,2117.224142
284.0,96,2119.931901
540.0,160,2120.068242
284.0,96,2120.149391
284.0,96,2120.239242
476.0,144,2125.315342
508.0,152,2125.442693
540.0,160,2125.575795
380.0,120,2125.675665
284.0,96,2128.366794
348.0,112,2128.459609
380.0,120,2128.561324
284.0,96,2128.643657
380.0,120,2128.741738
540.0,160,2131.507184
668.0,192,2131.666807
284.0,96,2131.747065
284.0,96,2134.44467
284.0,96,2134.527055
380.0,120,2134.626734
380.0,120,2134.7257
988.0,272,2137.672951
476.0,144,2137.797519
412.0,128,2137.907776
284.0,96,2140.753308
284.0,96,2140.835856
284.0,96,2140.916426
412.0,128,2141.023575
380.0,120,2141.128639
380.0,120,2143.878987
316.0,104,2143.965688
988.0,272,2144.19819
284.0,96,2147.883907
284.0,96,2147.963966
348.0,112,2148.059509
380.0,120,2148.16445
284.0,96,2148.244721
380.0,120,2151.049091
380.0,120,2151.152631
284.0,96,2151.233649
284.0,96,2151.316327
284.0,96,2151.397296
572.0,168,2154.158118
284.0,96,2154.239456
668.0,192,2154.400234
668.0,192,2157.359667
380.0,120,2157.459949
476.0,144,2157.581999
284.0,96,2160.275605
476.0,144,2160.398638
284.0,96,2160.480091
284.0,96,2160.564328
476.0,144,2160.685706
284.0,96,2163.406097
572.0,168,2163.549371
284.0,96,2163.630311
380.0,120,2163.731972
316.0,104,2166.457034
380.0,120,2166.556823
380.0,120,2166.660084
284.0,96,2166.740565
380.0,120,2169.57784
284.0,96,2169.667676
380.0,120,2169.775605
380.0,120,2169.881444
284.0,96,2169.963833
476.0,144,2173.130137
284.0,96,2173.217514
380.0,120,2173.323519
380.0,120,2173.424347
380.0,120,2176.298189
380.0,120,2176.399564
380.0,120,2176.501354
476.0,144,2176.625088
380.0,120,2179.667774
284.0,96,2179.751044
284.0,96,2179.83286
284.0,96,2179.913395
412.0,128,2180.025868
380.0,120,2182.75147
508.0,152,2182.884179
380.0,120,2182.989559
284.0,96,2183.072245
284.0,96,2185.784427
284.0,96,2185.867313
476.0,144,2185.989759
284.0,96,2186.072291
284.0,96,2186.154651
572.0,168,2189.471931
380.0,120,2189.575011
284.0,96,2189.655567
380.0,120,2189.759565
380.0,120,2192.484729
476.0,144,2192.605703
476.0,144,2192.728631
284.0,96,2192.81271
380.0,120,2204.932232
284.0,96,2205.017212
284.0,96,2205.101088
412.0,128,2205.211145
284.0,96,2207.921218
284.0,96,2208.000452
476.0,144,2208.126149
508.0,152,2208.258495
284.0,96,2210.949737
284.0,96,2211.030003
284.0,96,2211.115779
572.0,168,2211.255331
444.0,136,2213.969737
700.0,200,2214.139946
284.0,96,2214.223521
284.0,96,2214.304274
380.0,120,2217.00899
284.0,96,2217.088766
284.0,96,2217.171473
284.0,96,2217.252505
380.0,120,2217.351822
284.0,96,2224.181131
636.0,184,2224.33484
572.0,168,2224.476044
380.0,120,2227.19488
284.0,96,2227.276881
284.0,96,2227.354873
284.0,96,2227.437349
668.0,192,2227.596674
476.0,144,2230.34104
380.0,120,2230.445926
284.0,96,2230.527716
348.0,112,2230.623303
476.0,144,2233.551189
348.0,112,2233.646476
316.0,104,2233.73626
476.0,144,2233.854735
348.0,112,2236.624938
284.0,96,2236.707353
636.0,184,2236.863298
380.0,120,2236.964278
668.0,192,2239.739865
380.0,120,2239.839931
284.0,96,2239.922957
476.0,144,2242.85184
284.0,96,2242.932514
284.0,96,2243.019278
380.0,120,2243.12122
284.0,96,2243.202788
284.0,96,2246.728603
476.0,144,2246.851627
380.0,120,2246.954578
380.0,120,2247.055435
476.0,144,2249.98135
380.0,120,2250.086258
316.0,104,2250.172499
316.0,104,2250.261574
284.0,96,2250.342819
476.0,144,2253.076222
380.0,120,2253.179044
380.0,120,2253.281301
284.0,96,2253.363437
572.0,168,2256.116777
284.0,96,2256.197614
284.0,96,2256.280038
668.0,192,2260.377769
284.0,96,2260.460121
284.0,96,2260.541487
284.0,96,2260.622121
444.0,136,2260.738001
380.0,120,2263.558505
284.0,96,2263.642363
284.0,96,2263.724568
348.0,112,2263.819207
476.0,144,2266.698765
476.0,144,2266.821737
476.0,144,2266.944793
284.0,96,2267.027367
284.0,96,2267.110298
284.0,96,2269.87662
284.0,96,2269.96064
284.0,96,2270.043054
636.0,184,2270.199596
284.0,96,2272.8877
700.0,200,2273.056388
284.0,96,2273.139252
636.0,184,2275.913732
284.0,96,2275.996944
508.0,152,2276.131196
348.0,112,2276.228005
284.0,96,2276.311182
444.0,136,2279.935341
412.0,128,2280.047458
284.0,96,2280.140028
380.0,120,2280.247427
380.0,120,2282.975026
380.0,120,2283.076964
284.0,96,2283.160444
284.0,96,2283.242815
284.0,96,2283.326029
284.0,96,2286.054166
380.0,120,2286.159168
380.0,120,2286.26245
540.0,160,2286.400053
284.0,96,2289.131727
380.0,120,2289.234351
284.0,96,2289.317056
284.0,96,2289.400049
380.0,120,2292.405492
380.0,120,2292.509581
316.0,104,2292.601421
572.0,168,2292.747866
284.0,96,2295.775172
284.0,96,2295.862633
380.0,120,2295.966479
380.0,120,2296.071637
284.0,96,2296.154605
348.0,112,2298.885751
284.0,96,2298.969437
380.0,120,2299.076668
284.0,96,2299.161322
380.0,120,2299.267923
476.0,144,2302.017854
284.0,96,2302.100352
380.0,120,2302.205131
572.0,168,2304.97691
284.0,96,2305.06024
444.0,136,2305.179987
476.0,144,2305.306531
284.0,96,2305.393058
572.0,168,2308.149606
476.0,144,2308.272695
476.0,144,2308.399014
316.0,104,2311.20293
572.0,168,2311.347454
348.0,112,2311.445778
284.0,96,2311.527364
380.0,120,2314.463488
508.0,152,2314.595562
284.0,96,2314.680197
284.0,96,2314.767453
284.0,96,2314.851874
476.0,144,2317.589696
284.0,96,2317.673217
508.0,152,2317.808529
380.0,120,2317.914381
476.0,144,2320.671014
284.0,96,2320.753982
476.0,144,2320.878468
380.0,120,2320.981961
284.0,96,2323.694492
284.0,96,2323.777371
380.0,120,2323.881376
284.0,96,2323.971344
284.0,96,2326.656713
316.0,104,2326.748097
284.0,96,2326.833202
284.0,96,2326.916839
284.0,96,2327.00059
284.0,96,2327.084883
476.0,144,2332.598683
284.0,96,2332.684382
284.0,96,2332.768597
284.0,96,2332.851765
380.0,120,2336.795258
284.0,96,2336.88003
540.0,160,2337.0209
348.0,112,2337.116764
284.0,96,2339.832194
380.0,120,2339.938022
380.0,120,2340.046679
316.0,104,2340.137793
316.0,104,2340.230043
284.0,96,2342.958345
284.0,96,2343.042357
284.0,96,2343.12841
284.0,96,2343.211468
380.0,120,2343.316194
284.0,96,2346.022973
284.0,96,2346.108043
444.0,136,2346.231138
284.0,96,2346.31695
284.0,96,2346.403139
284.0,96,2349.134098
284.0,96,2349.221083
284.0,96,2349.310008
284.0,96,2349.394765
412.0,128,2349.505202
348.0,112,2352.389235
380.0,120,2352.496215
476.0,144,2352.623863
348.0,112,2352.721908
476.0,144,2355.449988
380.0,120,2355.556571
284.0,96,2355.64092
284.0,96,2355.726952
284.0,96,2358.429559
284.0,96,2358.514565
284.0,96,2358.598792
284.0,96,2358.683131
284.0,96,2358.76958
380.0,120,2361.47517
284.0,96,2361.561561
316.0,104,2361.651905
284.0,96,2361.737135
284.0,96,2361.823023
284.0,96,2364.630963
284.0,96,2364.718028
380.0,120,2364.823783
284.0,96,2364.911463
380.0,120,2365.018273
476.0,144,2367.765125
284.0,96,2367.849899
380.0,120,2367.957842
796.0,224,2370.788029
348.0,112,2370.885514
284.0,96,2370.970605
380.0,120,2371.077428
380.0,120,2371.18323
284.0,96,2373.897729
284.0,96,2373.984163
572.0,168,2374.137405
380.0,120,2374.245319
284.0,96,2376.965457
284.0,96,2377.05113
284.0,96,2377.137092
572.0,168,2377.286145
572.0,168,2380.172834
380.0,120,2380.282394
572.0,168,2380.43529
380.0,120,2380.544242
476.0,144,2383.507241
284.0,96,2383.594095
540.0,160,2383.740894
476.0,144,2386.5053
284.0,96,2386.59033
476.0,144,2386.719021
284.0,96,2386.805323
572.0,168,2389.745589
380.0,120,2389.851762
476.0,144,2389.984864
284.0,96,2390.071282
284.0,96,2392.808502
284.0,96,2392.898414
284.0,96,2392.985402
380.0,120,2393.096325
380.0,120,2393.202638
380.0,120,2395.942938
668.0,192,2396.118516
284.0,96,2396.207509
380.0,120,2396.320178
380.0,120,2399.075818
380.0,120,2399.183167
284.0,96,2399.269387
380.0,120,2399.375473
284.0,96,2402.116831
380.0,120,2402.22437
476.0,144,2402.35789
284.0,96,2402.445224
284.0,96,2402.536847
316.0,104,2405.275966
284.0,96,2405.364036
508.0,152,2405.504163
380.0,120,2405.619515
412.0,128,2408.372816
476.0,144,2408.507537
380.0,120,2408.620099
284.0,96,2408.710749
380.0,120,2411.723952
284.0,96,2411.810333
284.0,96,2411.896737
380.0,120,2412.006647
476.0,144,2414.767699
380.0,120,2414.879397
380.0,120,2414.989369
284.0,96,2415.080466
1276.0,344,2418.019293
284.0,96,2418.109285
284.0,96,2418.198036
380.0,120,2418.3079
380.0,120,2421.055102
380.0,120,2421.164198
284.0,96,2421.251748
284.0,96,2421.338358
380.0,120,2424.239151
380.0,120,2424.348783
284.0,96,2424.437734
380.0,120,2424.547514
284.0,96,2424.634578
284.0,96,2427.680335
284.0,96,2427.76803
380.0,120,2427.878205
284.0,96,2427.966717
988.0,272,2430.846606
380.0,120,2430.959387
380.0,120,2431.072397
284.0,96,2431.161452
284.0,96,2433.881199
380.0,120,2433.991512
412.0,128,2434.109989
380.0,120,2434.220284
380.0,120,2437.053223
284.0,96,2437.143329
380.0,120,2437.254775
284.0,96,2437.344263
284.0,96,2437.434983
444.0,136,2440.341962
348.0,112,2440.446058
380.0,120,2440.558273
284.0,96,2440.648746
348.0,112,2443.749658
284.0,96,2443.841592
284.0,96,2443.931477
284.0,96,2444.020771
380.0,120,2444.129685
284.0,96,2446.829635
316.0,104,2446.924949
380.0,120,2447.038782
284.0,96,2447.124975
284.0,96,2447.213716
284.0,96,2449.909741
348.0,112,2450.011556
380.0,120,2450.126906
284.0,96,2450.219644
284.0,96,2452.916447
284.0,96,2453.006163
476.0,144,2453.14242
1084.0,296,2456.120227
316.0,104,2456.214261
412.0,128,2456.330148
380.0,120,2456.441334
476.0,144,2461.186962
636.0,184,2461.359816
316.0,104,2461.455159
284.0,96,2461.54447
412.0,128,2464.311054
284.0,96,2464.400533
284.0,96,2464.489394
668.0,192,2464.669288
380.0,120,2467.390104
380.0,120,2467.499957
348.0,112,2467.602714
380.0,120,2467.711769
284.0,96,2470.418766
572.0,168,2470.572523
764.0,216,2470.772059
284.0,96,2470.859977
284.0,96,2473.577478
444.0,136,2473.701365
476.0,144,2473.833722
732.0,208,2476.637521
284.0,96,2476.726356
380.0,120,2476.836585
476.0,144,2476.967775
284.0,96,2479.672012
380.0,120,2479.781208
572.0,168,2479.939012
572.0,168,2480.096591
700.0,200,2482.89637
284.0,96,2482.983909
284.0,96,2483.072546
444.0,136,2485.834444
380.0,120,2485.940584
444.0,136,2486.061338
284.0,96,2486.149465
284.0,96,2486.235054
476.0,144,2489.124962
284.0,96,2489.210828
284.0,96,2489.298746
284.0,96,2489.386236
476.0,144,2492.163518
348.0,112,2492.265868
348.0,112,2492.367781
380.0,120,2492.476487
284.0,96,2492.563152
284.0,96,2495.264919
380.0,120,2495.373655
284.0,96,2495.462153
284.0,96,2495.550615
380.0,120,2495.660192
380.0,120,2498.76288
284.0,96,2498.852352
284.0,96,2498.940706
284.0,96,2499.032771
412.0,128,2501.775288
284.0,96,2501.864865
284.0,96,2501.950989
380.0,120,2502.057098
380.0,120,2502.164768
1276.0,344,2505.51715
284.0,96,2505.608136
380.0,120,2508.684777
380.0,120,2508.794832
284.0,96,2508.881142
284.0,96,2508.967843
284.0,96,2509.05411
284.0,96,2511.887716
284.0,96,2511.975584
316.0,104,2512.071672
380.0,120,2512.177291
284.0,96,2512.263927
284.0,96,2515.131961
380.0,120,2515.238426
284.0,96,2515.323712
380.0,120,2515.431444
476.0,144,2518.20055
284.0,96,2518.286771
380.0,120,2518.396289
732.0,208,2518.588128
380.0,120,2521.320068
380.0,120,2521.4305
316.0,104,2521.526241
380.0,120,2521.636255
284.0,96,2524.347819
284.0,96,2524.436772
284.0,96,2524.524859
380.0,120,2524.635209
284.0,96,2524.724643
316.0,104,2527.445561
284.0,96,2527.536655
284.0,96,2527.62315
380.0,120,2527.734126
284.0,96,2527.823177
732.0,208,2530.656894
380.0,120,2530.76506
476.0,144,2530.893339
668.0,192,2533.940285
380.0,120,2534.047178
476.0,144,2534.175563
380.0,120,2534.286558
284.0,96,2537.008149
476.0,144,2537.138096
284.0,96,2537.225128
668.0,192,2540.046508
284.0,96,2540.131713
380.0,120,2540.238892
540.0,160,2540.382443
284.0,96,2540.467866
380.0,120,2543.196304
284.0,96,2543.283239
316.0,104,2543.378292
508.0,152,2543.515827
284.0,96,2546.219451
284.0,96,2546.306136
380.0,120,2546.413181
380.0,120,2546.519386
476.0,144,2549.26881
348.0,112,2549.368764
284.0,96,2549.455404
380.0,120,2549.561814
476.0,144,2549.687586
572.0,168,2552.457606
380.0,120,2552.567184
284.0,96,2552.652537
476.0,144,2555.413968
380.0,120,2555.520806
476.0,144,2555.649045
284.0,96,2555.736516
476.0,144,2558.507617
284.0,96,2558.594168
284.0,96,2558.679316
380.0,120,2558.787203
284.0,96,2558.874222
476.0,144,2561.723596
284.0,96,2561.810391
284.0,96,2561.897133
348.0,112,2561.998455
284.0,96,2562.087829
348.0,112,2564.896992
476.0,144,2565.026408
284.0,96,2565.112362
284.0,96,2565.197253
284.0,96,2567.910281
476.0,144,2568.043957
284.0,96,2568.133524
284.0,96,2568.22053
476.0,144,2570.95878
348.0,112,2571.058283
284.0,96,2571.145581
284.0,96,2571.232345
284.0,96,2571.318051
380.0,120,2574.055236
284.0,96,2574.139736
380.0,120,2574.246479
284.0,96,2574.333416
348.0,112,2574.434339
316.0,104,2577.13749
284.0,96,2577.223136
284.0,96,2577.309024
444.0,136,2577.429962
380.0,120,2577.538045
284.0,96,2580.239678
380.0,120,2580.347521
284.0,96,2580.435118
476.0,144,2580.562232
476.0,144,2583.392694
284.0,96,2583.479513
284.0,96,2583.565638
284.0,96,2583.652881
476.0,144,2586.491647
284.0,96,2586.578804
508.0,152,2586.714362
476.0,144,2586.842847
476.0,144,2590.037245
668.0,192,2590.208677
380.0,120,2590.315802
284.0,96,2590.402012
380.0,120,2593.151704
284.0,96,2593.239271
348.0,112,2593.338133
476.0,144,2593.464996
284.0,96,2596.183409
380.0,120,2596.289116
284.0,96,2596.374243
284.0,96,2596.460745
380.0,120,2596.56726
284.0,96,2599.419925
284.0,96,2599.509767
284.0,96,2599.59855
572.0,168,2599.751785
284.0,96,2602.452561
348.0,112,2602.553954
476.0,144,2602.68383
572.0,168,2602.833313
284.0,96,2605.548282
380.0,120,2605.657476
284.0,96,2605.744883
284.0,96,2605.830807
284.0,96,2605.917758
380.0,120,2608.641827
284.0,96,2608.728646
572.0,168,2608.88157
284.0,96,2608.968178
284.0,96,2611.689112
284.0,96,2611.779377
284.0,96,2611.864198
284.0,96,2611.950867
380.0,120,2612.062601
476.0,144,2614.817015
284.0,96,2614.90416
284.0,96,2614.990878
284.0,96,2615.081224
572.0,168,2617.859847
284.0,96,2617.946689
380.0,120,2618.066808
284.0,96,2618.157816
284.0,96,2618.244123
284.0,96,2620.954757
476.0,144,2621.081646
380.0,120,2621.188705
284.0,96,2621.273984
284.0,96,2621.358867
284.0,96,2624.071458
284.0,96,2624.158789
284.0,96,2624.246317
284.0,96,2624.332205
284.0,96,2624.419256
348.0,112,2627.276873
380.0,120,2627.387172
284.0,96,2627.476342
284.0,96,2627.565771
476.0,144,2630.32627
380.0,120,2630.43768
476.0,144,2630.567256
284.0,96,2630.656266
508.0,152,2633.438264
284.0,96,2633.526259
380.0,120,2633.636117
284.0,96,2633.724329
636.0,184,2637.522072
284.0,96,2637.608484
444.0,136,2637.732559
284.0,96,2637.825017
284.0,96,2637.916146
284.0,96,2640.73175
380.0,120,2640.84423
284.0,96,2640.933749
380.0,120,2641.048557
380.0,120,2643.775667
380.0,120,2643.88607
284.0,96,2643.976637
476.0,144,2644.10986
380.0,120,2646.848333
284.0,96,2646.936896
284.0,96,2647.03001
380.0,120,2647.140033
284.0,96,2647.227987
572.0,168,2650.012735
380.0,120,2650.126914
284.0,96,2650.215425
476.0,144,2650.346522
412.0,128,2653.172909
636.0,184,2653.340077
380.0,120,2653.451093
412.0,128,2656.183912
284.0,96,2656.272917
380.0,120,2656.382824
284.0,96,2656.472933
348.0,112,2656.572859
572.0,168,2659.448633
284.0,96,2659.535021
412.0,128,2659.648116
380.0,120,2659.756159
316.0,104,2662.48364
380.0,120,2662.592662
476.0,144,2662.723627
380.0,120,2662.839098
284.0,96,2665.550388
412.0,128,2665.662663
476.0,144,2665.788687
476.0,144,2665.915459
380.0,120,2668.663557
412.0,128,2668.774294
380.0,120,2668.880199
284.0,96,2668.964453
508.0,152,2671.743466
476.0,144,2671.870836
284.0,96,2671.954759
380.0,120,2672.067897
380.0,120,2674.7891
284.0,96,2674.875738
476.0,144,2675.00283
284.0,96,2675.088728
284.0,96,2675.173729
380.0,120,2678.226372
508.0,152,2678.359516
284.0,96,2678.446033
476.0,144,2678.574086
284.0,96,2681.277011
668.0,192,2681.444717
284.0,96,2681.530329
284.0,96,2681.614846
284.0,96,2686.797779
636.0,184,2686.961611
380.0,120,2687.072036
284.0,96,2687.158317
284.0,96,2689.901294
444.0,136,2690.023304
284.0,96,2690.111033
284.0,96,2690.194549
572.0,168,2693.050863
284.0,96,2693.137449
444.0,136,2693.2612
380.0,120,2693.366369
476.0,144,2696.129329
284.0,96,2696.215095
476.0,144,2696.341475
284.0,96,2696.426987
284.0,96,2696.511773
284.0,96,2699.202219
316.0,104,2699.293173
444.0,136,2699.411625
444.0,136,2699.530318
284.0,96,2702.235496
476.0,144,2702.361434
284.0,96,2702.450353
380.0,120,2702.556212
380.0,120,2705.395815
284.0,96,2705.480205
284.0,96,2705.564957
284.0,96,2705.649793
380.0,120,2705.756984
284.0,96,2708.475639
476.0,144,2708.603055
380.0,120,2708.714008
476.0,144,2708.845833
380.0,120,2711.573056
380.0,120,2711.679273
284.0,96,2711.764891
380.0,120,2711.872192
380.0,120,2714.717453
284.0,96,2714.802484
604.0,176,2714.959034
284.0,96,2715.044675
284.0,96,2715.133314
476.0,144,2717.880724
284.0,96,2717.965165
476.0,144,2718.093444
380.0,120,2718.201081
380.0,120,2720.919221
380.0,120,2721.024506
476.0,144,2721.15156
380.0,120,2721.258389
284.0,96,2724.09842
284.0,96,2724.183732
284.0,96,2724.269399
476.0,144,2724.399561
284.0,96,2727.107162
284.0,96,2727.196167
508.0,152,2727.329165
380.0,120,2727.434141
284.0,96,2727.518833
284.0,96,2731.086934
284.0,96,2731.172927
572.0,168,2731.32128
380.0,120,2731.426874
284.0,96,2734.579601
668.0,192,2734.750541
348.0,112,2734.849371
380.0,120,2734.953998
572.0,168,2737.726133
348.0,112,2737.824296
380.0,120,2737.929984
284.0,96,2738.015417
284.0,96,2740.809506
284.0,96,2740.894415
412.0,128,2741.006927
604.0,176,2741.165745
284.0,96,2743.859533
284.0,96,2743.947544
348.0,112,2744.045179
412.0,128,2744.160278
284.0,96,2744.246369
284.0,96,2746.953635
380.0,120,2747.058798
508.0,152,2747.193124
572.0,168,2750.064728
476.0,144,2750.198639
284.0,96,2750.284114
284.0,96,2750.367393
572.0,168,2753.297577
284.0,96,2753.382023
284.0,96,2753.466629
284.0,96,2753.552167
476.0,144,2753.67901
476.0,144,2756.56205
380.0,120,2756.667084
284.0,96,2756.752646
284.0,96,2756.837329
380.0,120,2759.562676
380.0,120,2759.667718
284.0,96,2759.753998
380.0,120,2759.860875
476.0,144,2762.615012
284.0,96,2762.703894
636.0,184,2762.868285
476.0,144,2762.994308
412.0,128,2765.735145
476.0,144,2765.860802
476.0,144,2765.988883
476.0,144,2768.727429
636.0,184,2768.891016
380.0,120,2768.998045
540.0,160,2769.140397
572.0,168,2772.007868
380.0,120,2772.117592
444.0,136,2772.23806
284.0,96,2772.322836
284.0,96,2775.138764
284.0,96,2775.223718
572.0,168,2775.371566
380.0,120,2775.478318
380.0,120,2778.584273
380.0,120,2778.688804
284.0,96,2778.774649
284.0,96,2778.859564
284.0,96,2781.557041
284.0,96,2781.64316
476.0,144,2781.7697
380.0,120,2781.876414
540.0,160,2784.694341
380.0,120,2784.800645
348.0,112,2784.90536
476.0,144,2785.039288
380.0,120,2787.891181
284.0,96,2787.979671
796.0,224,2788.186726
380.0,120,2788.29817
284.0,96,2791.045353
380.0,120,2791.156521
380.0,120,2791.268424
380.0,120,2791.380112
316.0,104,2794.331005
284.0,96,2794.415444
412.0,128,2794.528747
348.0,112,2794.629063
284.0,96,2794.715121
476.0,144,2797.494077
284.0,96,2797.578796
284.0,96,2797.664593
380.0,120,2797.77206
380.0,120,2800.513542
380.0,120,2800.624731
284.0,96,2800.714366
380.0,120,2800.825737
284.0,96,2800.915088
412.0,128,2803.688811
476.0,144,2803.821562
284.0,96,2803.914107
284.0,96,2804.006487
284.0,96,2806.745409
284.0,96,2806.833759
284.0,96,2806.921509
380.0,120,2807.033274
284.0,96,2807.122108
284.0,96,2809.833802
668.0,192,2810.01229
380.0,120,2810.121377
380.0,120,2810.233482
668.0,192,2813.143414
540.0,160,2813.289033
380.0,120,2813.39954
380.0,120,2816.121855
348.0,112,2816.225459
284.0,96,2816.319518
284.0,96,2816.40929
380.0,120,2816.520325
284.0,96,2819.235953
284.0,96,2819.323463
604.0,176,2819.486365
284.0,96,2819.574357
284.0,96,2822.323621
316.0,104,2822.419496
284.0,96,2822.509032
444.0,136,2822.629644
284.0,96,2822.714716
284.0,96,2825.415804
316.0,104,2825.509355
284.0,96,2825.594296
540.0,160,2825.736497
796.0,224,2828.991553
284.0,96,2829.078061
380.0,120,2829.185592
476.0,144,2831.917279
284.0,96,2832.001441
284.0,96,2832.089582
284.0,96,2832.174651
380.0,120,2832.281821
476.0,144,2835.026134
284.0,96,2835.109857
284.0,96,2835.194981
412.0,128,2835.30818
284.0,96,2835.394078
380.0,120,2838.261153
476.0,144,2838.387541
380.0,120,2838.492047
284.0,96,2838.575859
444.0,136,2841.352211
284.0,96,2841.442602
380.0,120,2841.553047
284.0,96,2841.64334
380.0,120,2844.399674
572.0,168,2844.548446
380.0,120,2844.654242
476.0,144,2844.787792
284.0,96,2847.529337
380.0,120,2847.637285
284.0,96,2847.726054
284.0,96,2847.81583
380.0,120,2847.926207
284.0,96,2850.825508
284.0,96,2850.911665
476.0,144,2851.041574
284.0,96,2851.128502
476.0,144,2854.090958
380.0,120,2854.204553
284.0,96,2854.291299
284.0,96,2854.377643
380.0,120,2854.486159
476.0,144,2857.245884
380.0,120,2857.357121
476.0,144,2857.489801
476.0,144,2860.24999
380.0,120,2860.36041
380.0,120,2860.473008
380.0,120,2860.582216
444.0,136,2863.332254
316.0,104,2863.428943
572.0,168,2863.584995
284.0,96,2863.674356
284.0,96,2863.763162
284.0,96,2866.552584
380.0,120,2866.663635
284.0,96,2866.751563
380.0,120,2866.861267
348.0,112,2869.591146
348.0,112,2869.691708
284.0,96,2869.781023
380.0,120,2869.889808
284.0,96,2869.978191
284.0,96,2872.772622
284.0,96,2872.861016
380.0,120,2872.970007
284.0,96,2873.05788
284.0,96,2873.149841
284.0,96,2875.867712
668.0,192,2876.043186
284.0,96,2876.132216
380.0,120,2876.241756
444.0,136,2879.075458
284.0,96,2879.16382
284.0,96,2879.251204
380.0,120,2879.366223
380.0,120,2883.789254
380.0,120,2883.89711
476.0,144,2884.032176
284.0,96,2884.117826
380.0,120,2886.851686
572.0,168,2887.004304
284.0,96,2887.091633
284.0,96,2887.17815
380.0,120,2890.054512
284.0,96,2890.139157
380.0,120,2890.247937
476.0,144,2890.378805
316.0,104,2890.476005
380.0,120,2893.218868
316.0,104,2893.315496
284.0,96,2893.403315
476.0,144,2893.534158
284.0,96,2896.239914
284.0,96,2896.328121
284.0,96,2896.416897
412.0,128,2896.534149
380.0,120,2896.644676
380.0,120,2899.382561
284.0,96,2899.471262
284.0,96,2899.561021
476.0,144,2899.689235
284.0,96,2902.490505
476.0,144,2902.619478
668.0,192,2902.790359
284.0,96,2902.877086
476.0,144,2905.633489
284.0,96,2905.720178
284.0,96,2905.807798
476.0,144,2905.936233
284.0,96,2908.650142
284.0,96,2908.737931
284.0,96,2908.824879
476.0,144,2908.955205
380.0,120,2909.065184
380.0,120,2911.804762
380.0,120,2911.914003
476.0,144,2912.043949
284.0,96,2912.135167
380.0,120,2914.853409
380.0,120,2914.961256
284.0,96,2915.047821
476.0,144,2915.179222
412.0,128,2917.933908
284.0,96,2918.0198
284.0,96,2918.107069
380.0,120,2918.214212
572.0,168,2921.382646
348.0,112,2921.482926
380.0,120,2921.590295
476.0,144,2921.718579
284.0,96,2924.437413
284.0,96,2924.526026
380.0,120,2924.636542
284.0,96,2924.72555
476.0,144,2924.861012
572.0,168,2927.617627
284.0,96,2927.705998
284.0,96,2927.794471
284.0,96,2927.881663
284.0,96,2930.580918
572.0,168,2930.73476
540.0,160,2930.879163
284.0,96,2930.967875
284.0,96,2933.68195
284.0,96,2933.768036
284.0,96,2933.856944
380.0,120,2933.966644
284.0,96,2934.054071
284.0,96,2937.281499
380.0,120,2937.388928
284.0,96,2937.477271
284.0,96,2937.565375
476.0,144,2940.310967
380.0,120,2940.421531
380.0,120,2940.528563
380.0,120,2940.636205
476.0,144,2943.4173
316.0,104,2943.51088
284.0,96,2943.600397
380.0,120,2943.709945
444.0,136,2943.836244
412.0,128,2946.800563
380.0,120,2946.909485
284.0,96,2946.996994
476.0,144,2947.126217
284.0,96,2949.834662
412.0,128,2949.956651
284.0,96,2950.046007
380.0,120,2950.164997
284.0,96,2950.25496
284.0,96,2952.966151
476.0,144,2953.103369
348.0,112,2953.208112
380.0,120,2953.320459
316.0,104,2956.077812
380.0,120,2956.189887
348.0,112,2956.293722
284.0,96,2956.383476
284.0,96,2956.472291
284.0,96,2959.210597
284.0,96,2959.299578
476.0,144,2959.433283
284.0,96,2959.521915
572.0,168,2962.481156
380.0,120,2962.594975
444.0,136,2962.721977
284.0,96,2962.812926
380.0,120,2965.550788
380.0,120,2965.661018
636.0,184,2965.831289
380.0,120,2965.947859
284.0,96,2968.787431
412.0,128,2968.90605
284.0,96,2968.996194
476.0,144,2969.131271
284.0,96,2971.85963
284.0,96,2971.949311
348.0,112,2972.054855
476.0,144,2972.188423
284.0,96,2972.28361
284.0,96,2975.005899
380.0,120,2975.117889
284.0,96,2975.208076
476.0,144,2975.341797
476.0,144,2978.107526
380.0,120,2978.220222
380.0,120,2978.333325
284.0,96,2978.422652
284.0,96,2981.15423
348.0,112,2981.25845
380.0,120,2981.371032
284.0,96,2981.460757
284.0,96,2981.551139
284.0,96,2984.276382
284.0,96,2984.367138
380.0,120,2984.478952
284.0,96,2984.568488
284.0,96,2984.657579
284.0,96,2987.392659
284.0,96,2987.483533
380.0,120,2987.594487
284.0,96,2987.683398
348.0,112,2987.78704
284.0,96,2990.771883
284.0,96,2990.85977
348.0,112,2990.964414
284.0,96,2991.053765
284.0,96,2991.143656
540.0,160,2993.945038
284.0,96,2994.037903
284.0,96,2994.129164
316.0,104,2994.225999
380.0,120,2997.059252
380.0,120,2997.169997
284.0,96,2997.257876
284.0,96,2997.347006
380.0,120,2997.457284
380.0,120,3000.213121
284.0,96,3000.311151
284.0,96,3000.405148
284.0,96,3000.494705
380.0,120,3003.230141
284.0,96,3003.318317
348.0,112,3003.420288
476.0,144,3003.556985
380.0,120,3003.668442
444.0,136,3006.646738
380.0,120,3006.758858
380.0,120,3006.873221
284.0,96,3006.962462
380.0,120,3010.105738
284.0,96,3010.195138
284.0,96,3010.284375
316.0,104,3010.389336
380.0,120,3010.49962
284.0,96,3013.223415
380.0,120,3013.33504
284.0,96,3013.42269
284.0,96,3013.512594
380.0,120,3016.280009
380.0,120,3016.389956
284.0,96,3016.478822
284.0,96,3016.566845
476.0,144,3016.699335
476.0,144,3019.45628
284.0,96,3019.544814
284.0,96,3019.63202
284.0,96,3019.72069
380.0,120,3022.463639
284.0,96,3022.551981
572.0,168,3022.70338
284.0,96,3022.788861
380.0,120,3025.530231
284.0,96,3025.617786
476.0,144,3025.74688
572.0,168,3025.897468
380.0,120,3028.630203
284.0,96,3028.715444
380.0,120,3028.825027
284.0,96,3028.911074
316.0,104,3029.004781
380.0,120,3032.071146
380.0,120,3032.179435
284.0,96,3032.265745
476.0,144,3032.403667
284.0,96,3035.264836
284.0,96,3035.352662
284.0,96,3035.441876
476.0,144,3035.573909
444.0,136,3035.698858
316.0,104,3039.383529
284.0,96,3039.469213
412.0,128,3039.581339
284.0,96,3039.668064
284.0,96,3042.365141
476.0,144,3042.492778
444.0,136,3042.61337
284.0,96,3042.700348
316.0,104,3042.794498
572.0,168,3045.568154
380.0,120,3045.67692
540.0,160,3045.824805
380.0,120,3048.685658
316.0,104,3048.782084
284.0,96,3048.869561
284.0,96,3048.958055
284.0,96,3049.045817
284.0,96,3051.768365
380.0,120,3051.879465
284.0,96,3051.967894
284.0,96,3052.055631
380.0,120,3052.166939
348.0,112,3054.983208
380.0,120,3055.090195
572.0,168,3055.243837
284.0,96,3055.329392
284.0,96,3058.452298
284.0,96,3058.539314
412.0,128,3058.654042
572.0,168,3058.804584
284.0,96,3061.493791
476.0,144,3061.622119
284.0,96,3061.708948
668.0,192,3061.881727
476.0,144,3064.664242
380.0,120,3064.776367
540.0,160,3064.924367
380.0,120,3067.862314
476.0,144,3067.994194
380.0,120,3068.109482
412.0,128,3068.221874
380.0,120,3071.044926
380.0,120,3071.160069
700.0,200,3071.342247
380.0,120,3071.451658
572.0,168,3074.335284
284.0,96,3074.422334
668.0,192,3074.595166
284.0,96,3077.430951
380.0,120,3077.541981
316.0,104,3077.638928
284.0,96,3077.726159
476.0,144,3080.96363
380.0,120,3081.077368
380.0,120,3081.187804
380.0,120,3081.302348
284.0,96,3081.39158
284.0,96,3084.228653
668.0,192,3084.408017
284.0,96,3084.49578
380.0,120,3084.60439
476.0,144,3087.527812
284.0,96,3087.621459
380.0,120,3087.744954
284.0,96,3087.854801
284.0,96,3090.836565
380.0,120,3090.955176
284.0,96,3091.047137
572.0,168,3091.202828
284.0,96,3093.990866
284.0,96,3094.08168
284.0,96,3094.170339
284.0,96,3094.261614
284.0,96,3094.35295
380.0,120,3097.282897
444.0,136,3097.407715
380.0,120,3097.518715
284.0,96,3097.609064
412.0,128,3097.725649
380.0,120,3100.587805
284.0,96,3100.674136
668.0,192,3100.848116
380.0,120,3103.614341
284.0,96,3103.702179
380.0,120,3103.811586
476.0,144,3103.942633
284.0,96,3104.030986
284.0,96,3106.821551
284.0,96,3106.908767
380.0,120,3107.015716
284.0,96,3107.101781
284.0,96,3107.187909
380.0,120,3110.018
284.0,96,3110.105811
284.0,96,3110.196462
412.0,128,3110.30975
284.0,96,3113.098596
444.0,136,3113.222996
284.0,96,3113.311893
284.0,96,3113.398954
348.0,112,3113.49984
284.0,96,3116.219075
316.0,104,3116.31223
284.0,96,3116.399692
284.0,96,3116.491125
476.0,144,3116.622295
476.0,144,3119.617163
284.0,96,3119.704239
540.0,160,3119.846591
284.0,96,3119.932395
284.0,96,3122.804805
444.0,136,3122.9275
284.0,96,3123.014301
284.0,96,3123.108421
380.0,120,3126.72558
284.0,96,3126.814934
284.0,96,3126.90451
284.0,96,3126.992532
284.0,96,3127.082171
284.0,96,3129.810728
284.0,96,3129.901022
284.0,96,3129.990195
572.0,168,3130.147912
380.0,120,3130.257418
348.0,112,3133.016171
284.0,96,3133.103322
284.0,96,3133.191218
380.0,120,3133.299239
380.0,120,3136.155812
284.0,96,3136.245574
284.0,96,3136.334832
380.0,120,3136.44445
764.0,216,3139.260146
284.0,96,3139.349159
380.0,120,3139.45868
924.0,256,3144.02931
476.0,144,3144.160699
476.0,144,3144.290297
284.0,96,3144.376285
284.0,96,3147.30748
572.0,168,3147.472095
284.0,96,3147.561795
284.0,96,3147.65139
284.0,96,3147.741328
476.0,144,3150.504956
284.0,96,3150.59217
668.0,192,3150.767934
284.0,96,3150.855888
284.0,96,3153.560227
284.0,96,3153.648006
284.0,96,3153.741018
284.0,96,3153.829263
284.0,96,3153.916391
284.0,96,3156.635139
476.0,144,3156.775693
380.0,120,3156.891955
284.0,96,3156.986598
860.0,240,3159.834126
380.0,120,3159.944416
476.0,144,3160.082186
284.0,96,3162.821631
508.0,152,3162.96442
284.0,96,3163.054871
284.0,96,3163.150011
476.0,144,3165.898726
284.0,96,3165.99398
284.0,96,3166.087544
796.0,224,3166.294169
284.0,96,3169.01667
380.0,120,3169.127261
284.0,96,3169.214695
284.0,96,3169.303398
476.0,144,3169.435583
380.0,120,3172.166594
284.0,96,3172.255417
284.0,96,3172.343022
572.0,168,3172.495983
284.0,96,3175.204049
476.0,144,3175.335185
380.0,120,3175.446069
380.0,120,3175.556412
380.0,120,3178.2851
284.0,96,3178.373618
476.0,144,3178.505508
732.0,208,3181.309726
540.0,160,3181.457483
284.0,96,3181.546152
476.0,144,3181.679702
380.0,120,3184.416387
284.0,96,3184.512375
476.0,144,3184.655973
284.0,96,3184.752503
284.0,96,3184.847913
284.0,96,3187.589534
284.0,96,3187.678768
380.0,120,3187.786785
284.0,96,3187.87335
284.0,96,3187.961401
284.0,96,3190.666418
476.0,144,3190.805515
284.0,96,3190.900736
572.0,168,3191.067031
284.0,96,3193.87937
284.0,96,3193.967602
284.0,96,3194.056554
476.0,144,3194.192977
380.0,120,3196.938555
636.0,184,3197.117366
476.0,144,3197.259488
284.0,96,3197.355404
284.0,96,3200.078972
572.0,168,3200.235438
572.0,168,3200.39531
380.0,120,3203.126873
284.0,96,3203.21607
284.0,96,3203.305519
284.0,96,3203.395268
284.0,96,3203.482888
316.0,104,3203.579264
