#{"t_start": 1721527765.586912, "env_id": "VizdoomCorridor-v0"}
r,l,t
-115.976364,21,0.807831
-96.974686,12,0.818315
-99.539124,22,0.836871
-115.832367,27,0.859087
-107.028229,42,0.893156
-115.994339,19,0.908947
-115.997238,20,0.925571
-115.975601,44,0.961232
-96.706497,28,0.984176
-73.933319,12,0.994363
-100.60144,21,1.011713
-115.994492,12,1.021935
-62.159058,242,1.214687
-115.995026,34,1.242878
-115.986511,101,1.324778
-100.960953,21,1.342403
-82.685089,56,1.387845
-48.572128,56,1.433643
-65.014038,28,1.456995
-106.072571,18,1.472228
-93.477737,28,1.495291
-106.571518,20,1.51199
-98.319229,21,1.529581
-108.225342,27,1.552059
-115.566864,21,1.569543
-91.143936,13,1.580605
-115.997162,13,1.59172
-110.598862,20,1.608388
-29.708221,56,1.653448
-104.098907,49,1.693086
-99.636658,26,1.71458
-106.814911,20,1.731096
-73.973022,21,1.748832
-93.57785,37,1.779107
-85.747604,21,1.796475
-97.034103,18,1.811568
-61.405853,11,1.820953
-99.299927,21,1.838318
-63.791367,63,1.889054
-89.133804,21,1.906476
-62.580124,20,1.923028
-115.927872,21,1.940418
-102.693481,29,1.964065
-115.550156,12,1.974333
-66.839218,28,1.997176
-115.006348,20,2.013782
4.536407,21,2.03116
-82.76828,28,2.054036
-91.400192,26,2.075345
-48.850021,13,2.086298
-69.373322,21,2.103659
-115.998672,27,2.125776
-59.583145,19,2.141587
-85.072906,37,2.171741
-50.228699,27,2.193955
-73.853668,28,2.216901
-28.658264,26,2.238243
-91.661713,28,2.261149
-112.698257,87,2.331205
-102.675064,21,2.34862
-84.145325,29,2.37249
-80.541992,28,2.395618
-90.909714,20,2.412234
-74.998672,34,2.439903
-93.045593,12,2.450162
-42.407822,66,2.503326
-110.86496,13,2.514403
-95.78685,34,2.542186
108.576508,481,2.920704
-104.937225,31,2.946219
-106.216904,28,2.969236
-101.186325,12,2.979467
-115.327744,13,2.990451
-115.340668,27,3.012645
-115.910675,13,3.023714
-115.175583,12,3.033872
-115.979614,12,3.04413
-77.883392,73,3.102878
-109.062668,19,3.118782
-86.038223,10,3.127444
-99.488403,11,3.136823
-101.213028,20,3.153278
-35.695419,21,3.170726
-64.611313,13,3.181743
-110.801956,29,3.205427
-113.496384,21,3.222827
-91.837891,28,3.245763
-115.399445,29,3.269506
-114.520523,11,3.278929
176.772354,152,3.399172
-114.70253,42,3.433379
-115.978134,12,3.44362
-51.762054,34,3.471522
-115.885864,20,3.488166
-114.022141,102,3.569718
-108.761108,28,3.592726
-83.902191,29,3.61645
-115.975586,11,3.625863
-101.331802,26,3.647116
-106.589844,12,3.657322
-96.864288,20,3.673814
-107.04863,12,3.684047
-100.277863,19,3.699832
-68.703568,29,3.723459
-108.574509,95,3.799078
-115.435059,11,3.808579
-107.253967,41,3.841657
-97.464188,11,3.85114
-85.010193,21,3.868361
-115.851456,12,3.8786
-93.427414,13,3.889594
-79.284561,13,3.900586
-108.345566,26,3.921919
-82.557495,31,3.947175
-84.246765,21,3.964572
-115.975586,12,3.974781
-67.662201,28,3.997643
-101.499619,33,4.024526
-89.05246,50,4.064885
-115.982971,36,4.094303
-102.136948,11,4.103864
-100.507751,45,4.140073
-106.20076,37,4.170208
-115.992264,25,4.190762
-67.087387,21,4.208081
-100.396545,29,4.23205
-115.971725,25,4.252697
-31.87149,36,4.282007
-96.4198,30,4.306518
-115.188538,12,4.316755
-72.119064,87,4.386002
-102.017288,28,4.408923
-115.976639,21,4.426282
-92.785004,18,4.441278
-115.083389,34,4.468898
-76.572128,29,4.492456
-38.594452,20,4.509023
-106.927994,12,4.519148
-104.933182,20,4.535582
-75.349625,20,4.552011
-77.462173,29,4.575421
-82.139221,20,4.591837
-112.934067,38,4.622419
-111.645676,41,4.655398
-70.05954,35,4.683697
-42.474396,45,4.720131
-66.587021,19,4.73615
-24.048431,27,4.758115
-88.198944,12,4.768271
-109.035507,18,4.783112
-66.64888,21,4.800278
-115.990906,65,4.852275
-115.935211,37,5.081862
-115.988388,48,5.120993
-115.998581,29,5.144919
-102.192673,12,5.155157
-97.786148,12,5.165369
-111.571136,50,5.205876
-17.602325,48,5.244904
-106.92189,34,5.272789
-115.980042,11,5.282331
-88.625839,29,5.305919
-115.99794,28,5.328827
-91.43924,27,5.351057
-115.065887,48,5.389875
-88.709549,22,5.408082
-113.276642,21,5.425406
-84.308502,42,5.459548
-104.991608,28,5.482461
-115.997131,36,5.511799
-115.975784,26,5.533293
-115.998566,21,5.550664
-97.185654,20,5.567159
-93.402008,19,5.582987
-115.96698,34,5.610596
7.951889,21,5.627987
-98.056656,18,5.642891
-96.827805,21,5.660376
-115.994965,13,5.6715
-106.966415,29,5.695225
-115.966766,12,5.705416
-80.825668,26,5.726807
-52.723694,20,5.743592
-88.463577,21,5.761164
-90.529663,12,5.771412
-43.724075,65,5.823613
-97.946304,29,5.84745
-105.156952,22,5.865825
-115.993835,38,5.896733
-115.975601,29,5.920539
-96.192169,28,5.943619
-115.163254,20,5.960221
-38.558762,35,5.988672
-113.281738,22,6.006833
-115.983566,21,6.024166
193.292435,376,6.321781
-68.807526,12,6.332201
-67.242691,13,6.34328
-109.998077,29,6.367126
-96.06369,21,6.384514
-61.14389,50,6.425205
-31.515854,46,6.462981
-115.134277,38,6.493897
-63.146072,30,6.518462
-111.568497,46,6.555721
-4.593628,43,6.59059
-103.972946,178,6.732088
-112.141754,28,6.755181
-115.981369,44,6.797226
-115.984818,27,6.819381
-106.487686,19,6.835284
-48.570755,57,6.881181
-88.440598,21,6.898784
-74.270615,20,6.91541
-89.145645,37,6.945293
-98.134644,12,6.955508
22.984833,28,6.978419
-107.469727,22,6.996569
-97.935028,30,7.021083
-90.61853,12,7.031452
-96.605118,27,7.053579
-113.89415,20,7.070188
-115.989594,34,7.09836
-52.367966,20,7.115032
-115.980453,30,7.139462
-39.039322,37,7.169677
-90.859909,29,7.193442
-76.495178,33,7.220335
-75.199448,19,7.236218
-114.571274,12,7.246578
-115.975784,12,7.256811
-80.765182,20,7.2734
-74.758881,37,7.303763
-108.746765,21,7.321246
-29.213242,19,7.337086
-93.525345,34,7.364999
-115.975601,12,7.375469
-111.657867,28,7.398523
-113.066544,27,7.420905
-103.602325,13,7.432106
-107.951263,12,7.44256
-103.390411,19,7.458479
-62.343964,12,7.468764
-111.44371,21,7.48623
-51.471603,309,9.31421
-109.987061,21,9.332148
-115.992767,64,9.3848
-48.781128,13,9.396075
-70.327408,101,9.478319
-115.997849,12,9.488755
-79.54335,34,9.516964
-115.662399,11,9.526684
-87.777771,12,9.537038
-100.075302,12,9.547431
-97.082199,20,9.564388
-48.347061,41,9.59843
-109.525528,20,9.615374
-106.948837,13,9.626639
-115.975586,11,9.636236
-95.996689,19,9.652317
-62.106018,21,9.669994
-98.987259,30,9.695112
-48.350311,12,9.705611
-115.836731,13,9.716878
-102.953964,49,9.757425
-111.655777,19,9.773628
-15.293198,79,9.838366
193.698685,194,9.996044
-25.019409,29,10.020379
-115.945755,21,10.038128
-105.636383,12,10.048497
-63.99971,27,10.071095
-94.602814,21,10.088689
-115.997849,21,10.106978
-67.728027,34,10.135359
-40.057098,28,10.158727
-107.548004,21,10.176423
-110.662033,12,10.186826
-115.935333,12,10.197289
-115.98024,30,10.222357
-111.80722,49,10.262824
-71.65065,45,10.300256
-70.918564,44,10.33687
-70.000198,29,10.361138
-94.470612,12,10.3716
-115.644424,12,10.382022
-57.231476,11,10.391599
-102.861191,19,10.407727
-60.552582,42,10.442408
-92.530945,20,10.45945
-69.572708,29,10.483779
-115.997849,12,10.494265
-35.234299,21,10.512051
-85.573151,22,10.530654
-88.590637,20,10.54759
-104.170013,286,10.886067
-53.793991,12,10.896684
-101.753967,30,10.921727
-99.619629,13,10.932967
-115.997879,20,10.949935
-70.667618,27,10.972541
-78.249557,21,10.990325
-41.775742,27,11.012989
-115.994308,11,11.022596
-110.395721,42,11.057484
-50.33223,62,11.108399
-62.060013,72,11.167598
-112.788269,36,11.197481
-115.982742,57,11.244338
88.891449,50,11.285636
-103.786957,20,11.302662
-58.855286,12,11.3131
-115.960587,20,11.330061
-64.240448,21,11.347828
-90.343033,37,11.378572
-112.274719,21,11.396393
-115.997498,18,11.411708
-102.084976,12,11.422136
30.971634,49,11.462572
-70.254852,12,11.47312
-29.463882,11,11.482796
-115.978546,37,11.51359
-115.970245,37,11.544297
-115.554169,27,11.567012
-114.957916,21,11.584815
-95.380508,28,11.608367
-115.892883,26,11.630232
-114.681824,50,11.671563
-61.828247,29,11.695938
-104.523712,29,11.72021
-54.124496,41,11.754361
-86.672012,20,11.771484
-108.621078,11,11.781105
-112.96022,29,11.805533
-62.123276,103,11.889627
-115.978226,28,11.913085
-115.983231,38,11.944677
-58.565552,13,11.955916
-103.933823,13,11.967126
-21.916855,37,11.997623
-82.247162,12,12.007998
-115.994324,30,12.032915
-115.997849,18,12.048097
-104.594299,29,12.072465
-73.622742,30,12.097596
-96.944443,10,12.106442
-46.515259,11,12.116035
-72.313141,29,12.140471
-115.997131,12,12.150897
-115.997131,21,12.168551
-86.296875,86,12.238897
-72.92659,371,12.539857
-67.628387,34,12.56836
-115.976471,13,12.57969
-37.871857,12,12.590157
-102.238983,13,12.601386
-115.953995,21,12.619138
-102.828537,11,12.628758
-51.746689,20,12.645739
-72.686935,13,12.65693
-95.198517,18,12.672227
-97.267456,13,12.683443
-89.121536,21,12.701223
-12.991272,29,12.725521
-115.930389,13,12.736809
-102.193237,19,12.753026
-42.33255,26,12.774828
-97.294281,29,12.79911
-115.980057,34,12.827443
-12.883682,71,12.885935
-71.381104,18,12.901281
-96.435608,36,12.931431
-69.74498,21,12.949292
-79.859406,38,12.980666
-111.582458,12,12.991163
-76.579041,36,13.021142
-79.567535,28,13.044682
-115.975784,20,13.061737
-89.455811,12,13.072181
-97.576462,35,13.101288
-94.757904,12,13.111779
-83.512619,18,13.127096
-115.036087,21,13.14489
-77.196426,29,13.169083
-88.859222,28,13.192629
-45.321777,38,13.22427
-87.262558,19,13.240464
-100.417725,13,13.252223
-103.146469,20,13.26916
-82.237152,20,13.286105
-93.452805,12,13.296478
-113.384811,12,13.306945
-98.835785,64,13.36001
-115.976349,11,13.369652
-30.091965,63,13.421355
-115.975586,18,13.436747
-73.483078,20,13.45364
-92.645065,43,13.489228
-109.153336,22,13.507756
-60.625961,41,13.541701
-115.944046,26,13.563374
-115.977234,20,13.580331
-106.376038,28,13.603697
-108.086945,36,13.633539
-75.981491,26,13.655286
-56.969772,19,13.671438
-91.111053,87,13.74273
-115.809525,20,13.759744
-43.025864,38,13.791139
-60.233185,26,13.81283
-111.005295,21,13.830567
-75.485489,21,13.848282
-57.37912,22,13.8668
-115.998566,12,13.877215
-31.471573,94,13.954266
-92.496857,37,13.984952
-10.356064,254,14.189216
-61.420853,26,14.211149
-108.442673,21,14.228981
-94.728485,35,14.258068
-104.586212,28,14.281573
-115.977783,20,14.29853
-115.976151,21,14.316286
-115.843658,21,14.334114
-115.987122,21,14.3518
-113.555847,56,14.397531
-115.976746,29,14.421844
-95.585251,18,14.43715
-90.879547,19,14.453321
-105.086624,20,14.470219
-73.380539,20,14.48723
-112.204193,29,14.511459
-111.341919,38,14.542913
-89.554077,12,14.553418
19.298965,37,14.584206
-69.564728,65,14.637807
-108.65863,20,14.654805
-69.741623,36,14.685081
-98.01535,12,14.695883
-57.062531,20,14.713252
-58.671844,37,14.744287
-110.663574,22,14.762934
-65.835709,25,14.783859
-115.897629,30,14.808822
-115.99324,111,14.899876
-64.021713,28,14.923492
-86.242264,13,14.934854
-99.066101,26,14.956696
-53.147202,58,15.004451
-99.880859,42,15.159611
-84.1026,20,15.176772
-107.27449,21,15.194584
-73.290115,21,15.21237
-115.593216,11,15.221984
-72.044983,18,15.237331
-43.026627,21,15.255064
-105.785522,20,15.27195
-47.366089,28,15.295231
-100.363098,28,15.318621
-60.996536,38,15.350128
-100.181992,12,15.360576
-78.720169,19,15.376692
-71.72406,64,15.429555
-115.145096,19,15.445754
-43.156738,50,15.487103
-89.482544,19,15.503101
-87.006409,30,15.52816
-42.830994,154,15.653332
-101.342255,18,15.668764
-89.714569,12,15.679246
-76.806641,21,15.696882
-63.227005,21,15.714497
-33.790985,38,15.745642
-115.975769,18,15.760838
-62.163483,19,15.77688
-62.877502,20,15.793639
-93.586121,37,15.82394
-83.725342,21,15.841466
-88.958496,19,15.857355
-114.64209,20,15.87409
-111.562012,29,15.898096
-55.916733,34,15.926166
-115.977402,28,15.949443
-51.01506,21,15.96696
-83.395325,22,15.985325
-115.997131,19,16.001739
-93.225296,20,16.019282
-115.976364,13,16.030632
-115.94368,21,16.048419
-108.015167,64,16.101282
-85.891724,50,16.142672
-77.50647,19,16.158865
-115.371765,20,16.175812
-101.194824,19,16.192034
-71.635712,26,16.213984
-51.770462,28,16.237586
-114.328766,21,16.255353
-99.093109,20,16.272341
-115.161774,13,16.283559
-53.726837,20,16.300501
-115.976639,44,17.76537
-93.355896,20,17.782427
-111.735291,11,17.792119
-72.383743,13,17.803444
-58.984329,35,17.832654
-109.561432,19,17.848834
-114.643143,21,17.866568
-94.40361,11,17.876199
-73.081116,11,17.885825
-92.359802,20,17.902739
-88.183624,20,17.919677
-91.976883,21,17.937376
-65.018265,21,17.955202
-49.296066,41,17.989272
-91.236618,21,18.007012
75.555557,109,18.09629
-98.268951,20,18.113652
-56.190689,33,18.141514
-115.978149,13,18.1529
-59.633728,20,18.169951
-76.836426,27,18.192609
-83.05719,13,18.204049
-14.219604,54,18.248474
-92.494217,21,18.266304
-97.170441,29,18.290597
-115.153748,22,18.309191
-84.639877,20,18.32616
-83.688583,21,18.343973
-115.346817,27,18.36655
-81.295609,11,18.376225
-115.577255,21,18.39391
-110.803009,21,18.41175
-66.043259,18,18.427047
-115.155701,22,18.445679
-86.070755,37,18.476533
-70.033768,12,18.487024
-96.05545,12,18.49745
8.977737,36,18.527354
-81.56842,12,18.537809
-83.619156,11,18.54746
3.407684,25,18.568482
-109.831528,36,18.598469
-114.24025,30,18.623453
-86.910095,12,18.633909
-32.663483,41,18.667921
-5.638657,33,18.695559
-108.29335,13,18.706749
-115.947495,22,18.725295
-115.91922,18,18.740628
-71.391327,20,18.757571
-90.605087,19,18.773719
-70.562561,28,18.797155
17.300339,25,18.818126
-93.726425,50,18.859656
-103.708374,4,18.863565
-109.447861,5,18.868261
-87.58284,12,18.878703
-81.249741,26,18.900633
-46.759384,49,18.941171
-106.406693,12,18.951635
-73.291397,18,18.966905
-79.870636,21,18.984669
-27.36557,21,19.002433
-105.800781,21,19.02025
-57.243973,12,19.030731
-104.818604,30,19.055835
-99.277695,20,19.072778
-104.359604,19,19.088881
-105.52182,22,19.107445
-76.030579,41,19.141512
-111.987625,35,19.170678
-94.9245,12,19.181144
-112.996552,19,19.1974
-63.635025,29,19.221853
-107.739975,11,19.231489
-40.565582,21,19.249222
-67.347839,12,19.259683
-112.828415,11,19.269248
-100.359253,11,19.278831
-2.837326,20,19.295735
-69.021484,20,19.312673
-67.150574,12,19.323121
-115.450317,12,19.333483
-88.056366,13,19.344777
-83.672867,27,19.367386
-64.198776,26,19.389333
-79.753754,29,19.413988
-115.975769,20,19.430976
-76.26123,28,19.454408
-90.460541,18,19.469738
-84.503677,20,19.486659
-84.545471,11,19.496215
-93.414352,13,19.507393
3.505417,29,19.531648
-75.720322,19,19.547717
-94.906784,26,19.569521
-94.940323,20,19.58642
-43.978699,22,19.604951
-115.198853,12,19.615373
-113.357376,10,19.624164
-114.759537,20,19.641111
-46.250885,11,19.650678
-64.835297,21,19.668279
-115.900223,30,19.693265
-94.337097,19,19.709266
-56.679611,19,19.725276
28.75209,28,19.748762
-50.874985,21,19.766536
-94.740829,12,19.776945
-115.975784,13,19.788115
-107.579376,22,19.806637
-107.327393,21,19.8243
26.478043,57,19.871218
-57.612442,19,19.887512
-29.503586,20,19.904491
-115.977783,334,20.171135
-87.373352,26,20.193133
-97.612076,11,20.202849
-37.574203,25,20.223927
-75.062027,44,20.260467
-69.529877,28,20.283916
-68.962845,64,20.336543
-7.772263,26,20.358329
-3.260666,28,20.381743
-46.412842,20,20.398662
-28.159363,13,20.409909
80.968109,72,20.468576
-111.587814,21,20.486386
-34.675873,49,20.527004
-98.889679,34,20.555221
-96.643631,29,20.579471
-96.29628,13,20.590704
-63.883926,35,20.619808
-115.603027,21,20.637484
13.24115,48,20.676941
-96.009628,20,20.694
-96.208084,28,20.717453
-25.535583,20,20.734364
-50.972458,40,20.76756
-112.001251,46,20.908083
-69.078049,36,20.938147
-108.213943,21,20.955865
-64.804443,21,20.973618
-71.220245,20,20.990575
-104.853333,28,21.014088
-47.554535,20,21.031098
-94.586517,20,21.048211
-63.07753,21,21.066028
-115.999161,19,21.08222
-82.852188,21,21.099917
-71.761902,20,21.116909
-69.065933,26,21.138704
7.522064,50,21.180004
-55.420074,42,21.215036
-32.440842,38,21.246712
-113.222839,12,21.257256
-70.696838,27,21.280049
-112.112259,12,21.290532
-51.261642,29,21.314875
-88.792648,29,21.339224
-48.676529,20,21.356278
-14.33374,34,21.384706
-13.095978,50,21.425934
-40.757355,27,21.448637
-88.568695,12,21.459061
29.971252,20,21.476068
-73.416733,20,21.492995
-52.909653,21,21.510752
-39.757385,28,21.534227
-58.854019,34,21.562521
-115.976974,19,21.578758
-90.663025,21,21.596518
-87.069794,65,21.649535
-42.885788,28,21.67303
-33.882797,20,21.689972
-78.876129,13,21.701209
54.105057,41,21.735326
151.270126,122,21.834334
-112.773239,20,21.85134
-115.907867,21,21.869042
-89.168411,20,21.885987
-52.967102,12,21.896402
-115.978226,20,21.913436
-44.818527,21,21.93124
-108.432755,28,21.954642
-100.097153,34,21.982873
-64.125549,57,22.029892
-68.792282,28,22.053326
-115.997131,34,22.08174
-67.99736,71,22.140515
-101.114838,27,22.163222
-77.123154,13,22.174531
8.753311,28,22.19809
-72.549866,28,22.221641
-114.424438,20,22.238665
-59.8685,13,22.249965
-114.18013,21,22.267653
-27.010208,45,22.304939
-42.518326,42,22.339911
-115.998581,28,22.363445
-86.574509,12,22.373884
-55.552521,34,22.402213
-106.147156,26,22.424069
-22.184219,21,22.441838
-114.661362,13,22.453084
-115.830093,28,22.476544
112.330093,34,22.504786
-54.518433,20,22.521714
-81.747574,28,22.545102
-93.311417,20,22.562074
-113.805771,21,22.579852
-107.001984,72,22.638978
-95.222427,18,22.654357
-115.997131,11,22.663964
-61.602219,19,22.680093
-69.797836,11,22.68974
17.981476,25,22.710779
-87.862091,18,22.726005
-12.276749,30,22.751174
-12.94722,30,22.776332
-115.948196,13,22.787588
-100.497604,13,22.799057
-46.669479,37,22.829925
-7.452606,28,22.853367
-70.120285,20,22.870293
-115.940125,21,22.888134
-19.963089,13,22.899436
-96.899719,50,22.940756
-56.83371,20,22.957767
-87.999664,12,22.968204
-99.444885,12,22.978568
-87.589859,30,23.003482
-115.982285,19,23.019439
-70.471207,5,23.024153
-95.35614,11,23.033781
-68.487442,30,23.058952
-29.686478,35,23.088072
-107.651031,26,23.110045
-64.584991,26,23.132075
-115.953156,21,23.149913
-82.961182,21,23.167983
-39.761978,28,23.191608
-98.683609,28,23.215069
-103.919662,37,23.245955
-103.266693,35,23.275184
-106.82901,48,23.314824
-106.197983,11,23.324462
-81.627716,42,23.359241
-20.499451,81,23.425969
-98.439178,21,23.44412
-83.881577,30,23.469245
-91.473129,13,23.480629
-115.957199,27,23.503615
-43.616882,12,23.5142
-74.202499,21,23.53208
-103.043762,13,23.54347
-96.333099,28,23.567138
-103.107941,28,23.590813
-80.12439,12,23.601351
-102.178986,21,23.619334
-115.975586,11,23.629075
-99.566483,12,23.639625
-86.944763,19,23.65597
-75.022797,13,23.667341
-40.997971,20,23.684469
-80.012512,12,23.695004
-106.883835,118,23.792482
-93.690109,22,23.811468
-103.929794,28,23.835247
-92.747421,29,23.859821
-109.376617,27,23.882758
290.411133,66,23.937747
-94.242096,26,23.95995
-71.523193,37,23.991185
-86.364227,29,24.015955
-72.452179,19,24.032343
-90.591156,26,24.054483
-4.653671,18,24.070051
-96.562927,13,24.081487
-60.0448,19,24.097935
-63.895081,20,24.115131
-54.406067,20,24.132572
-97.365921,45,24.170568
-18.668457,20,24.187907
-96.481796,21,24.206023
-54.634033,13,24.217464
-41.329666,11,24.227176
-56.436371,33,24.254935
-104.290298,13,24.266301
-115.992249,20,24.283399
4.274261,21,24.301314
-59.986801,56,24.348023
-51.239273,20,24.365133
-115.975601,12,24.375689
-57.225601,26,24.397659
19.771774,34,24.426266
-101.027908,20,24.443411
-81.250137,38,24.475135
-1.870148,28,24.49882
-102.307022,11,24.508547
-72.726547,37,24.539596
-115.916809,18,24.555087
5.134491,12,24.565595
-115.492462,21,24.583459
-115.533752,49,24.624246
-88.606369,30,24.649555
-85.322479,11,24.659314
-86.878998,27,24.682092
-73.243805,12,24.692926
-105.327652,20,24.710281
-98.69371,19,24.726609
-11.941803,29,26.163344
-81.422958,13,26.174833
-92.148575,30,26.19995
-86.992096,43,26.235785
88.349579,57,26.282853
-7.151459,20,26.299881
-8.146774,13,26.311175
-64.095825,108,26.398591
-108.206543,19,26.414769
-83.692963,20,26.431823
-70.50914,20,26.448794
-55.062943,21,26.466624
229.654297,51,26.612414
-82.009491,22,26.631246
-75.899704,27,26.654157
50.132462,65,26.70797
-18.251312,37,26.739039
-65.757736,12,26.749591
-84.807343,12,26.760032
-95.838303,12,26.770523
-58.854736,21,26.788331
46.260834,35,26.817657
-73.725891,13,26.829076
-22.676056,12,26.839492
-109.832809,12,26.85008
-74.628464,34,26.878291
4.976791,57,26.924966
-13.602219,20,26.941864
-27.608536,20,26.958826
-63.857239,13,26.969986
-33.316086,19,26.986045
-83.51236,27,27.008662
-59.772903,13,27.019819
-33.364517,21,27.037382
-21.505386,21,27.055089
65.716843,29,27.079138
145.81282,38,27.110462
-58.517151,13,27.121707
30.441605,21,27.13934
-115.991379,29,27.163246
-91.822998,19,27.179288
-17.879059,35,27.20847
-83.784866,21,27.226424
-103.758179,13,27.237793
-49.975739,28,27.261598
-15.741302,13,27.272943
19.250946,28,27.296472
66.690933,43,27.33233
-115.992508,30,27.357605
-62.234772,50,27.399145
-115.959305,12,27.409696
-38.211502,20,27.426671
-73.735336,13,27.437997
-69.81665,12,27.448448
-68.689148,13,27.459676
31.367935,50,27.501433
164.618103,21,27.519373
-60.576981,21,27.53721
-78.319794,30,27.562614
-84.376785,12,27.573165
-73.334869,13,27.584507
32.902176,56,27.631186
57.492203,20,27.64842
41.621506,43,27.684335
22.01326,40,27.717595
-75.311295,13,27.728995
-21.534744,27,27.751732
-33.847,50,27.793065
-53.859772,20,27.810082
-28.509399,64,27.86247
-78.568253,19,27.878762
-35.970596,28,27.902254
-19.68158,27,27.924893
-56.532944,13,27.936291
67.121475,43,27.972276
-115.944626,11,27.981984
-64.269501,12,27.99248
-61.409027,34,28.020627
-25.790802,22,28.03924
-112.675995,73,28.09935
3.678558,22,28.118036
48.434647,41,28.152234
1.355484,27,28.175081
-53.150452,22,28.193753
-96.588684,21,28.211564
-48.257233,20,28.228696
-103.559631,11,28.238515
-50.352081,20,28.2556
24.788574,21,28.273423
-80.009247,20,28.290426
-115.978226,12,28.30087
-96.373474,19,28.317006
-115.563614,13,28.328225
-48.019363,20,28.34535
-91.73996,49,28.386354
-114.921204,42,28.421322
-114.84491,20,28.438381
25.564163,22,28.457009
-39.896317,13,28.468388
-93.977661,21,28.486121
-101.1017,20,28.503086
-67.876694,29,28.527421
-52.145218,34,28.555838
-39.858627,34,28.584176
-72.774368,21,28.602106
-35.980942,21,28.619846
-32.904907,18,28.635195
-69.415863,28,28.658734
23.239014,28,28.682236
52.920517,22,28.700774
-55.927124,20,28.717843
-85.609344,12,28.728276
-76.44696,19,28.744414
-107.673798,11,28.754073
-92.86113,18,28.769382
-24.281693,21,28.787285
-115.929565,4,28.791239
-78.489655,13,28.802498
166.166611,49,28.84304
-7.157654,29,28.867375
-115.4832,18,28.882803
107.168503,78,28.946981
-3.770676,20,28.964108
-108.111206,18,28.979479
-84.929611,11,28.989122
-115.962479,26,29.011051
-113.834579,11,29.020715
-6.87204,20,29.037756
-108.493118,12,29.048225
-56.915787,27,29.07098
-95.222473,13,29.082276
47.003189,19,29.09835
-100.227173,21,29.116169
-55.124466,20,29.133196
-89.966675,28,29.156699
58.324005,36,29.186766
233.278641,46,29.2246
-95.058167,12,29.235155
-28.113205,27,29.257914
-27.260193,20,29.274991
-68.035233,28,29.298533
-73.790619,12,29.309026
-92.620667,49,29.349496
-101.532578,38,29.381326
-32.071213,20,29.398293
-86.821991,20,29.41524
-47.82515,12,29.42566
-104.029373,20,29.442634
-80.977432,27,29.465276
-41.725342,57,29.511965
-34.744492,41,29.546119
-78.547592,12,29.556553
-72.804596,20,29.573539
-54.81189,21,29.591361
-75.850876,13,29.602674
-92.473129,19,29.618793
-101.273529,20,29.636189
-40.418976,21,29.653978
-112.399689,12,29.664491
-115.95343,78,29.72781
-63.708725,20,29.744809
-82.201874,19,29.761071
-85.721436,13,29.772403
-34.368988,21,29.790206
-16.16806,28,29.813652
-93.023834,19,29.829745
74.154633,49,29.870222
-46.624603,36,29.900314
-37.451447,43,29.935982
-76.528076,19,29.952142
-82.630951,22,29.970741
-43.679825,18,29.986219
-58.120316,20,30.003173
-89.686447,12,30.013858
-92.888138,21,30.03178
-115.854996,21,30.049624
-100.943069,21,30.06741
-60.606659,21,30.085248
-115.851547,20,30.102239
-14.715942,33,30.129781
-11.427765,12,30.14033
245.844879,50,30.181773
-101.927505,12,30.192368
-115.92807,20,30.2092
108.918472,28,30.232658
-57.594849,20,30.249647
-64.587494,44,30.286228
-54.576431,28,30.309812
-102.676071,27,30.332561
-86.07457,19,30.348716
-115.994308,10,30.357532
-40.291229,29,30.38167
-70.500473,20,30.398624
-94.09639,28,30.42217
-112.062683,12,30.43267
-71.698608,28,30.456185
-80.596344,21,30.47401
16.390457,41,30.508021
-93.189468,12,30.5185
-37.90419,20,30.535465
-22.413589,43,30.57112
-56.67247,22,30.589881
-95.557068,21,30.607741
-113.464554,21,30.625624
-74.50264,20,30.642589
-94.338852,12,30.653042
114.339081,48,30.692744
-84.870163,13,30.704029
-86.951111,19,30.720192
-0.572617,56,30.76613
-72.348953,11,30.775839
-78.469772,19,30.791993
38.21402,28,30.93596
-96.330139,27,30.959136
-103.112274,11,30.968925
-64.501846,20,30.986068
-29.241989,82,31.052998
-77.654205,12,31.063605
-38.010437,35,31.09308
-113.574921,42,31.127859
208.427765,48,31.167752
-94.613693,13,31.179287
-85.147629,18,31.194758
-68.173279,22,31.213571
22.447067,19,31.230009
-99.645264,10,31.239035
-110.42453,18,31.25464
-95.015167,13,31.266112
-51.988724,12,31.276718
-14.12175,27,31.299681
-71.94014,20,31.316863
-29.828857,20,31.334018
-22.438934,30,31.359431
-42.18512,21,31.377408
-4.999084,27,31.400501
-92.269638,36,31.430819
-94.831879,19,31.447308
-81.595764,27,31.470396
-56.280838,28,31.494242
-94.961029,65,31.548198
-91.005005,12,31.55886
-77.601288,18,31.574388
-91.498276,20,31.59155
-50.724426,28,31.615437
-40.342224,65,31.669775
-68.203873,42,31.705065
-39.240143,13,31.716502
-68.266495,29,31.741199
-9.257629,12,31.751969
131.540558,58,31.800307
-80.686691,12,31.811113
-108.500595,20,31.828408
6.389542,29,31.853102
-51.077698,20,31.870361
-108.824188,37,31.901107
-17.542908,12,31.911767
-8.547989,38,31.943857
5.082489,20,31.961031
-71.057419,11,31.970771
-92.952438,33,31.998654
134.317703,79,32.064559
-52.858307,26,32.086843
-25.891708,20,32.103995
-88.427826,18,32.119578
-41.614761,21,32.13763
-34.459167,11,32.147456
-95.435181,20,32.164617
-102.07254,12,32.17518
-48.711594,28,32.19892
-92.996765,26,32.221079
-114.070953,12,32.231686
-51.549118,19,32.248029
-31.681488,12,32.258582
-78.922989,13,32.269961
-64.982712,13,32.281342
-99.721939,18,32.296915
-54.870789,20,32.314014
-72.844437,11,32.323842
-115.975601,11,32.333576
-58.37854,28,32.357276
-84.130981,11,32.366982
-62.855927,19,32.383297
-103.068405,43,32.419522
8.00415,21,32.437537
-84.174011,27,32.460497
-74.301849,21,32.478582
-21.293488,20,32.495762
-89.975891,13,32.507269
-12.108566,20,32.524372
-11.403976,20,32.541599
-84.011169,11,32.551372
-61.486603,26,32.573504
-101.989807,20,32.590648
-68.45816,19,32.606997
-88.469421,13,32.618326
15.031769,30,32.643726
-61.11438,33,32.671532
-89.736465,11,32.681344
-56.436996,21,32.699345
-88.898636,19,32.715781
-39.131332,12,32.726353
-111.241669,12,32.736935
-98.317947,12,32.747521
-62.135406,48,32.787779
-105.955627,12,32.798336
-87.034836,18,32.813871
-82.53714,20,32.831171
-110.850464,13,32.842669
-3.735138,49,32.883886
-73.980591,38,32.916027
-61.524902,19,32.932425
-41.197617,28,32.956213
-39.221497,21,32.974215
-80.059738,20,32.991337
-77.311325,20,33.008518
-44.728378,27,33.031647
-54.353287,12,33.042263
-38.436111,12,33.052883
-25.432419,19,33.069181
-94.003494,30,33.094627
-26.422485,94,33.171929
-63.543869,13,33.183381
-30.563354,12,33.193916
42.760574,25,33.21567
38.919128,42,33.250841
-22.579529,28,33.274433
4.344467,20,33.291478
-81.98053,20,34.657863
47.6297,18,34.673252
-8.824753,22,34.692097
-5.975082,21,34.710274
17.800415,20,34.727349
-81.531448,28,34.750802
-91.66098,27,34.773508
-40.943634,19,34.789707
25.148743,50,34.831153
-27.091064,19,34.847325
-106.997177,12,34.857734
-77.591675,21,34.875477
-62.180603,27,34.898113
43.97937,41,34.932056
-48.15506,20,34.949108
-70.655609,19,34.965282
-31.981171,21,34.983099
-90.260056,19,34.999209
-20.389755,19,35.015304
-8.382431,18,35.030644
-73.606018,21,35.048313
19.479355,18,35.063624
-83.076096,11,35.073225
-98.014313,12,35.083629
-50.105728,28,35.107078
-64.854477,21,35.124923
-2.485123,33,35.152393
-104.682953,11,35.162043
-0.487518,26,35.183821
13.528854,37,35.214664
-61.626862,13,35.226008
-57.381195,10,35.234776
68.054962,20,35.251871
84.301758,26,35.273817
-111.859772,26,35.295609
-87.820755,27,35.318153
161.250763,58,35.365829
-93.21405,12,35.376228
-12.496811,20,35.393152
-95.208298,12,35.403625
-52.863831,18,35.418861
358.42955,62,35.469772
-64.241867,21,35.487576
-52.292374,13,35.498827
-112.672791,12,35.509201
-79.248672,27,35.531819
-54.381439,21,35.549633
-114.373596,11,35.559265
-89.639099,20,35.576189
-115.59433,13,35.58746
-41.981155,20,35.604333
-103.673706,13,35.615571
-77.082611,20,35.632546
-31.232437,18,35.647885
25.748505,27,35.67048
-38.025711,13,35.68178
39.534561,19,35.697917
-51.94928,28,35.721365
-56.440948,33,35.748688
-13.087372,20,35.765825
11.773911,27,35.788407
-15.473465,21,35.806117
-92.389954,18,35.821407
-63.315414,12,35.831805
-115.976334,13,35.843028
10.994156,49,35.883435
-10.279526,20,35.90042
-22.87233,35,35.929492
-43.764435,19,35.945604
-84.786667,19,35.961709
-110.272873,22,35.980239
-70.127792,20,35.99706
-43.748489,20,36.014088
-86.57077,19,36.030203
-15.616959,26,36.051988
-86.639648,22,36.070482
-73.320114,12,36.080888
-109.175262,22,36.099459
-13.358078,27,36.122207
119.776093,41,36.156373
-97.796982,11,36.166021
-30.797485,29,36.190295
-40.489502,13,36.201567
21.899689,56,36.247966
-76.214584,29,36.272226
3.384766,20,36.28922
-103.532303,22,36.307785
8.563751,20,36.324809
-63.461075,20,36.341847
-56.504486,19,36.358016
-82.451569,11,36.367651
-76.412781,19,36.383774
7.420273,21,36.40148
18.633286,27,36.424314
-22.489807,21,36.442084
-115.975586,13,36.453381
29.714386,19,36.469453
-65.955917,20,36.486586
-7.856628,18,36.501905
-108.499069,13,36.51315
-49.264542,20,36.67953
10.116867,21,36.697537
-50.239471,13,36.708886
-104.209641,21,36.726597
-54.039017,21,36.744387
33.588028,26,36.766332
-16.225845,20,36.783373
14.152283,30,36.808538
-79.440308,21,36.826346
-37.63205,34,36.854711
-55.517212,21,36.872463
-26.371292,27,36.895185
-115.992523,20,36.912215
-26.39679,22,36.930851
25.434631,28,36.954269
-21.433548,21,36.971994
-20.299072,38,37.003534
102.400772,49,37.043766
0.296494,48,37.083446
-96.753418,12,37.093943
202.142715,42,37.128573
-26.284927,33,37.156486
-78.912811,10,37.165501
-55.723465,20,37.182586
-43.092911,13,37.19387
-98.995285,20,37.210757
48.048859,33,37.238424
-19.493591,28,37.262016
22.4776,35,37.291183
-2.034576,30,37.316255
49.083969,20,37.333198
-74.04628,21,37.350964
-23.414291,12,37.361396
-96.346008,12,37.371801
-86.123322,13,37.383072
-32.26532,26,37.40483
-4.244064,20,37.42189
-76.043106,21,37.440228
-86.218979,20,37.457455
-63.637238,13,37.468859
-100.730911,20,37.485811
-18.390045,19,37.501956
-71.765427,13,37.513124
-47.452194,20,37.530137
-31.526489,26,37.551934
-26.931046,12,37.562395
-115.979645,12,37.572734
232.900421,52,37.61555
-79.155182,19,37.631704
-46.337662,18,37.647179
-88.076096,19,37.663339
-71.861206,12,37.673779
-101.298431,12,37.684184
-45.424057,19,37.70036
-51.671066,13,37.711611
16.051315,29,37.735963
-59.972198,18,37.75123
-104.266556,13,37.762469
-41.880722,12,37.772913
-65.063843,12,37.783304
-78.333099,20,37.800354
-46.50531,12,37.810881
-38.070312,19,37.826992
-8.156174,50,37.868259
22.22403,20,37.885201
-49.0755,20,37.902103
44.697205,19,37.91824
57.395706,48,37.957572
-35.120071,12,37.968039
-70.965881,13,37.979257
-95.518448,21,37.996937
-71.758194,13,38.008258
-95.767105,28,38.034259
-0.487198,21,38.052036
-38.622772,19,38.06801
-100.061951,20,38.08488
-38.964218,19,38.100908
4.116226,20,38.117705
138.569519,46,38.155481
-81.642746,13,38.166922
-109.743042,28,38.19018
46.767242,33,38.217449
-15.576126,20,38.234278
-34.039078,34,38.262574
-31.178146,13,38.273993
6.76474,28,38.303477
-89.836365,19,38.319584
-51.185684,19,38.335611
81.958374,18,38.350726
-98.535767,20,38.367454
-78.936584,19,38.383546
-8.251694,26,38.405478
-35.765503,19,38.421612
-33.327271,18,38.436989
-18.325943,12,38.447433
-37.62381,27,38.470136
-69.847763,21,38.487919
33.76506,20,38.504826
-20.604706,18,38.520112
23.313675,19,38.536693
-46.324905,11,38.546477
-91.791443,26,38.568638
-29.212036,29,38.593072
-81.106964,19,38.60921
-95.940628,12,38.619637
-52.283829,18,38.634953
4.783951,20,38.651839
-104.433014,29,38.676127
-61.444717,12,38.686591
-78.47438,56,38.733028
-56.176361,13,38.744388
-22.101456,13,38.75566
-22.095596,50,38.797019
-26.246185,13,38.808289
-45.07518,26,38.830036
7.642349,34,38.858379
-79.562103,21,38.876134
-56.036819,19,38.89218
-115.933151,5,38.896883
-26.373749,29,38.921219
-115.226532,5,38.925953
-61.340424,18,38.941243
47.037323,35,38.970211
-100.083939,20,38.987174
-16.048523,21,39.004985
101.45929,48,39.044428
-96.575272,13,39.055626
-47.464279,19,39.071811
-84.371124,13,39.083017
113.524963,29,39.107127
28.754776,27,39.12978
-51.818619,21,39.147828
-54.473663,12,39.158273
-72.343658,21,39.176095
-10.598953,20,39.192976
16.44516,34,39.221205
-12.833969,20,39.238134
-87.029907,12,39.248527
-91.344559,21,39.266289
-65.680405,20,39.283269
8.731827,22,39.302117
-48.464996,20,39.319542
69.134232,56,39.36608
-51.385239,26,39.388138
-115.934418,20,39.40515
-92.963928,12,39.415594
-98.343628,41,39.449493
24.729401,19,39.465773
-89.66687,79,39.529583
-71.435989,34,39.557942
0.300705,21,39.575623
-110.566254,27,39.598187
-20.264435,20,39.615149
45.14595,35,39.644308
-115.978333,12,39.654727
-32.181641,19,39.670845
-38.75148,13,39.682035
-99.638916,30,39.706997
-99.284012,12,39.717426
-75.397446,13,39.728615
-65.838531,22,39.747166
-55.037704,29,39.771449
91.030411,57,39.818355
-110.456467,19,39.834515
-38.220215,30,39.859594
-7.630966,26,39.881376
-2.411316,19,39.897583
-58.686035,28,39.921001
116.627411,80,39.986106
-61.023819,25,40.00697
-55.852753,11,40.016608
5.479156,21,40.034302
-81.463531,26,40.05607
-23.61795,22,40.074626
-102.795837,12,40.085133
-96.174911,27,40.107742
-100.609848,20,40.124556
-90.309265,12,40.13495
-20.237885,20,40.151806
-83.434784,19,40.167935
-85.019302,21,40.185613
-84.705276,19,40.20169
-38.877029,20,40.21851
-10.975708,21,40.236276
-115.980499,21,40.25405
51.259064,26,40.275789
-50.52179,20,40.292688
-82.477509,13,40.303886
-115.975891,13,40.315074
-72.339844,79,40.378647
-91.653473,27,40.401198
-42.273743,20,40.418151
46.410019,29,40.442383
-66.204193,20,40.459279
-99.378555,13,40.47091
-5.858047,42,40.505578
-94.272583,12,40.516039
-61.518784,11,40.525681
-112.464264,13,40.536894
-99.74939,20,40.553769
-33.2939,20,40.570738
-84.703339,13,40.582009
20.128082,29,40.606337
-79.520813,21,40.623994
-58.423752,27,40.646702
-58.344574,34,40.674946
-68.661026,12,40.685427
-25.994492,20,40.703539
-3.916077,40,40.739791
-79.084778,12,40.750253
-87.007584,20,40.767153
144.309311,33,40.794513
-72.274689,22,40.813074
238.597076,65,40.866399
-94.175827,20,40.883454
-98.405914,34,41.015002
-29.496414,21,41.03282
-50.249619,20,41.049889
-18.443283,19,41.065998
-53.18158,12,41.076513
-68.385574,19,41.092648
-37.098221,21,41.1104
25.489746,42,41.145239
7.307159,27,41.16803
-57.193115,12,41.178459
9.864822,20,41.195379
-78.249008,12,41.205821
-82.56427,19,41.221995
-12.032242,29,41.246101
-96.394943,21,41.263866
-70.483292,27,41.286522
-67.608994,41,41.320639
-75.052719,56,41.366357
-101.447769,27,41.389025
26.244736,20,41.406034
-28.500793,13,41.417293
4.684967,20,41.434269
-22.348495,55,41.479693
16.344818,19,41.495945
13.365891,57,41.542838
-43.354706,12,41.55329
23.909973,12,41.563682
-13.378281,13,41.574936
100.927338,50,41.615959
32.922806,30,41.641056
-47.438141,34,41.66945
-59.534332,35,41.698541
-100.150345,18,41.713945
53.313583,35,41.743139
-114.001373,12,41.75388
-31.479172,13,41.76511
22.587357,18,41.780273
-52.227356,18,41.795485
-45.114639,21,43.230979
-89.64241,20,43.248053
-30.931564,20,43.26509
-98.541092,18,43.280846
-34.39888,12,43.291535
-17.318817,20,43.308678
226.733017,59,43.357301
-26.67511,12,43.36775
19.661209,21,43.385462
38.155075,20,43.402424
25.766357,21,43.420133
-32.81987,13,43.431447
-78.863281,22,43.450065
-19.257935,19,43.46622
-12.270264,21,43.484106
-9.799149,21,43.501964
-58.334808,12,43.512457
-65.156174,27,43.535108
-71.834671,20,43.552128
-59.891724,20,43.569088
17.696365,34,43.597529
76.380051,19,43.61364
-70.926895,26,43.635484
-4.353394,20,43.652433
-104.269943,13,43.663628
391.298279,51,43.705933
-85.985001,13,43.717256
-103.428711,14,43.729454
-27.804871,20,43.746386
-107.768661,13,43.757592
-113.701614,13,43.768806
-47.787064,11,43.77853
-66.089874,19,43.7946
-26.855133,33,43.822232
12.207916,19,43.838461
-22.269958,21,43.856357
30.838211,26,43.878366
-78.919556,41,43.912455
-54.305756,12,43.922943
15.529404,19,43.939044
-63.802063,26,43.961003
-75.352234,26,43.983015
15.650864,20,44.000013
-43.1492,13,44.011323
-107.841293,12,44.021669
101.311951,20,44.038664
-84.618668,12,44.049143
98.521133,35,44.07833
-82.279099,22,44.097009
-115.991745,50,44.137767
28.033478,20,44.154965
59.648666,50,44.199182
-86.193405,12,44.209743
-3.864105,19,44.226002
-54.620743,21,44.244145
-81.148758,13,44.255433
5.201248,20,44.27246
6.128387,13,44.283705
19.999557,29,44.307983
-72.17215,30,44.332958
-104.640366,13,44.344177
-64.858902,33,44.371707
-51.900574,22,44.39025
-15.982895,28,44.413633
25.896698,48,44.453427
-55.142746,20,44.470317
-80.933792,12,44.480738
-61.302292,13,44.49197
-63.161133,35,44.520857
98.905151,21,44.538536
-74.146896,19,44.554729
-115.966095,12,44.565154
-23.47998,21,44.582829
226.767365,72,44.641543
19.148911,19,44.657731
-84.383011,13,44.668918
-110.118835,29,44.693572
-81.706985,20,44.712867
92.324081,20,44.729892
-98.841141,12,44.740356
-52.985809,18,44.755649
-41.912537,21,44.773384
-66.346298,12,44.783808
-94.756851,27,44.806422
-57.059647,34,44.834669
-27.403412,29,44.858979
14.150406,21,44.877174
9.086288,28,44.900671
-33.497055,12,44.911161
144.255096,56,44.957232
-62.252014,20,44.974416
-84.233932,12,44.984867
-115.930237,21,45.002627
-83.260483,18,45.018071
-95.98642,12,45.028469
-1.18924,13,45.039709
-80.293198,18,45.055136
-55.49472,20,45.072116
46.563751,21,45.090239
-79.167923,20,45.10725
-45.833115,41,45.141226
5.765015,26,45.163856
-31.371964,35,45.194076
-8.864502,20,45.211482
-36.844879,20,45.22874
-65.267014,29,45.253473
-59.716537,20,45.270736
-48.020126,18,45.286618
-5.765244,25,45.30819
-45.026306,21,45.3264
-49.835876,20,45.343729
77.527283,56,45.390511
56.712997,26,45.412688
37.008347,27,45.43559
-36.783768,11,45.445281
62.596832,64,45.498209
4.616547,37,45.528613
-23.624695,21,45.546255
-82.869919,21,45.563833
-33.634995,29,45.587794
-33.037216,22,45.606216
2.333298,21,45.62384
18.738266,29,45.647841
-93.402359,13,45.659476
24.047424,20,45.676269
-75.000961,11,45.685765
-101.602386,18,45.700923
1.548782,21,45.718899
-94.505173,18,45.734179
-8.772339,20,45.751101
-89.909225,4,45.754983
-115.997223,12,45.765279
-94.425415,20,45.782102
-84.033081,12,45.792454
-61.811172,20,45.809306
-49.298752,28,45.832806
-4.834198,21,45.850728
-95.765884,13,45.861916
207.170349,52,45.904797
-59.727615,12,45.915367
-63.805374,12,45.92584
-110.124237,13,45.937145
-101.592407,19,45.953225
35.419617,41,45.987228
49.719345,20,46.004179
117.052887,42,46.038965
34.876907,28,46.062306
-53.418289,21,46.080133
-31.00386,12,46.090617
-115.975586,12,46.101036
-45.16806,12,46.11146
-37.672501,20,46.128525
-86.931717,22,46.147038
-100.031891,13,46.158288
10.415894,20,46.175387
-33.463211,20,46.192325
1.832352,26,46.214232
-58.881241,13,46.22577
-60.273514,41,46.260025
90.152481,63,46.311978
-26.581955,34,46.340471
-69.145889,20,46.357435
-91.328796,20,46.374379
-6.402451,26,46.396286
-115.977081,49,46.436471
191.726227,43,46.472005
136.010742,29,46.496217
-11.225296,19,46.512328
-73.274521,20,46.529341
-35.488434,13,46.540626
42.837463,19,46.556738
32.268387,49,46.597234
-65.860382,12,46.607781
-53.651367,25,46.628901
8.922226,64,46.812782
-108.555023,35,46.842011
-20.073822,12,46.85255
-62.816193,21,46.870197
123.282166,27,46.892806
-20.926758,21,46.910695
-73.684509,48,46.950447
-29.409225,20,46.967437
58.672928,26,46.989256
-38.041992,21,47.006998
-90.651382,10,47.015861
-24.878235,13,47.027173
-29.227661,19,47.043289
-108.211243,21,47.06112
96.215454,35,47.090245
-23.164108,18,47.105598
-24.509888,20,47.122589
76.481735,41,47.15675
-10.683441,35,47.185925
240.14415,60,47.235383
197.095276,57,47.282103
-17.015533,18,47.29756
-58.672974,13,47.308809
-105.860733,14,47.320874
-42.490265,21,47.338658
112.2509,56,47.384545
-7.192566,86,47.454668
-0.755951,19,47.471085
244.588654,49,47.511441
-110.863464,19,47.527728
121.964661,28,47.551242
-115.912766,29,47.575577
-43.855133,37,47.606406
-100.271484,12,47.616867
-75.834045,13,47.628118
-67.539764,21,47.645951
116.807297,40,47.679121
184.467346,50,47.720379
186.398254,89,47.792615
-81.238297,13,47.804053
-72.075455,20,47.821101
-23.130707,33,47.848698
-36.792419,13,47.859967
63.662537,28,47.883353
-56.22879,11,47.892957
-5.081192,33,47.920534
-73.157028,19,47.936702
107.286636,56,47.983058
23.579391,28,48.006554
-84.663956,29,48.030874
23.723648,50,48.072217
-93.035965,12,48.082796
-84.936996,20,48.099788
46.285156,26,48.121677
65.212845,27,48.144413
-95.987762,12,48.154867
-32.57988,19,48.171217
211.52652,44,48.207498
-38.48912,20,48.224436
-50.445526,26,48.246355
3.873566,21,48.264251
-97.471008,21,48.282067
13.056534,28,48.305603
44.845886,21,48.32341
-96.258972,87,48.393966
220.802628,74,48.454785
-33.019897,21,48.472647
-73.997314,12,48.483419
-32.673935,21,48.501353
-72.415344,11,48.51113
-99.836716,11,48.520801
-43.702057,20,48.537627
-104.220901,11,48.547247
27.083649,33,48.574885
-61.937744,11,48.584521
-115.99913,36,48.614065
-36.961243,18,48.629446
57.76709,35,48.658865
78.768463,57,48.705738
129.527328,30,48.730811
98.080338,41,48.764862
-88.280914,20,48.781904
-90.313339,12,48.792375
-30.65271,20,48.809547
-2.823425,12,48.820058
-78.706223,12,48.830591
-61.857468,21,48.848393
-74.292297,34,48.876905
-45.680008,19,48.893262
-13.632034,20,48.910259
-34.141678,41,48.944336
12.565048,21,48.962643
42.922913,19,48.978946
-83.066925,12,48.989449
-50.553055,11,48.999166
-9.854645,56,49.04497
-77.396393,13,49.056265
-53.249496,13,49.067584
153.90657,29,49.09193
-44.249069,20,49.108913
-46.534775,18,49.12436
-61.306686,29,49.148787
-10.405487,20,49.165815
49.2901,48,49.206566
-56.256592,19,49.222725
-40.926102,21,49.240409
-23.342133,29,49.264672
-103.084549,13,49.27584
-49.254532,13,49.287034
-42.709091,25,49.307904
-99.346985,21,49.325536
-115.930908,102,49.407432
101.857422,49,49.447823
104.565582,57,49.494576
-49.046646,19,49.510748
25.609741,20,49.527681
-95.468689,21,49.54559
-75.999847,12,49.556036
-73.571548,13,49.567281
219.553223,45,49.604627
-3.4599,19,49.62089
-2.792114,20,49.637944
40.624969,42,49.672733
-94.86673,20,49.689958
61.242172,25,49.711234
31.690964,30,49.736451
-51.691193,21,49.75435
-84.270523,12,49.764844
-7.307404,21,49.782743
-74.569992,58,49.830681
147.395493,49,49.871145
-67.59137,28,49.894588
78.472763,45,49.931721
190.183212,79,49.99619
-52.264755,19,50.012482
-0.678818,20,50.029557
-25.538406,18,50.044959
-46.735901,20,50.061896
-28.584641,58,50.109736
97.216034,43,50.145477
15.832504,19,50.161917
-63.158615,21,50.179791
-33.314636,35,50.208806
175.166611,51,50.251021
18.9104,26,51.675914
28.911301,19,51.69222
1.021576,48,51.73179
34.131866,20,51.748737
-15.363586,20,51.765502
12.231094,21,51.783328
48.805893,41,51.817283
91.625259,36,51.847127
-12.311691,18,51.86242
-4.500778,21,51.880151
-38.813217,19,51.896281
265.014618,55,51.941683
-90.133209,12,51.952149
-45.716782,12,51.962564
-16.547699,20,51.979565
85.15094,19,51.995645
-2.573074,21,52.013417
-97.018082,13,52.024641
54.836411,27,52.047272
-50.266891,13,52.05856
-18.581711,13,52.069829
-46.436005,21,52.087719
-26.791306,20,52.104716
3.187317,19,52.120748
169.401978,40,52.153847
-13.618729,19,52.17001
-59.553864,12,52.180502
-51.31279,13,52.191831
-74.279739,11,52.20154
-38.746826,19,52.217723
16.260452,21,52.235631
-22.021393,49,52.275915
19.244537,22,52.294468
-27.048279,12,52.304887
-75.873978,12,52.315337
-22.832474,13,52.3266
-39.967865,12,52.337024
-50.1521,20,52.35404
29.240662,18,52.369339
-49.171738,13,52.491932
147.600372,27,52.514735
20.926437,21,52.532655
-9.727417,19,52.5489
-40.63443,21,52.5666
39.245239,28,52.590158
-17.007874,13,52.60146
-31.859665,11,52.611122
87.744492,48,52.650777
-22.619507,19,52.667139
177.544693,40,52.700481
-109.937897,11,52.71019
-61.34787,20,52.727151
-74.107452,18,52.742565
-97.789017,18,52.757953
61.421661,18,52.773426
20.149506,19,52.789683
6.15065,12,52.800378
72.303329,27,52.823237
1.046875,13,52.834647
-37.707169,42,52.869806
49.46431,19,52.885988
16.260239,18,52.901363
9.689163,12,52.911864
48.88324,26,52.933782
74.381348,48,52.973219
1.82019,21,52.990914
-74.553619,12,53.001254
27.484055,13,53.012494
166.252243,20,53.030093
-84.652084,20,53.047368
-52.95369,12,53.058006
55.074295,33,53.085818
-55.8517,21,53.103884
-65.762207,35,53.133554
-70.231583,14,53.14581
9.114624,20,53.163189
-28.873489,21,53.181841
-53.803894,12,53.19223
-75.04628,19,53.208286
25.988144,35,53.237011
50.53627,13,53.248185
88.081024,20,53.265017
27.550095,19,53.281178
-18.453217,20,53.298153
-82.966019,11,53.307737
-68.572723,13,53.318928
-28.640686,21,53.336598
-10.256729,29,53.360845
-13.252258,20,53.377764
-11.172836,13,53.389013
-3.9646,12,53.399499
-11.832169,26,53.421312
157.989838,36,53.451169
-40.638336,13,53.462438
114.411514,34,53.490738
-14.992752,13,53.501998
12.393295,20,53.51885
38.390411,41,53.552902
-74.895538,12,53.563429
111.722031,49,53.603667
-43.277039,13,53.615004
-112.959549,20,53.631911
-83.553482,21,53.649654
47.92894,20,53.666563
21.405167,20,53.683488
20.183624,20,53.700481
-112.494308,13,53.711746
11.65509,27,53.734402
-65.179428,18,53.750057
-65.971542,20,53.767133
-65.774719,13,53.778392
-79.480957,10,53.787221
-46.622665,12,53.797624
5.622925,41,53.831608
-95.390381,13,53.842813
15.585388,13,53.854053
-64.162567,13,53.865219
60.126404,35,53.894179
74.800537,26,53.915865
-10.872696,12,53.926273
-46.722702,12,53.936706
52.198593,43,53.972193
-63.098907,13,53.983467
181.745071,34,54.011655
-38.367966,12,54.022108
-13.234863,29,54.046396
-20.459717,13,54.057617
-27.465149,11,54.067227
3.09726,13,54.078442
4.548111,41,54.112504
-88.160675,18,54.12789
-5.342178,21,54.145632
-65.663712,21,54.163376
-40.397171,20,54.180359
-26.95491,20,54.197372
-83.165771,19,54.21339
249.088425,49,54.253825
58.302658,29,54.278161
-9.258301,11,54.287946
-16.205505,18,54.303372
-51.317703,20,54.320373
-36.088501,42,54.355155
20.229004,27,54.377889
62.963669,22,54.396443
-55.636658,13,54.407753
80.709,18,54.423059
26.370468,33,54.450723
-59.487488,13,54.462094
-73.264816,11,54.47179
-103.602997,12,54.482209
115.266647,35,54.511338
-83.855972,20,54.528361
-42.486679,11,54.53819
86.072479,20,54.555196
-8.343079,13,54.566529
134.160553,20,54.583374
0.76825,18,54.598891
224.339981,40,54.632133
60.849976,13,54.643395
-95.796173,12,54.65395
227.113449,56,54.700687
1.967758,12,54.711599
-1.467285,12,54.722252
47.69046,22,54.740882
-39.691986,19,54.75708
-70.98735,12,54.767596
51.277466,13,54.778936
-33.900696,11,54.788558
8.438797,12,54.799044
14.650681,20,54.81618
103.110046,40,54.849542
58.780731,13,54.860873
185.678589,41,54.894989
-65.857132,20,54.912046
-25.27887,22,54.930643
-55.503601,13,54.94191
-48.005844,12,54.952303
24.541138,19,54.968413
87.692596,48,55.008004
134.838699,50,55.049155
-60.730728,21,55.068478
70.340958,19,55.084758
-100.813568,21,55.102526
187.909119,39,55.134785
-55.460205,22,55.153285
42.966431,20,55.170205
-60.03331,21,55.187918
-24.042908,12,55.1983
-40.61171,18,55.213596
9.802063,20,55.230505
-32.450455,12,55.240967
-47.947311,20,55.257923
126.904495,20,55.274671
-68.530304,12,55.285125
-55.575974,12,55.295568
-115.113663,13,55.306728
233.532486,49,55.347005
-51.230606,21,55.364784
158.606964,45,55.401869
-44.714081,20,55.41885
-6.559921,12,55.429206
275.378387,65,55.48249
-7.21019,21,55.500374
-18.029938,19,55.516515
-5.982376,20,55.53346
30.700546,27,55.556016
-43.24292,11,55.565646
96.73909,28,55.588946
-16.709213,12,55.599369
-1.563187,12,55.609824
144.059753,26,55.631565
104.534897,35,55.660686
220.611526,37,55.691292
31.614059,19,55.707482
-20.405655,11,55.71709
-17.874252,13,55.728421
54.844406,33,55.755905
-61.839859,21,55.773611
-49.025177,20,55.790617
-40.305969,11,55.800245
-31.799011,21,55.818043
-15.856293,20,55.834906
171.644653,21,55.852554
23.389832,27,55.875248
-61.795319,12,55.885674
-105.414703,19,55.901802
-33.699799,20,55.918748
-49.105637,13,55.929994
-1.647446,13,55.941254
99.320572,41,55.975226
113.801849,42,56.0098
303.300858,50,56.051118
95.473053,34,56.079259
-1.414551,28,56.102759
-94.980103,12,56.113193
20.108505,35,56.14228
-43.138763,20,56.159282
72.663406,19,56.175287
-13.233032,13,56.186613
62.503586,20,56.203623
233.008194,35,56.232767
-80.350098,21,56.250552
-85.748993,13,56.261823
-21.59082,18,56.27709
-9.396591,20,56.29405
-94.615067,13,56.305273
-40.208511,28,56.328655
-28.686646,19,56.344786
-98.215347,12,56.355197
26.697006,20,56.372057
142.864609,41,56.405983
-42.142609,12,56.416435
73.489075,21,56.43413
68.508163,33,56.461557
-94.451477,12,56.471971
-31.811066,13,56.483212
-20.491989,13,56.494471
82.687943,20,56.511378
-115.976364,12,56.521797
313.762939,46,56.559873
6.265793,18,56.57519
-68.33548,12,56.585584
-64.972763,18,56.600919
-64.558716,19,56.61698
22.205063,18,56.632238
43.208649,27,56.654886
24.545364,20,56.671718
14.176697,21,56.689365
-81.723099,27,56.711548
28.665604,21,56.836572
-4.078552,19,56.852966
120.727081,48,56.893007
-24.49472,12,56.903626
-98.83432,11,56.913306
-63.505325,13,56.924634
-115.446884,22,56.943119
-8.358261,12,56.95358
-1.47171,21,56.971361
-5.166992,21,56.989208
-64.587448,12,56.999665
179.324417,46,57.038203
104.401169,35,57.067739
-4.709839,22,57.086739
-39.708252,19,57.103195
73.218445,48,57.143069
-62.124695,20,57.160287
-67.388168,12,57.17082
37.251648,19,57.187218
40.995636,21,57.205215
-71.754425,12,57.215818
84.322983,20,57.232835
5.908478,20,57.249988
-12.166153,20,57.267125
-3.931046,21,57.285192
125.725418,49,57.326126
-83.514893,21,57.344083
41.575897,18,57.35957
-99.539322,3,57.362713
87.339218,20,57.37985
-37.947342,29,57.404527
128.479233,21,57.422457
41.340225,36,57.452812
145.930908,41,57.487343
-57.30426,20,57.50464
-81.284515,12,57.515535
-13.646194,21,57.533518
64.348236,29,57.558087
-37.990921,12,57.568655
20.468765,21,57.586626
-5.948364,28,57.610317
-18.708466,13,57.621687
111.025864,64,57.674477
-63.608292,21,57.69246
-25.952469,22,57.711295
-6.768875,20,57.728486
202.024704,35,57.757934
29.25676,21,57.77589
61.868866,20,57.792933
21.769577,20,57.810102
1.477753,21,57.828056
90.795105,22,57.846838
-43.833069,13,57.858415
-77.683212,12,57.869031
-63.109116,11,57.878876
142.974701,19,57.895193
-42.475006,20,57.912297
3.142563,19,57.928727
270.086365,47,57.968035
-14.828659,20,57.985172
-92.088135,12,57.995809
74.012939,29,58.020182
2.335602,21,58.038136
0.52655,20,58.055262
155.420166,65,58.109105
86.108597,19,58.125379
-17.357971,18,58.14097
-47.572693,13,58.152345
26.540985,20,58.169494
31.870132,22,58.188279
131.029465,43,58.22468
177.921616,52,58.268567
-64.340805,13,58.280488
-44.118332,13,58.292142
37.73053,34,58.320429
59.006561,20,58.337392
-99.451141,13,58.348733
8.555527,13,58.360005
-43.486526,26,58.381776
35.769958,19,58.397978
-82.941879,19,58.414163
-21.863281,13,58.425487
-15.055435,12,58.43595
15.089142,21,58.453761
-13.864609,19,58.469949
211.545395,42,58.504741
88.063339,42,58.539657
-101.225845,13,58.550879
-115.199432,13,58.562133
-62.327255,19,58.578164
-47.367096,21,58.595958
57.572891,20,58.612969
-55.708557,11,58.622602
-0.719666,18,58.638064
-21.944244,11,58.647727
-28.512039,12,58.658161
17.974503,21,58.675875
14.4375,20,58.692843
-22.662094,13,58.704061
-52.330078,21,58.721884
-64.262863,65,58.77464
6.836761,13,58.785884
-41.958405,20,58.802832
69.111252,33,60.237496
60.540253,18,60.252976
-71.766418,19,60.269126
-36.827591,12,60.279553
16.705444,20,60.296625
-18.53331,20,60.31361
-14.240601,13,60.324864
23.626556,21,60.342708
61.371689,19,60.358881
68.807327,27,60.381525
43.24472,19,60.397606
-31.607071,21,60.415316
-1.003998,21,60.432966
145.493622,47,60.471231
-35.83049,13,60.482417
3.44577,19,60.49845
-12.404495,13,60.509648
180.204941,40,60.542611
-4.721481,13,60.554169
224.622696,21,60.571902
-12.164246,11,60.581502
237.009979,30,60.606648
38.279449,21,60.628233
-41.117081,13,60.639526
-80.588776,13,60.650866
-0.633682,13,60.66233
-0.044312,20,60.679317
44.445374,21,60.696874
109.32132,18,60.71199
-56.767075,20,60.729035
-32.815964,13,60.740438
-20.15332,13,60.751708
77.575775,21,60.769379
-47.902145,12,60.779799
128.053909,18,60.795107
175.309158,19,60.811244
-68.228485,13,60.822561
2.576797,13,60.833838
6.195786,19,60.85008
-37.024612,20,60.867379
197.037888,33,60.894942
-36.684158,12,60.905495
-11.596878,12,60.916014
-44.813522,30,60.941201
80.036194,21,60.959097
107.552795,20,60.976194
-58.189377,12,60.98677
-7.029953,12,60.997207
-63.972672,11,61.006854
-37.684418,19,61.023053
-0.075989,26,61.044976
365.415237,46,61.083056
-54.924713,12,61.093512
6.265549,13,61.104812
59.03479,21,61.122481
-69.533554,13,61.133804
245.270645,38,61.165219
29.429672,20,61.182243
-29.577942,21,61.19995
7.663391,13,61.21126
16.619507,13,61.222665
-50.830566,27,61.245386
-38.371826,13,61.256671
34.145081,19,61.272959
50.575134,21,61.290768
77.714828,35,61.320019
70.163177,26,61.341873
194.645096,47,61.380661
-62.384842,20,61.397681
-97.816055,12,61.408149
-69.452896,12,61.418651
41.64032,26,61.440586
55.898239,27,61.463445
49.338745,19,61.479618
99.58313,22,61.498319
43.184937,19,61.514533
-14.703735,20,61.531643
70.54126,19,61.547824
-29.386612,13,61.559152
-52.722305,11,61.568879
55.516174,21,61.586725
1.691818,18,61.60221
-97.037781,12,61.612712
-75.677505,13,61.62404
-64.424484,12,61.634575
214.865784,56,61.680457
-79.650467,11,61.690202
47.21907,20,61.707428
-39.551773,12,61.71795
-7.086807,12,61.728463
-3.792572,18,61.743937
-33.173218,12,61.754453
-3.542358,12,61.764964
307.538055,47,61.804164
74.461594,20,61.821185
25.701874,19,61.837387
-5.735428,21,61.855227
-17.443298,12,61.865655
-42.482513,13,61.876939
58.709,21,61.894717
-48.811523,20,61.911658
-38.001236,13,61.923017
-35.373795,13,61.934222
-10.775787,21,61.95205
-41.751877,20,61.968982
-3.523376,19,61.985015
0.290176,19,62.001238
267.368896,28,62.024627
-35.033112,12,62.035091
168.654297,44,62.071269
19.940247,13,62.08262
-18.909683,13,62.093926
32.191711,13,62.105339
-47.640778,12,62.115793
340.051895,27,62.138443
-22.192703,19,62.15472
-73.254517,20,62.171777
28.521072,20,62.188791
-37.447937,13,62.200089
-81.861023,12,62.210579
323.983994,36,62.240624
81.437088,18,62.256038
33.704971,19,62.272243
147.332703,39,62.305232
-89.778397,4,62.309459
-25.895508,20,62.326912
-53.038681,12,62.337352
236.603271,39,62.369731
-2.248611,13,62.381044
-106.423141,12,62.391509
-61.498611,21,62.409205
-8.850174,13,62.42052
-36.633896,11,62.430135
40.625519,21,62.44794
46.285919,20,62.464952
27.481689,22,62.593837
-67.123306,14,62.606126
-6.719223,19,62.622302
-25.286758,13,62.633588
-9.523376,20,62.65065
-100.06926,11,62.660333
36.726273,12,62.670846
55.646347,22,62.689437
-30.395325,12,62.700212
153.221954,29,62.724446
-21.669373,13,62.735697
340.775314,40,62.76876
51.760254,21,62.786547
136.532166,22,62.805128
131.703293,20,62.822118
-32.202499,12,62.832568
110.735214,21,62.850385
-90.277786,18,62.8661
-89.294937,12,62.8766
-47.591141,12,62.887072
-10.004868,22,62.905675
34.290436,42,62.940549
-34.722488,11,62.950216
-80.429291,12,62.960701
-19.541107,12,62.971144
78.506119,27,62.993608
2.250671,21,63.011379
91.750534,20,63.028205
217.600372,41,63.062195
-20.181091,18,63.0776
36.825653,19,63.093771
-38.408844,21,63.111506
-17.8936,13,63.122806
94.145569,20,63.140604
54.053589,20,63.157826
46.90889,20,63.174821
-36.805099,12,63.185316
50.627441,20,63.202339
-102.285126,12,63.212789
-27.804214,27,63.236638
-12.951859,19,63.254656
166.051407,27,63.277245
-40.741821,19,63.293412
-45.578751,12,63.303985
26.259018,20,63.320984
288.941666,44,63.357378
-62.474716,12,63.367843
-43.906616,13,63.379091
24.272064,19,63.395126
17.004868,13,63.406375
-81.321838,18,63.421691
75.020966,41,63.455744
-7.982498,12,63.466283
-62.759903,19,63.482388
23.460724,18,63.497658
301.947418,54,63.542156
10.991135,21,63.559952
49.455139,20,63.576937
1.049271,21,63.594731
11.485535,20,63.611694
-50.389969,13,63.622958
-40.955353,20,63.639863
-49.795929,29,63.663746
51.511139,20,63.68067
36.554428,21,63.698489
2.167542,19,63.714645
-30.742279,13,63.725983
-24.216507,20,63.742932
181.060455,52,63.785811
217.47406,36,63.815805
-43.239975,19,63.832062
-115.70842,4,63.835988
146.781128,22,63.85435
82.300186,19,63.870476
41.434036,20,63.887432
151.261688,20,63.904266
279.551575,37,63.935019
-3.461487,20,63.952029
2.243271,20,63.96905
-3.892654,20,63.986004
-61.362183,19,64.002163
45.896881,12,64.012542
36.047028,20,64.029428
-37.649277,11,64.039122
123.693085,34,64.067345
-14.936859,19,64.083451
53.434738,19,64.09968
-39.27626,12,64.11246
-11.030273,21,64.130183
-65.847382,29,64.154178
211.291687,57,64.200447
-36.450897,12,64.210826
-58.919235,13,64.222003
7.63649,13,64.233404
25.080811,19,64.249556
-76.566818,19,64.265621
-18.175385,13,64.276825
-26.896042,13,64.288056
0.512985,13,64.299242
40.327744,18,64.31447
-4.389694,20,64.331319
109.270065,20,64.348432
44.35994,21,64.365999
-60.074554,11,64.375484
-31.671829,13,64.386659
-58.405518,12,64.397017
57.206848,20,64.413793
-51.446365,13,64.424974
-8.172775,27,64.447565
-21.664124,13,64.458841
-97.04924,13,64.470087
-27.11441,20,64.487154
13.03653,19,64.50333
96.874237,20,64.520246
3.25885,11,64.529888
-36.56041,20,64.546862
198.336807,41,64.580897
-8.313309,13,64.592183
182.603302,21,64.60991
66.434677,27,64.632508
3.765854,19,64.648909
10.296906,13,64.6604
-66.55069,11,64.670312
15.685013,21,64.688191
120.284134,20,64.707676
-66.535522,20,64.724855
1.54364,19,64.740997
-25.749207,12,64.751395
99.983231,20,64.768184
-38.76088,13,64.779456
61.651855,26,64.801201
-41.418808,13,64.812413
13.443512,19,64.828496
-0.918015,13,64.83968
-27.944122,12,64.850054
-86.592133,11,64.859712
52.149612,19,64.875909
-59.74649,21,64.893642
-4.255615,13,64.904919
-24.216568,21,64.92261
-77.434891,12,64.933053
87.961655,21,64.950733
-22.061768,18,64.965996
-57.402084,12,64.976378
69.29924,21,64.994071
229.940399,31,65.019866
95.170761,20,65.036741
-28.456543,20,65.053803
-10.196136,12,65.064236
45.156662,27,65.086799
82.579529,22,65.105263
-8.16626,13,65.116488
73.356308,21,65.134185
-48.421402,12,65.144593
77.442795,20,65.161421
211.787872,43,65.196923
-76.419693,13,65.208216
-80.488373,12,65.218635
-109.630829,5,65.223372
19.590576,20,65.240235
322.436478,29,65.26437
11.503372,11,65.274017
-8.523987,19,65.290157
27.696777,18,65.305499
-53.666199,13,65.316748
165.737457,21,65.334433
9.773804,12,65.344819
-45.340164,13,65.356084
-41.714951,13,65.367312
112.646744,35,65.396193
2.595169,11,65.405788
-40.422821,11,65.415364
118.260376,21,65.432988
8.071747,21,65.450888
43.999466,27,65.473478
-55.679947,11,65.483088
62.228149,19,65.499238
18.61853,13,65.510494
87.624405,21,65.528206
3.00827,12,65.53866
-47.337158,19,65.554846
39.284027,21,65.572566
19.816956,21,65.590319
18.913132,12,65.60073
-13.685989,13,65.611941
84.792542,20,65.628793
-39.340759,12,65.639217
127.674118,20,65.656029
-41.635437,19,65.672096
135.998856,20,65.688979
34.78688,19,65.705044
57.174072,19,65.721191
275.563171,34,65.749388
180.028748,49,65.789853
-70.440353,13,65.801075
-14.662155,19,65.817206
167.7435,26,65.83892
51.743454,22,65.85743
-33.405594,26,65.879216
-51.265701,13,65.890484
68.362015,22,65.909062
14.730774,19,65.925225
4.597595,35,65.954118
-28.373779,13,65.965406
57.326157,21,65.98294
-19.370758,13,65.994177
-48.310287,11,66.003693
146.257751,21,66.021335
-45.135773,19,66.03746
-62.171967,12,66.047843
57.956818,48,66.087322
-38.976929,21,66.105115
-1.574356,13,66.116416
101.001404,18,66.131638
92.829178,20,66.148525
-94.170853,4,66.152472
-96.911301,13,66.163672
4.095428,19,66.179787
-8.353455,19,66.195898
121.742661,20,66.21273
44.305191,20,66.229688
-42.690125,12,66.240175
-21.738373,20,66.257242
-32.375763,20,66.274322
-89.232788,11,66.283971
18.180847,12,66.294368
-49.466629,13,66.305665
47.731567,29,66.329909
86.378479,20,66.346819
-76.3629,11,66.356383
22.420471,12,66.366802
77.684891,22,66.385239
-34.780518,13,66.39651
5.404144,18,66.411865
-28.868408,21,66.429655
-11.496017,21,66.447334
164.542374,21,66.465008
40.641235,20,66.481991
279.925354,46,66.520016
-35.755859,19,66.536251
128.130585,33,66.563698
233.828613,42,66.598416
30.410461,28,66.6218
39.490143,20,66.638784
252.744202,48,66.678352
-11.977234,19,66.694582
38.934189,29,66.719043
-36.385117,13,66.730396
50.249084,27,66.752996
-0.582779,13,66.764283
-55.223663,12,66.774747
-41.231216,11,66.784307
-81.852859,13,66.795545
-26.17662,12,66.805995
155.165833,20,66.822738
-91.973755,13,66.833964
29.008255,20,66.995688
272.144211,53,67.039374
61.225754,18,67.054741
218.710495,27,67.077235
184.171265,34,67.105574
-10.56395,12,67.116034
-1.791672,13,67.127246
257.526047,39,67.159622
8.977356,12,67.170109
7.469452,26,67.19189
34.425903,21,67.20955
88.374786,34,67.237844
137.08876,25,67.258759
-17.045792,21,67.276488
-64.751511,11,67.286093
5.638535,18,67.301423
15.240051,19,67.317569
103.027512,21,67.335331
23.146713,27,67.357901
37.713745,20,67.374825
25.279724,12,67.385322
-46.882828,13,67.396538
-42.917709,13,67.407715
-12.503906,12,67.418084
-5.72052,13,67.429284
