#{"t_start": 1721531410.8064575, "env_id": "VizdoomCorridor-v0"}
r,l,t
135.116714,13,6.59237
100.217575,12,6.601182
84.851318,12,6.609854
71.02182,13,6.619242
59.9841,12,6.627947
81.617065,12,6.636724
319.769958,17,6.649108
118.125153,13,6.658555
434.272446,22,6.673727
362.495239,20,6.687641
173.752136,19,13.147606
95.42688,13,13.156979
11.921616,12,13.165709
351.635147,20,13.179651
106.546295,13,13.18895
264.899353,19,13.202196
113.695633,13,13.211564
61.823059,13,13.220929
36.49028,13,13.230209
231.917877,20,13.244208
137.670883,13,19.651462
121.877228,12,19.660098
362.665451,19,19.673223
83.992447,13,19.682477
307.889206,18,19.694952
116.243576,13,19.70411
419.319794,20,19.717822
109.016815,13,19.726981
104.836014,12,19.73545
33.570969,11,19.743359
321.24321,17,26.163632
438.969025,22,26.178951
130.150864,13,26.188249
47.870255,11,26.196189
60.943268,12,26.205266
326.754623,17,26.21724
324.530319,19,26.230532
308.35289,17,26.242699
133.514252,12,26.251343
53.937531,12,26.259993
357.156708,20,35.026592
58.961212,12,35.035271
329.780365,19,35.048557
75.014481,12,35.057178
347.815582,18,35.069754
432.093567,21,35.08438
136.262436,13,35.093698
382.82402,20,35.107772
373.501389,19,35.121171
75.313705,12,35.129855
343.062225,19,41.699002
-87.441116,4,41.702446
51.128952,12,41.71112
142.786224,13,41.720471
449.296021,22,41.735793
138.283188,13,41.745133
1.649368,11,41.753134
420.492111,24,41.769816
329.127792,17,41.781814
104.674393,13,41.791174
411.783081,21,48.398703
101.406067,12,48.407502
400.48645,18,48.420188
473.830627,24,48.436944
78.694626,12,48.445586
100.477402,12,48.45425
117.853378,13,48.463562
8.428223,12,48.47228
304.929382,16,48.483575
41.657928,11,48.491589
399.884079,20,55.02477
380.204208,20,55.038996
381.894135,19,55.052305
443.330719,22,55.067765
335.604996,21,55.082481
65.323425,11,55.090544
434.568176,21,55.105323
93.417648,12,55.114928
97.601807,13,55.125761
336.725311,20,55.139871
98.504517,12,61.572481
40.306778,12,61.58129
700.191177,30,61.601878
121.29216,13,61.611189
523.383118,26,61.629116
382.008636,20,61.643243
312.114822,18,61.656165
75.007523,13,61.665564
94.357193,13,61.674859
95.733459,12,61.68349
443.418243,22,70.587865
475.595428,21,70.602446
130.032104,13,70.611655
110.460388,13,70.620961
539.95047,24,70.637455
439.862564,21,70.652061
98.47496,12,70.660618
373.657013,20,70.674348
383.591003,21,70.688826
411.642639,22,70.704033
186.499207,15,77.301337
86.816055,13,77.3107
68.658249,13,77.319975
95.823044,13,77.329268
16.493607,11,77.337229
416.392761,20,77.351175
82.080811,12,77.359743
103.444778,12,77.368354
492.340591,23,77.384254
66.260117,13,77.393528
120.151871,13,84.068659
347.907181,20,84.08265
88.366211,13,84.091947
103.437897,12,84.100505
482.27562,21,84.115035
111.264175,12,84.123647
16.105743,12,84.132638
467.729034,22,84.148252
95.575577,11,84.156399
116.827667,13,84.165929
59.367264,11,87.781025
372.168686,18,87.793677
49.418884,11,87.801707
358.698074,18,87.814331
111.654999,13,87.823597
416.669281,19,87.836837
402.630341,18,87.849412
80.423187,11,87.857358
45.440323,11,87.865342
96.500381,12,87.873862
5,12,3.491738
-100.457382,20,3.508625
-109.833252,12,3.519053
-115.951263,13,3.530303
-108.625214,28,3.553633
-89.749588,21,3.571431
-90.054077,20,3.588424
-114.794067,45,5.985594
-89.880768,20,6.002846
131.080002,135,6.113803
-43.719437,20,6.131017
-72.471802,40,6.164585
-49.619339,12,6.175076
-115.972519,13,6.186417
-54.508392,20,6.203369
-66.501175,28,6.226817
-16.235199,44,6.263122
-92.754715,34,6.291337
-107.772095,20,6.308218
-113.149536,49,6.348546
-115.975647,13,6.359753
-112.017441,71,6.418099
-115.994324,22,6.436697
-81.619446,20,6.453632
-91.825897,28,6.477026
-109.847412,12,6.487435
-50.882965,37,6.51823
-98.546875,22,6.537092
-77.359772,20,6.554164
-1.85289,49,6.594593
-109.270157,14,6.606786
2.325317,28,6.630426
-115.559174,20,6.647466
-115.836319,12,6.657944
-108.280197,13,6.669244
-114.459091,28,6.692791
-97.234192,21,6.710541
-60.92453,18,6.726056
-63.009872,36,6.893826
-47.322433,21,6.911868
-115.997849,19,6.928066
-99.139145,29,6.952413
-75.370361,11,6.962165
-115.992233,13,6.973448
-105.040039,20,6.990483
-93.807816,30,7.01577
-115.997849,13,7.027163
-87.000397,27,7.049978
-96.020523,28,7.073555
-115.997162,27,7.09648
163.253723,151,7.219881
-106.396408,28,7.243598
-92.268585,11,7.253327
-96.130997,26,7.275214
-84.279419,49,7.315989
-78.099548,12,7.326467
-66.493591,12,7.336995
-94.326218,20,7.353947
-75.173172,21,7.371801
-115.989609,30,7.397087
-84.849823,20,7.41408
-115.996445,13,7.425366
0.282104,20,7.442398
-61.559067,87,7.513829
-113.643127,21,7.531855
-102.131363,13,7.543389
-91.547989,19,7.559587
11.859787,27,7.582407
-115.978348,28,7.605935
-81.430328,11,7.615608
-68.714005,29,7.639952
-88.259644,29,7.664288
-98.072159,12,7.674795
-115.956299,20,7.691746
133.705612,45,7.729061
-64.111496,34,7.757454
-69.814072,28,7.781049
-73.748611,11,7.790781
-90.57634,13,7.802112
-115.994324,19,7.818171
-105.754272,13,7.829435
-76.321243,20,7.846631
-78.319855,27,7.86936
-103.381622,20,7.88639
-7.790466,13,7.897685
-64.75531,12,7.908172
-62.414627,29,7.932587
-115.989609,29,7.956933
-97.461166,19,7.973091
-91.479202,37,8.00397
-102.061279,25,8.024973
-108.17392,4,8.028925
-105.913223,13,8.040259
-83.118347,38,8.071857
-37.127441,49,8.112707
-50.122406,40,8.14603
-32.545212,40,8.179655
-98.438553,19,8.195911
-61.565445,56,8.242507
-106.457733,37,8.273389
-115.991852,20,8.290431
-29.540939,19,8.306636
-65.702835,38,8.338327
-109.690704,12,8.348768
-2.649826,43,8.384422
-105.353882,30,8.409607
-95.244614,12,8.420097
84.151733,78,8.484193
-115.84465,20,8.501242
7.430649,29,8.525787
-65.152481,20,8.542805
-107.007019,29,8.567208
-55.616119,29,8.591552
-103.140121,11,8.601259
-110.985031,47,8.640212
-102.142548,19,8.656402
-113.714951,21,8.674379
-46.182648,38,8.706011
-108.339035,22,8.724606
-66.484497,28,8.748193
-99.413925,29,8.772592
-42.216919,57,8.819662
-90.96579,19,8.835863
-110.282776,20,8.85284
-6.659958,20,8.869799
-115.978256,26,8.891548
-53.509811,33,8.919323
-88.660156,19,8.935582
-108.530701,20,8.952562
-96.22049,12,8.963088
-40.08197,37,8.99386
-33.2453,26,9.015843
-111.618225,21,9.033875
-101.436172,21,9.052066
-89.643204,21,9.069942
-29.890137,43,9.105731
-115.986526,13,9.117026
-115.217758,30,9.142155
-115.999283,27,9.164969
-100.941528,11,9.175044
-80.250626,29,9.19958
6.30426,25,9.220847
-88.892654,21,9.238698
-54.00827,26,9.260569
-40.867844,36,9.290665
-111.627838,11,9.300359
-115.917969,21,9.318186
-111.625977,13,9.329489
-71.973068,22,9.348224
-76.809814,37,9.379174
-112.472076,13,9.390565
-115.977509,29,9.414936
-85.015594,28,9.438667
63.102646,35,9.46798
-79.826569,28,9.491631
-83.040237,46,9.529966
-64.373428,13,9.541311
-92.317932,19,9.557496
-64.77066,18,11.769682
-55.705765,20,11.787243
-90.817993,21,11.805591
-66.108017,254,12.012278
-115.975769,19,12.02866
-21.475937,38,12.060619
-92.144714,13,12.071936
-88.98732,28,12.095458
-89.224411,12,12.10602
-105.251144,29,12.130558
-81.05629,21,12.148507
-85.914658,13,12.159863
-100.745407,34,12.188384
-115.990005,30,12.213557
-114.324692,29,12.238045
-115.999359,19,12.254305
-114.510864,26,12.276262
-115.986526,46,12.314384
-112.671997,42,12.349457
-35.471725,19,12.365753
-65.161011,21,12.383645
-104.583237,28,12.407283
-111.264267,22,12.426068
-115.997238,13,12.437371
-105.393921,21,12.455261
-83.125198,12,12.465757
18.833496,49,12.506443
-52.326736,29,12.530762
-115.976318,29,12.555272
-39.428314,21,12.573302
-90.073364,27,12.596041
-114.84462,21,12.613887
-37.779434,21,12.631843
-64.353897,30,12.657076
-96.234161,36,12.68728
-112.383163,29,12.71169
-114.692368,12,12.722218
-107.473724,28,12.745896
-100.660126,21,12.76378
-75.284821,19,12.780036
-103.680313,20,12.797062
-95.679626,20,12.814186
-115.885986,14,12.826437
-28.933838,27,12.849397
-56.859116,40,12.882859
-75.226318,11,12.892558
-71.676575,28,12.916308
-69.176865,11,12.926022
-80.631226,12,12.936573
-106.506012,21,12.954462
-99.542847,30,12.979832
-105.792404,11,12.98958
-115.750244,28,13.013147
-72.839661,37,13.044142
-71.979843,49,13.085117
-115.997849,12,13.09572
-115.975784,21,13.113737
-115.989609,36,13.143903
-68.835388,21,13.161886
-110.227081,22,13.180703
-115.992508,20,13.19785
-112.186356,18,13.2133
-108.345901,34,13.241967
-114.043182,11,13.251695
-104.658722,29,13.276258
-52.229462,26,13.410555
-115.991592,21,13.428536
-96.625992,38,13.46034
-115.933823,20,13.477458
-28.738464,87,13.54944
256.784973,180,13.69526
-94.218338,21,13.713048
-62.259521,20,13.730041
-95.354202,20,13.746939
-115.977539,19,13.763052
-115.997131,20,13.780075
-100.543747,12,13.790519
-115.928925,35,13.820171
-99.221542,13,13.831476
19.684097,48,13.871569
181.680984,79,13.936608
-73.317123,13,13.947951
-67.167572,12,13.958481
-47.426743,20,13.975408
-115.987122,12,13.985832
-99.526398,20,14.002996
-105.975952,29,14.02765
-102.24324,20,14.044802
-105.168915,5,14.049627
-29.770905,37,14.08078
-42.778473,35,14.11042
-96.734726,20,14.127653
-75.942261,20,14.144785
-72.377319,26,14.16706
-115.792542,28,14.191021
-99.134537,20,14.208308
-115.979523,20,14.225603
-112.684723,27,14.248661
-111.62851,13,14.26014
-84.030945,18,14.275687
-78.924118,13,14.287156
-113.726654,27,14.310222
-30.579666,57,14.358256
-18.167496,21,14.376392
-66.875,27,14.399519
-94.989487,19,14.415995
-35.196701,21,14.434262
-65.461777,21,14.452337
-90.432587,13,14.4638
-73.164703,28,14.487728
-98.888275,25,14.509038
-67.743637,20,14.526279
-74.837006,13,14.537718
-107.146683,13,14.54919
-94.662659,20,14.566445
-19.970657,49,14.607708
-105.698975,12,14.618411
-95.359451,46,14.657078
24.662247,28,14.680983
-115.997238,11,14.690808
34.689514,42,14.726427
-115.981918,21,14.744519
-95.436523,11,14.754284
-4.458359,57,14.802132
-86.247711,13,14.813681
-115.975586,12,14.824366
-98.662094,28,14.848248
-34.422089,49,14.889696
-74.960541,21,14.907863
-115.997559,22,14.926822
-62.237091,20,14.944104
-104.508072,20,14.961409
-13.94249,29,14.986225
-106.705841,31,15.012722
-60.304382,86,15.084748
-66.32016,55,15.131073
-47.116104,21,15.14921
-99.054916,13,15.160639
-23.337112,366,17.623316
-71.780701,12,17.63396
-67.963821,20,17.650972
-84.999146,13,17.662168
-20.09465,58,17.709879
-21.535324,13,17.721107
-96.050308,30,17.746247
-97.370529,19,17.762521
-13.218491,21,17.780452
3.254639,20,17.797485
-18.157959,13,17.808907
-53.272095,19,17.825168
-83.509216,19,17.841424
-38.756134,36,17.872446
-114.744308,12,17.88361
-61.967072,20,17.900712
2.934799,25,17.922615
-100.725983,19,17.938846
-102.642838,21,17.956819
-115.40274,21,17.974812
-57.371536,29,17.999669
-111.522385,30,18.025612
-111.799255,12,18.036158
60.359222,63,18.088129
-84.798538,12,18.098726
-75.531143,19,18.114976
-44.094666,21,18.132851
-59.882141,20,18.150205
-103.608124,22,18.168911
-43.737671,21,18.186654
-106.705887,19,18.202831
-112.971725,20,18.219809
-29.985764,18,18.235159
-107.087189,18,18.250493
-62.154831,12,18.260962
-83.350754,19,18.277074
-70.889725,13,18.288306
-1.456116,18,18.303569
-85.370636,13,18.31499
-82.78595,20,18.332048
28.310822,20,18.349024
-18.13855,26,18.371005
35.379974,44,18.407709
-26.822525,27,18.430443
23.268814,21,18.448699
-115.465439,30,18.47388
-112.625137,21,18.491766
-111.138092,29,18.516029
-115.97702,13,18.527324
-64.688583,11,18.536934
-94.479904,29,18.561169
-115.784912,34,18.589545
-63.746078,30,18.614538
-9.310394,19,18.630713
-102.619064,20,18.647696
-73.90506,12,18.658089
-92.261093,20,18.675086
-99.567307,12,18.68561
-74.851547,13,18.696881
-68.305283,20,18.713855
-102.475571,13,18.725089
-88.951981,12,18.735502
-108.223755,21,18.75333
-84.340164,13,18.764602
-78.626968,13,18.775823
-115.683075,21,18.79358
-10.485474,20,18.810539
-66.142746,28,18.834065
-56.155945,13,18.845446
-22.788269,20,18.862446
-29.79599,27,18.885186
-75.641769,28,18.908768
-71.043228,22,18.927683
-100.55455,28,18.951149
-38.028976,20,18.96808
-90.945587,27,18.990727
-84.827972,29,19.015054
-115.989609,11,19.024744
36.191284,46,19.063052
-9.487717,20,19.080148
-113.826523,21,19.098123
-44.903152,13,19.109467
-51.211716,13,19.120834
-104.832947,28,19.14441
-21.714645,13,19.155801
21.124847,37,19.187012
-90.334747,12,19.197568
-31.618088,20,19.214546
-69.59819,12,19.22503
-65.36496,21,19.242845
-46.954926,43,19.278552
-85.176666,26,19.300537
-15.046783,36,19.330568
-87.132507,49,19.37119
-47.786575,13,19.382455
-49.937836,20,19.399424
-77.854538,20,19.416445
0.387619,21,19.434259
-68.945267,33,19.461885
-53.032837,36,19.491887
-105.315094,27,19.514924
-99.628769,21,19.532705
-84.274872,28,19.556484
-115.461624,21,19.576257
-58.302673,13,19.587477
-79.286896,13,19.598655
104.702881,58,19.646324
-115.99501,30,19.671405
-115.984497,33,19.698972
-51.472702,19,19.715114
-70.733948,20,19.732007
-100.992203,13,19.743264
-115.709106,22,19.761768
-56.24173,28,19.78521
-112.193939,12,19.904999
-35.98941,19,19.921355
-36.351791,29,19.945682
-19.521698,13,19.957008
-77.790527,12,19.96748
-82.156281,37,19.998217
-80.34642,20,20.01562
-89.259109,13,20.028666
-67.138123,13,20.040111
-50.832825,21,20.057961
-83.030823,11,20.0676
-79.814499,20,20.084653
-57.947464,21,20.102518
-25.603882,63,20.155346
-42.171982,13,20.166652
-57.750565,19,20.182906
-101.210785,29,20.207261
-52.327805,30,20.232364
-1.146957,13,20.243655
-30.810547,21,20.261403
-38.99559,56,20.30756
-27.55484,19,20.323687
-76.014618,21,20.34138
-115.976151,20,20.358251
-89.564789,13,20.369543
-107.879974,12,20.379972
-71.157166,21,20.39762
-56.024368,13,20.408834
-91.538116,13,20.420072
-98.719391,19,20.436182
-48.50621,20,20.453076
-84.548386,21,20.470841
-84.486771,12,20.481283
-102.204575,20,20.498285
-107.444656,11,20.507919
-73.709549,33,20.5354
-90.704819,20,20.552407
-69.384995,20,20.569347
-115.970016,28,20.592663
-94.370132,20,20.609556
-98.344391,13,20.62079
-111.466568,20,20.637662
-47.963959,20,20.654562
-93.316879,28,20.67793
106.862076,87,20.748491
-115.983246,45,20.785683
-107.106537,64,20.838094
-47.442032,27,20.860704
-98.982758,20,20.877568
-75.19397,12,20.887975
-24.684555,20,20.904938
-8.908005,55,20.950236
-88.140396,21,20.967995
-103.582001,21,20.985752
-46.386612,41,21.019624
-106.639694,28,21.0431
3.791748,79,23.282138
2.748047,19,23.298472
-97.665421,20,23.315417
32.872299,56,23.361633
-18.833817,38,23.393268
-20.173706,21,23.411117
-73.771713,28,23.434652
-74.399048,22,23.453309
-104.509094,18,23.468745
-10.71199,29,23.493115
-55.309082,20,23.510128
141.928619,42,23.544872
-39.391281,34,23.573354
-9.222321,30,23.598581
-35.203735,22,23.617198
14.054153,56,23.663571
34.313675,21,23.681425
-90.685165,12,23.691984
-93.341446,21,23.709763
-75.296707,12,23.720183
-68.567383,19,23.736325
-22.902588,20,23.7533
-50.813324,65,23.807049
-87.275375,21,23.824864
-70.308212,13,23.836095
65.727768,29,23.860337
-51.712769,21,23.878172
-31.028183,19,23.894303
-43.011719,37,23.92527
-56.885803,41,23.959691
6.391861,19,23.976002
-80.805191,11,23.985757
-46.02655,12,23.996275
-92.798004,11,24.005885
61.599106,18,24.021229
-84.045456,27,24.0439
-91.678589,12,24.054395
-87.267929,10,24.063311
-73.718353,20,24.080342
-101.965668,21,24.098152
298.352493,92,24.173671
-97.655365,29,24.198078
-64.275269,30,24.223217
26.239777,13,24.23452
-115.659302,21,24.25242
-78.834549,13,24.263786
-91.928619,13,24.277539
-9.624939,18,24.29301
-112.205627,12,24.303506
-44.177948,19,24.319898
236.745987,57,24.367525
-111.607391,20,24.384574
-64.235626,12,24.395028
-62.325531,28,24.418474
-49.888412,20,24.43551
-101.534821,10,24.444385
-93.622238,30,24.469309
-59.089706,13,24.480636
-56.368973,20,24.497569
-72.871811,13,24.508866
-85.337479,20,24.525856
-97.018845,12,24.536329
-64.490524,21,24.5541
18.589844,21,24.571898
-104.109543,26,24.593784
-27.444412,21,24.611673
44.396011,27,24.634272
-14.077316,27,24.656897
2.234818,20,24.673929
-112.820984,22,24.692309
-69.474197,21,24.710049
-9.168533,13,24.721358
-75.172623,36,24.751513
42.64827,29,24.775808
12.02916,13,24.787088
-93.250015,29,24.811469
71.11879,26,24.833369
-18.606094,19,24.850327
-103.5289,26,24.87197
-48.490723,20,24.888821
-90.700134,21,24.906488
-95.841583,13,24.917679
-97.56456,13,24.928824
11.974472,20,24.947796
-43.119797,22,24.966504
-97.105759,13,24.977837
-115.898254,12,24.988327
-41.936661,27,25.011105
-64.281723,12,25.021569
-40.276886,27,25.044299
43.543747,86,25.115287
-33.730408,34,25.144025
-39.989624,13,25.155213
7.734573,20,25.172176
-115.997162,12,25.182681
-67.350311,29,25.207036
-76.804382,26,25.228849
-75.244522,12,25.239334
-112.794144,28,25.262774
-58.145782,21,25.280581
11.685699,28,25.30405
-27.977951,19,25.320191
-48.28772,21,25.337987
-49.944046,21,25.355717
-54.462082,21,25.373484
-115.963745,20,25.390436
-108.466492,19,25.406703
-90.10701,19,25.422863
-28.450333,19,25.438997
-48.223938,11,25.448586
-45.541901,21,25.466431
59.8564,33,25.493952
-103.891739,13,25.505226
-112.630234,21,25.523034
20.747803,21,25.54078
-115.995026,30,25.565908
-25.723587,27,25.588491
17.292053,20,25.605459
-77.315933,18,25.620653
-84.450485,18,25.636025
-93.601028,18,25.651356
-74.706711,21,25.669141
-7.039474,37,25.699901
-105.339767,12,25.710336
-13.605362,21,25.728749
-5.104828,21,25.746823
-43.022095,11,25.756746
39.328949,64,25.809435
-17.981384,26,25.831367
50.213776,64,25.883997
28.180099,28,25.907453
-115.516083,19,25.923605
-105.181458,20,25.940553
-69.659882,12,25.950989
-31.904099,29,25.975355
-100.44751,10,25.984158
-20.059586,12,25.994653
-82.444839,20,26.011602
13.899002,28,26.035099
-68.481491,21,26.052933
-40.638611,28,26.076493
52.429199,35,26.105651
-91.31424,11,26.115329
-102.679031,12,26.125706
-113.750702,12,26.136137
-19.669678,29,26.160447
-87.569458,20,26.177435
-11.082855,19,26.193625
-67.637497,20,26.210619
-105.161118,27,26.233327
12.83194,19,26.249929
-68.726868,18,26.265456
-10.370148,21,26.283581
-69.875229,12,26.294045
-96.73642,20,26.461818
258.282867,60,26.518959
-103.257904,18,26.534259
-54.671234,21,26.551992
66.946518,42,26.586719
-115.976639,12,26.597127
-93.549484,19,26.613199
-47.962509,20,26.630146
194.999069,56,26.676034
-41.963562,20,26.693081
-59.437592,27,26.715709
-44.047058,34,26.744039
-51.423218,19,26.76014
1.203568,20,26.777042
-58.959778,28,26.800503
-49.268311,21,26.818238
-46.082657,26,26.840296
-34.89151,28,29.220184
-62.918747,18,29.236051
-34.955078,19,29.253691
149.347885,49,29.295933
-16.363693,19,29.312198
-45.361206,20,29.32926
12.458557,46,29.367436
-31.155167,28,29.390946
67.790253,50,29.432194
-67.623764,21,29.450042
62.473557,26,29.471852
-30.512756,12,29.482406
-82.265442,12,29.492875
-79.301376,12,29.503254
119.528641,18,29.51855
-87.360229,12,29.528959
-103.607132,12,29.539403
46.053604,29,29.563708
-50.323013,26,29.585643
-56.556122,19,29.601838
-102.950027,20,29.618831
-38.302368,30,29.643887
-54.031769,20,29.660911
-30.340271,19,29.677061
-52.250671,21,29.694905
9.682968,26,29.716742
-20.164124,28,29.74028
-84.192429,12,29.750735
-47.887619,27,29.773413
-31.108536,20,29.790379
-66.998016,27,29.813082
-99.944458,13,29.824324
-92.282364,11,29.833989
-67.894623,22,29.85258
-5.907211,30,29.877687
-91.014191,11,29.887385
11.083191,21,29.90521
-40.283432,29,29.929647
-26.043137,12,29.940214
-20.835556,22,29.958846
-47.904892,11,29.968483
-86.003555,20,29.985442
42.467087,21,30.003528
-88.72583,12,30.014061
11.263229,20,30.030989
-1.745819,20,30.048017
55.239212,28,30.071431
-51.83989,12,30.081859
-76.221191,21,30.09959
-15.186096,20,30.116631
-92.949921,20,30.133601
33.373199,19,30.149778
-36.411331,12,30.160319
0.465652,20,30.17727
-96.901962,19,30.193449
-69.597305,19,30.209608
-106.013885,20,30.22661
171.873779,54,30.271233
-10.185638,27,30.293942
-23.719315,12,30.304425
-79.179871,20,30.321423
-43.956818,22,30.340001
-3.087006,13,30.351297
-46.921722,20,30.368298
14.67952,28,30.391809
-13.055908,34,30.420272
-66.726089,19,30.436445
-43.977615,13,30.447685
-99.910492,20,30.464612
-85.761749,20,30.481687
-66.936707,18,30.497146
4.599442,22,30.515771
-13.24173,20,30.532717
129.221954,34,30.561012
-0.372238,21,30.578852
-77.605453,21,30.596552
-105.298157,12,30.606992
-77.308884,11,30.616652
-92.435989,11,30.626287
-35.767761,19,30.642455
-17.528931,28,30.665953
-53.688156,13,30.677239
-61.536774,18,30.692616
79.472443,35,30.721795
28.685638,28,30.745325
-32.324432,11,30.754954
-96.776688,13,30.766249
-63.371307,20,30.783231
-67.31279,19,30.799441
-27.802017,12,30.809851
2.1539,25,30.830995
-109.875381,13,30.842255
-16.759537,29,30.866523
-114.900589,21,30.884295
19.751648,20,30.90125
50.365143,22,30.919761
52.497726,29,30.94403
-93.220871,11,30.953724
-71.043564,13,30.965016
140.439117,41,30.998965
9.814301,19,31.015125
-38.251022,20,31.032234
-60.56456,18,31.047612
-41.922531,12,31.058112
-64.999725,13,31.069438
37.487915,19,31.085611
-28.891571,21,31.103388
-47.053879,12,31.11385
-26.614197,27,31.136534
-88.736847,11,31.146244
-114.187469,12,31.156693
-45.993454,18,31.172008
84.324524,19,31.188138
-63.657394,11,31.197794
-83.73526,13,31.209011
-14.224106,22,31.227684
-115.997131,5,31.232463
53.42775,30,31.25757
30.444077,26,31.279484
-91.93364,13,31.290842
-84.844437,20,31.30786
-68.916489,21,31.325688
51.357193,21,31.343522
-7.981171,21,31.361308
-49.364899,13,31.372554
22.420624,57,31.4195
-39.080261,13,31.430877
-40.155731,12,31.441394
-115.975784,12,31.451867
-41.878784,12,31.462305
49.034256,28,31.485683
-4.162628,21,31.503577
-34.501099,20,31.520599
-0.574036,13,31.531888
-74.374161,12,31.54231
66.725281,20,31.559219
-37.05101,20,31.576204
76.104385,29,31.600548
-54.263016,21,31.618254
-99.210968,20,31.635272
15.423019,21,31.653158
5.353394,21,31.671031
-8.114883,12,31.681522
-77.167374,31,31.707489
97.027664,30,31.732583
-44.268631,20,31.74958
-60.039856,13,31.760858
19.502441,19,31.776991
-54.881439,12,31.787889
-60.008347,21,31.810021
93.670685,34,31.844148
-85.293747,20,31.861312
-75.750305,21,31.879181
-27.821075,18,31.894548
-29.68663,21,31.912299
-1.691742,20,31.931617
42.449188,49,31.98298
-114.100204,20,32.000711
-83.400146,11,32.010573
166.973801,49,32.051148
14.250702,19,32.067366
-13.115417,20,32.084364
4.455795,21,32.10208
15.21315,20,32.119487
-63.010162,20,32.13668
-67.936279,11,32.146496
-44.483078,19,32.162918
-98.491806,20,32.180543
-81.307144,11,32.190395
-64.801315,36,32.220341
-22.749237,18,32.235693
93.407516,55,32.28129
10.713242,38,32.316618
-5.238403,12,32.327045
22.454712,20,32.344245
96.953201,20,32.361167
-46.546692,13,32.372408
-40.104462,19,32.388444
-9.811325,37,32.420721
-17.404099,20,32.437621
-72.24678,12,32.447991
-49.407791,13,32.459218
104.18129,28,32.482464
44.70311,27,32.505115
-20.062851,30,32.530194
-4.757858,20,32.547111
88.4646,43,32.584213
-69.307159,26,32.606043
-91.262115,19,32.622317
-24.467026,22,32.641049
135.743607,41,32.675139
108.562668,30,32.700264
-80.564957,11,32.709969
-0.950226,11,32.719674
-87.801147,18,34.811908
-35.918655,12,34.822566
-13.362793,21,34.840349
0.243912,21,34.858251
-56.259338,21,34.876002
116.958786,64,34.930225
-38.27536,13,34.941703
-46.006393,37,34.972549
200.218552,49,35.012995
-115.895416,13,35.024379
-4.701263,19,35.040634
-17.08165,19,35.056793
13.510452,20,35.073876
-35.075974,20,35.090953
-81.536331,13,35.102231
-105.249374,13,35.113504
-50.382355,20,35.130519
68.329315,21,35.148276
-57.424286,18,35.288888
-8.54097,13,35.300349
-112.079834,12,35.310874
-72.039001,12,35.321357
-114.451263,20,35.338286
10.432617,30,35.36342
-25.832443,12,35.373931
-82.807877,13,35.385229
5.945099,21,35.403058
-43.334442,20,35.419947
-11.95401,13,35.431507
-68.883224,11,35.441181
-71.890762,21,35.458954
42.115784,27,35.481774
32.71286,20,35.498836
-113.741882,20,35.515908
-98.845779,12,35.526445
-53.90535,19,35.542583
-62.014252,28,35.566045
-72.464828,12,35.576583
-71.028961,12,35.587035
-67.530045,19,35.603253
1.183975,18,35.618604
-7.296646,28,35.642132
55.293259,19,35.658337
-18.035034,13,35.669766
72.129959,22,35.688395
-115.874084,13,35.699654
-0.742249,11,35.709302
72.115356,21,35.727247
-113.379333,18,35.742706
-45.440872,11,35.752414
-44.302643,12,35.762846
-10.119904,19,35.779031
-38.156677,11,35.78864
15.503983,20,35.805639
125.555099,20,35.822544
-115.8573,12,35.833154
-42.543594,13,35.844465
487.360672,44,35.881033
-64.205643,13,35.892372
-27.351059,30,35.917628
24.825592,28,35.941411
-66.620163,21,35.959248
30.794693,20,35.976285
-80.113785,12,35.987189
22.790863,11,35.996794
93.681702,19,36.012775
-23.831421,19,36.028821
-76.820938,12,36.039176
96.389725,41,36.072737
35.58429,21,36.090386
-17.900589,21,36.108048
-8.276932,21,36.125627
-75.957764,26,36.147359
14.196228,22,36.165761
-5.990692,27,36.192124
242.336105,33,36.219269
-58.937363,27,36.242903
-30.364883,20,36.261118
101.504929,21,36.27879
-79.547394,11,36.288403
32.516022,28,36.312591
-42.659653,19,36.328719
9.952209,22,36.347317
125.138458,20,36.364284
-72.824188,13,36.375552
16.315155,20,36.392518
14.830978,21,36.410465
-67.079208,19,36.426698
44.021042,19,36.442918
-84.864822,21,36.460758
-40.911026,20,36.477967
-94.267563,12,36.488539
-68.890976,19,36.504991
-52.326691,12,36.515566
-18.052155,19,36.532036
11.915863,20,36.549362
-50.680206,19,36.565884
-48.792816,12,36.576511
-55.990814,13,36.587887
-49.726685,22,36.606812
47.387527,19,36.623251
78.75293,21,36.641261
-75.60228,26,36.663888
-73.507126,20,36.68469
52.363831,26,36.711344
-82.504074,29,36.735745
-92.266495,28,36.759392
2.29097,21,36.77732
-72.000183,19,36.793613
-115.916992,13,36.805017
-97.535965,13,36.816281
-31.194809,19,36.832517
-42.820633,28,36.85602
-24.317307,18,36.871417
25.698868,41,36.906084
-47.257751,26,36.92826
-105.979935,13,36.939757
-9.303833,19,36.956238
-12.876953,20,36.973452
-7.776749,48,37.01397
36.018723,20,37.031278
-70.435349,20,37.048564
64.61879,34,37.07737
74.133194,21,37.095758
200.614655,54,37.141563
3.339523,20,37.158592
-13.894302,20,37.17557
-58.862228,19,37.191755
13.07814,19,37.207889
10.475357,13,37.219166
-10.914032,19,37.235295
-79.738281,12,37.245798
-36.764542,12,37.256265
38.855682,30,37.281381
-17.023209,12,37.291843
-96.534821,13,37.303133
-48.320221,21,37.32086
-56.415817,20,37.337828
-63.14267,20,37.354715
-88.512207,29,37.379001
38.995743,20,37.396231
-103.253143,21,37.414145
-73.433823,12,37.424634
-13.621826,11,37.434304
-0.381989,21,37.452266
-79.464996,13,37.464282
-115.516205,19,37.480493
86.013016,28,37.504142
-15.49472,20,37.522933
4.294434,13,37.535841
58.753143,20,37.553106
-86.124924,10,37.561973
-12.412857,12,37.572514
-41.231628,12,37.583058
-67.680206,12,37.593615
21.685638,29,37.618085
34.051712,20,37.635281
-22.001678,29,37.659776
-23.622086,20,37.676901
259.037109,41,37.711196
7.054337,28,37.735005
1.720428,21,37.753026
35.746078,19,37.769291
-63.057068,13,37.781017
-59.477142,20,37.798193
13.067093,19,37.814375
-110.653641,11,37.823998
327.240295,57,37.871205
191.58107,35,37.900148
-100.336533,11,37.909814
22.912918,11,37.919398
-5.721909,22,37.937953
22.115616,20,37.954919
-30.770508,13,37.966132
184.851852,20,37.982982
-115.980621,28,38.007622
-101.328751,11,38.020424
12.879486,20,38.037417
-89.475372,12,38.047834
-46.444031,13,38.059061
290.019897,57,38.105773
-54.103943,21,38.123653
35.628967,18,38.138944
-43.232834,18,38.154316
-19.84848,21,38.172062
71.051178,19,38.188221
-40.008224,13,38.199498
10.937393,18,38.214888
-55.872925,20,38.231934
-4.324112,12,38.24248
-67.518723,12,38.253027
-34.531128,12,38.26355
30.529221,26,38.285433
-80.563309,12,38.295903
-48.400711,19,38.312052
19.401443,28,38.335624
-14.541397,13,38.346924
-29.343155,28,38.374726
-78.684631,18,38.395945
79.506226,20,38.41507
30.047226,26,38.436875
-66.918396,20,40.699716
-13.249222,12,40.710635
60.836288,20,40.727935
-2.375153,27,40.750813
-17.916718,26,40.77283
-63.858978,11,40.782614
64.237671,20,40.79968
-38.348907,13,40.811044
-30.704483,13,40.822351
-15.006058,22,40.840968
135.245392,29,40.865375
-45.17392,20,40.88245
7.725174,21,40.900385
-51.938828,13,40.911784
90.289856,21,40.929521
298.050217,54,40.974681
74.101074,13,40.986048
-10.0952,19,41.002323
32.574936,18,41.017864
-26.762207,11,41.027568
18.08223,13,41.038861
164.307755,21,41.056746
10.706802,19,41.072999
-32.4422,12,41.083567
44.333054,19,41.099792
134.830063,20,41.116779
289.314926,25,41.137772
128.754623,19,41.153903
3.389664,13,41.165234
-60.603577,13,41.176541
-56.166092,27,41.199347
-57.835724,13,41.210705
27.160446,19,41.226861
60.718079,18,41.242214
-65.943085,12,41.252862
-54.696075,21,41.270708
19.113388,20,41.287826
258.707138,34,41.316157
-29.027084,19,41.332456
-61.884323,13,41.343799
-68.872101,18,41.359223
65.756927,21,41.377063
101.381531,29,41.401545
65.560898,22,41.42018
11.749741,18,41.43565
61.214874,21,41.453542
92.179306,21,41.471226
-47.543533,20,41.48832
-35.681335,25,41.509525
-25.829391,29,41.534113
55.840683,20,41.551301
-26.627182,11,41.561146
64.249908,20,41.578219
80.704086,21,41.596045
14.770248,26,41.618167
-13.810333,12,41.628632
-25.805832,12,41.639163
-3.502457,21,41.657105
76.705002,28,41.680708
-15.29808,13,41.692072
-69.251999,12,41.702554
294.409775,53,41.746813
32.07695,19,41.763162
-0.790039,18,41.778612
90.839813,22,41.798065
42.413345,20,41.815365
-62.245972,19,41.831744
255.663315,37,41.96999
-92.869675,13,41.981446
-87.028275,21,41.999335
-38.646515,13,42.01062
13.803421,12,42.021096
259.782562,47,42.060295
-103.255127,5,42.065106
-42.474686,19,42.081347
-27.503281,13,42.092674
9.939514,21,42.110543
-36.600006,20,42.127584
121.384293,21,42.145893
-73.625076,12,42.156386
-37.491837,12,42.166895
-93.074203,12,42.177382
-30.37854,20,42.194513
-3.964905,13,42.205858
-4.439621,12,42.216344
-30.358887,13,42.227686
81.241653,19,42.243838
75.098038,20,42.261086
-12.367569,21,42.279032
-42.510925,20,42.296128
18.116486,21,42.313977
88.8871,19,42.330167
-72.096756,13,42.341529
116.310471,20,42.358505
86.532898,26,42.380458
-11.145538,13,42.391778
-21.488861,22,42.410406
107.682571,21,42.42817
107.997543,18,42.443521
-15.567581,13,42.454808
10.759949,20,42.471849
81.388519,18,42.487223
57.08049,20,42.504225
193.104858,28,42.527682
-69.244217,21,42.545577
-46.272736,13,42.556844
-23.743713,20,42.573825
-7.292404,13,42.58514
-80.166168,19,42.601279
-69.237671,12,42.611801
25.368942,26,42.633677
50.136444,19,42.649791
9.575211,12,42.660226
76.927017,29,42.684419
74.868027,20,42.701446
148.820297,20,42.718512
58.559418,19,42.734677
41.400894,19,42.750826
-67.35376,12,42.761244
-24.542892,20,42.77829
10.317276,20,42.795289
-65.65918,11,42.804983
-2.098679,13,42.816293
-114.126205,5,42.821046
208.927628,48,42.881444
-31.084579,19,42.916914
65.050323,21,42.934866
-58.099167,13,42.946162
-36.063995,11,42.956375
-66.444778,18,42.975178
32.888931,21,42.993014
-54.868103,13,43.004901
23.033188,20,43.022025
12.555679,20,43.039039
-23.593124,12,43.049509
-83.345703,11,43.059162
10.126724,13,43.070467
1.844757,20,43.087595
-28.240997,13,43.098942
-34.332504,13,43.110236
107.669632,28,43.133661
-39.800339,12,43.144159
-1.428162,19,43.160441
-102.470306,12,43.170987
111.144226,26,43.192873
-19.749207,21,43.21076
28.052505,18,43.226136
88.783691,20,43.243054
66.12941,18,43.258916
39.748306,20,43.276055
-7.805908,13,43.287349
-11.394379,12,43.297815
-57.041687,21,43.315747
3.383789,20,43.332844
-30.99231,20,43.349907
263.292496,29,43.374554
-50.628006,20,43.392907
-28.720581,18,43.408334
7.358337,20,43.425323
31.759537,20,43.447175
6.660599,12,43.457673
-20.374863,19,43.473788
5.575226,18,43.489043
-19.234406,13,43.500215
-25.630157,11,43.50985
-75.539536,12,43.521218
-18.34758,12,43.532244
-19.531143,11,43.541868
88.042145,19,43.557805
20.890656,20,43.574768
13.982895,11,43.584304
-25.837326,19,43.600371
44.940567,19,43.617071
-6.784775,20,43.634928
3.458145,20,43.651748
-90.288132,11,43.661353
257.336578,26,43.682857
-40.91185,11,43.692438
-38.635666,19,43.708473
12.913574,19,43.724478
-9.126389,20,43.741299
-38.530731,12,43.751596
-14.975601,20,43.768357
97.540619,21,43.786347
71.687149,20,43.803345
33.447479,19,43.819535
17.548996,20,43.836491
-21.18779,19,43.852648
-19.914505,13,43.863914
48.289185,21,43.882016
-98.835846,13,43.893761
86.091232,21,43.91167
127.764252,21,43.929318
-99.97789,21,43.947758
49.994858,19,43.964318
19.719193,26,43.986274
50.73558,21,44.004039
-20.984695,13,44.015777
65.124832,20,44.033141
19.513596,12,44.043543
49.007141,20,44.060427
-68.716827,13,44.071622
4.452148,20,44.088569
21.119919,33,44.116108
48.319473,21,44.13388
0.488205,13,44.145169
-38.812607,18,44.16047
-3.407944,13,44.171694
120.117981,20,44.188584
-51.410538,13,44.199888
-55.102859,21,44.217712
15.681824,18,44.233071
-59.354843,12,44.243553
15.981125,20,44.260536
-63.875778,11,44.270171
43.865585,20,44.287098
43.787964,13,44.298324
241.081726,30,44.323318
-115.882294,12,44.333773
22.226486,20,44.350656
1.698532,20,46.61124
183.986145,22,46.630183
6.6492,20,46.647456
162.501709,20,46.664568
226.548462,26,46.686505
30.054535,20,46.703847
-38.223114,12,46.714567
-1.163818,18,46.730002
54.680557,21,46.747909
63.989548,21,46.765718
-30.711288,21,46.785782
69.596283,18,46.811567
54.044098,21,46.833793
-49.261368,12,46.845111
170.494827,21,46.862977
111.475296,20,46.879969
-75.465103,13,46.891221
142.783936,18,46.906511
49.757126,19,46.922693
11.88237,19,46.938971
119.665421,19,46.955146
53.832596,21,46.972953
221.810242,34,47.001702
20.217697,20,47.020373
117.393234,22,47.039007
-23.713242,11,47.048676
52.777954,20,47.065671
-73.227371,19,47.081827
-43.815598,18,47.097281
283.132339,32,47.124016
11.942032,20,47.141093
153.28476,34,47.175078
-51.631058,19,47.192583
-6.064133,21,47.21027
9.63829,19,47.226314
-64.265732,13,47.237509
-36.101395,13,47.248685
-42.508713,20,47.265582
72.089584,20,47.282391
99.557159,21,47.300021
59.09938,20,47.316844
-56.772675,12,47.327225
183.525162,24,47.347264
22.137802,19,47.363271
192.09404,21,47.3808
-35.504913,11,47.390344
108.121979,18,47.405477
-35.005661,11,47.415031
9.911224,20,47.431838
96.925247,20,47.448615
-32.88266,12,47.458976
373.182037,28,47.482089
-20.957504,13,47.49325
102.688782,19,47.509324
66.193268,27,47.532058
109.501495,19,47.548204
-43.34996,13,47.559488
-40.295425,12,47.569957
58.467438,13,47.581224
129.4991,20,47.598215
152.572601,18,47.613472
60.928162,20,47.630445
-99.912384,12,47.640934
-82.256836,18,47.656325
52.301483,12,47.666734
-25.877182,12,47.677221
-31.039383,12,47.687693
86.109344,20,47.704644
96.223984,18,47.71996
32.522964,20,47.736957
55.346848,33,47.764444
52.603485,20,47.781415
17.123138,13,47.792748
166.175507,22,47.811285
131.379379,19,47.82741
36.015671,19,47.843603
80.165924,19,47.859782
72.493958,21,47.877583
-12.77803,21,47.895473
306.190659,30,47.92048
34.87294,19,47.936663
94.828918,18,47.952033
294.822052,31,47.978477
12.547241,20,47.99565
-0.656158,13,48.006986
4.52861,12,48.017539
-3.382416,19,48.033755
20.239792,12,48.044217
59.941986,22,48.062857
40.001678,19,48.079048
-54.083862,19,48.095273
44.38147,19,48.111456
49.481033,21,48.129344
-31.992035,13,48.140657
-70.861755,13,48.151984
124.061752,19,48.168159
-92.566177,12,48.178639
-55.344467,12,48.189149
-45.216797,12,48.199547
-13.124146,13,48.210856
31.946274,22,48.229431
240.704346,20,48.246342
302.183624,42,48.281616
34.56102,13,48.293085
142.567215,20,48.310135
-31.968506,12,48.320654
82.337097,21,48.338605
-70.615173,12,48.349052
71.26976,19,48.365144
-18.788742,19,48.381326
-56.386566,11,48.391044
-41.167526,19,48.407188
-33.475403,20,48.424173
21.266769,11,48.433789
203.111038,27,48.456352
-58.421066,13,48.46764
-37.106598,11,48.477324
-52.995224,11,48.487
-5.174133,20,48.504033
53.074066,21,48.5219
-35.477402,21,48.649425
79.109497,20,48.666501
-29.169159,19,48.68274
-0.064377,13,48.694017
54.704178,19,48.710174
-33.708771,13,48.721471
85.417053,13,48.732685
-49.923508,20,48.749788
79.07724,22,48.768375
-79.903564,13,48.779708
119.756561,19,48.795715
133.654739,21,48.81354
53.682892,13,48.824811
247.005569,35,48.853991
72.622849,19,48.870177
164.48027,19,48.886295
36.086639,13,48.897521
296.079056,56,48.943689
-91.239212,11,48.953351
-27.541595,11,48.962985
181.050888,20,48.980442
-61.3293,20,48.997507
31.875137,20,49.014544
-46.686035,11,49.024203
-21.403442,26,49.046102
147.693863,20,49.063064
246.666,18,49.078399
-4.444534,19,49.09462
50.169113,18,49.110064
26.651978,20,49.127083
-108.861832,20,49.14412
63.759827,18,49.159532
-86.005371,12,49.170049
36.829269,20,49.187029
36.707291,21,49.204873
-9.920395,13,49.216244
18.598068,20,49.233244
263.599106,28,49.256699
67.724411,20,49.273885
208.365677,25,49.295373
-15.341461,13,49.306726
223.710129,20,49.323557
125.88475,18,49.338719
-5.671799,12,49.349265
6.378815,13,49.360518
16.845139,12,49.370982
141.487686,20,49.38778
18.533463,18,49.403042
94.400482,19,49.419068
-30.80455,13,49.430328
29.596207,21,49.448115
95.571594,20,49.464976
75.342911,18,49.480247
-14.924438,13,49.491515
57.676193,13,49.502684
40.637192,20,49.519648
147.347168,19,49.535688
-37.244476,11,49.545284
86.970413,20,49.562172
14.911148,18,49.577503
-32.53949,20,49.594529
-22.162796,12,49.60497
50.101257,19,49.621102
-102.967682,5,49.625804
113.57756,25,49.646696
56.454803,29,49.670972
22.511841,21,49.688675
-2.766281,19,49.704795
17.262054,21,49.722544
-37.406036,13,49.733805
87.388321,21,49.751541
106.398514,19,49.767676
178.95694,22,49.786088
-46.112106,12,49.796611
106.429367,19,49.812752
-31.355377,11,49.822362
-32.653885,13,49.833573
92.970367,18,49.848849
-45.536652,12,49.859269
-27.413834,13,49.87051
333.014603,36,49.90046
134.39299,20,49.917402
-59.617722,20,49.934343
94.739731,19,49.950688
-14.827133,20,49.968113
72.878403,20,49.985266
388.357956,29,50.009597
-48.087769,11,50.019279
19.012787,12,50.029702
186.032013,34,50.057969
-9.915253,19,50.074213
-27.681473,12,50.084668
259.722076,37,50.115346
-28.355972,19,50.131527
77.314743,19,50.147634
17.977112,21,50.165457
-64.731369,13,50.176769
19.09079,20,50.193775
-23.636047,18,50.209103
9.669373,13,50.220366
-54.275833,12,52.462702
0.923203,12,52.47384
10.359116,12,52.484297
13.626602,12,52.494742
0.709747,13,52.506066
439.187103,38,52.537684
3.787277,13,52.548993
-43.844604,13,52.560265
74.702209,19,52.576392
62.641083,21,52.594464
329.75589,28,52.617958
-11.795364,13,52.629314
49.263306,20,52.646311
68.965607,19,52.662488
61.589951,12,52.672928
55.071655,13,52.684135
230.845901,22,52.702707
64.363846,12,52.713155
163.905792,19,52.729274
130.047989,21,52.747422
135.059113,25,52.769704
-14.936508,19,52.786012
-2.991714,10,52.794868
78.343048,20,52.811761
-9.571777,12,52.822244
104.80098,26,52.844534
130.698563,20,52.861457
298.351456,21,52.879194
49.312561,21,52.896994
128.274338,21,52.914827
-24.150345,13,52.926098
26.37973,13,52.937308
394.050262,25,52.958209
37.986832,13,52.969804
109.324295,20,52.98739
69.535934,21,53.005335
18.28392,21,53.023357
36.53894,21,53.041373
222.425079,21,53.05925
-2.877625,13,53.07062
38.599792,18,53.086138
-44.606216,11,53.095884
76.58989,19,53.112301
86.853149,20,53.129573
73.624115,19,53.14594
50.84201,13,53.157394
20.232712,12,53.167941
73.824615,20,53.18511
24.268234,12,53.195785
-6.121368,13,53.207259
-43.098343,12,53.21786
-11.804779,13,53.229294
423.584427,24,53.249966
140.35611,22,53.268836
97.678085,19,53.285123
401.16217,28,53.30877
48.426605,19,53.325158
113.560165,21,53.343158
21.121414,20,53.360314
117.780121,21,53.378284
319.593613,37,53.409374
-41.174911,13,53.420779
2.156296,11,53.430496
-6.110504,12,53.441029
117.994919,20,53.458059
309.232697,41,53.492395
309.06308,21,53.510351
158.961151,21,53.528248
214.952927,21,53.546111
-41.110458,12,53.556644
-46.703827,12,53.567212
7.304764,11,53.576916
96.861694,18,53.592364
37.906219,12,53.60293
6.06752,12,53.613472
157.153687,19,53.629667
41.09108,18,53.645168
0.487366,13,53.656533
-65.26683,13,53.667933
-2.380951,13,53.6793
-16.278778,12,53.689834
185.348755,21,53.707768
-13.346436,11,53.71751
226.410416,30,53.742889
12.527557,13,53.754269
41.671921,13,53.765619
570.429245,38,53.797498
16.491486,12,53.808095
-14.248993,13,53.819492
-5.509354,12,53.830045
-40.23349,13,53.841476
18.481781,12,53.852071
-4.553497,12,53.86261
10.653748,13,53.873948
103.58934,18,53.889376
81.856247,20,53.906526
43.596786,20,53.923646
-28.043533,13,53.935055
73.316406,21,53.952954
229.608551,23,53.972918
95.633102,19,53.989253
95.893692,21,54.007264
115.568344,20,54.024362
-2.986404,18,54.039936
339.421844,37,54.071116
51.847748,12,54.081676
28.766235,12,54.092262
-0.42627,13,54.103652
282.014175,25,54.12485
73.207916,13,54.136226
152.083511,20,54.153419
68.19046,13,54.164794
134.344055,21,54.182725
-3.306885,20,54.19988
-9.439133,12,54.210509
2.400009,11,54.220243
38.928757,12,54.230775
109.000809,22,54.24944
97.442368,20,54.266483
-17.104721,21,54.284486
-8.205673,12,54.295081
166.883911,20,54.31217
75.203369,13,54.323535
414.754929,25,54.344749
243.220703,37,54.37588
-25.324722,13,54.387324
79.63826,20,54.40451
-6.688843,13,54.41583
99.460739,18,54.431293
67.330978,11,54.440993
-26.391098,12,54.451481
136.182999,33,54.479216
76.783279,18,54.494712
31.244507,12,54.505226
457.499741,42,54.540348
237.775726,23,54.559964
52.50412,22,54.578749
32.296707,21,54.596773
175.904037,20,54.614243
547.417374,36,54.644371
5.826447,12,54.654892
364.179443,29,54.679153
-11.278671,13,54.690463
139.005951,21,54.70854
44.772247,19,54.724744
31.504425,18,54.740158
-9.791153,12,54.750614
292.600891,25,54.771631
221.21759,19,54.787745
109.692474,20,54.804684
19.761734,19,54.820926
290.095734,39,54.855801
124.667206,21,54.873668
-108.197006,5,54.87847
-46.229553,11,54.888156
33.762756,20,54.905255
-17.376541,11,54.914999
46.299881,21,54.932828
-17.579849,11,54.942505
15.518158,21,54.960861
2.419907,11,54.970663
208.328171,21,54.988474
105.906296,19,55.004844
-27.658859,12,55.015406
87.830597,21,55.033373
222.199463,22,55.052167
4.857452,12,55.062794
132.430344,21,55.080798
154.653793,20,55.097977
-12.440033,18,55.113592
19.344681,21,55.131607
52.411942,13,55.143007
122.426941,20,55.297357
82.909012,21,55.315497
203.118149,21,55.333451
-61.646545,13,55.344886
-10.284775,12,55.355455
-19.801483,20,55.372643
36.096863,18,55.388187
21.832245,12,55.398798
-19.348404,12,55.409423
7.345123,13,55.420818
22.069336,13,55.43224
-9.399277,13,55.443694
38.732437,20,55.460913
84.424973,18,55.476609
40.19429,12,55.487465
43.006302,19,55.503927
-25.759827,11,55.513815
196.301483,20,55.530985
77.740601,19,55.547365
74.59761,20,55.564535
38.305328,18,55.580075
130.089096,21,55.598018
11.065002,11,55.607782
24.587143,12,55.618381
-15.766647,18,55.633933
126.08548,20,55.651135
172.139801,21,55.669091
36.899918,13,55.680459
-33.646378,18,55.695966
48.665741,19,55.712303
452.881821,34,55.741021
120.289185,19,55.757515
65.126877,13,55.768871
77.653366,13,55.780281
55.236252,19,55.796583
127.351837,19,55.812873
172.307144,22,55.831662
170.309067,22,55.850433
-15.663818,12,55.861014
120.440338,20,55.878092
-12.607529,11,55.887823
369.817154,27,55.910778
305.760101,36,55.941152
-41.3237,21,55.959238
4.60701,13,55.970647
53.388367,21,55.988702
230.403839,27,56.01162
-24.870941,13,56.023047
26.907593,13,56.034452
-40.8564,12,56.045038
21.490723,19,56.061417
138.657043,20,56.078548
278.432297,23,56.098223
123.861938,28,56.122009
31.63121,12,58.266871
58.471405,19,58.283161
130.775208,22,58.301651
3.607498,11,58.311244
120.189667,19,58.327352
-37.62471,10,58.336501
53.046143,19,58.352547
268.689331,20,58.369276
205.74437,21,58.386823
229.404266,23,58.405962
-31.06723,11,58.415514
70.83989,19,58.431485
70.347382,13,58.442597
-11.821503,12,58.452946
-37.715546,13,58.464003
431.341782,37,58.494371
29.266251,12,58.504695
24.583771,11,58.514209
28.745209,13,58.525393
64.779343,12,58.535672
-49.202469,12,58.545997
-2.282043,12,58.556337
178.873245,21,58.573859
312.474075,29,58.597767
4.084518,13,58.608974
-0.582321,12,58.619287
230.50087,20,58.636041
363.945114,22,58.654359
204.171692,19,58.670287
-57.399811,12,58.680629
-33.044434,12,58.690929
-3.805557,11,58.70055
208.004623,20,58.717875
-51.330414,11,58.727675
120.936462,20,58.744703
-4.962799,12,58.755197
-20.757645,13,58.76646
-41.968689,13,58.777742
127.33873,20,58.794671
169.513565,18,58.809938
-13.019684,11,58.819575
-22.475876,12,58.830035
5.596054,13,58.841288
-5.096497,11,58.850898
159.471832,21,58.868635
-43.243011,11,58.878283
167.978699,20,58.895232
4.313507,13,58.906569
38.838562,13,58.917833
2.051468,20,58.934922
119.293457,22,58.953452
-52.191193,12,58.963974
201.326706,19,58.98006
-11.322449,13,58.991408
-96.305054,5,58.996179
-27.514389,13,59.0074
-17.962921,11,59.01713
314.378616,26,59.038861
262.463577,18,59.054188
275.189148,27,59.076807
84.110703,12,59.087197
-0.039047,11,59.096824
-66.532623,12,59.107274
62.790192,12,59.117625
7.760193,18,59.133063
-16.333496,11,59.142709
-25.420471,11,59.152374
-43.554916,12,59.162763
157.668625,19,59.178837
366.409882,16,59.192411
341.78186,37,59.223169
-34.395126,13,59.234466
40.797394,13,59.24573
143.930557,19,59.26188
85.458267,12,59.2724
182.876205,19,59.288498
237.916367,19,59.304557
123.129959,21,59.322267
5.416275,11,59.331924
185.067764,20,59.348781
113.467545,13,59.360055
168.062622,20,59.376897
78.467438,12,59.387371
96.24614,13,59.399001
321.306229,25,59.420045
49.960846,18,59.435398
-28.873932,12,59.445829
33.921432,12,59.456244
132.961792,21,59.474017
-14.476227,11,59.483681
180.356995,21,59.501466
148.002472,20,59.518439
-19.943237,20,59.535517
243.928162,28,59.558972
28.569214,13,59.570307
104.514282,20,59.587221
140.684357,22,59.605828
-9.56279,12,59.616324
126.35553,19,59.632446
173.279007,21,59.650208
301.314896,29,59.674435
-24.360947,11,59.684096
-4.025085,12,59.694586
-27.098007,13,59.705804
1.619171,12,59.716307
22.071854,11,59.726016
19.032516,11,59.735651
88.753738,20,59.752535
6.740479,12,59.762975
85.67424,21,59.780846
-12.517044,19,59.796968
167.189835,33,59.82445
381.229706,22,59.842994
-3.798126,10,59.851819
-25.204727,11,59.861479
122.172531,27,59.885154
1.992966,12,59.895846
360.105392,26,59.917607
141.599548,19,59.933653
171.761368,19,59.949724
43.651474,12,59.960132
220.271576,21,59.97776
222.838409,22,59.996471
332.030884,22,60.015236
412.842361,38,60.046995
7.280563,20,60.063994
306.195374,29,60.088264
261.510834,21,60.106132
318.385178,24,60.126533
52.82695,13,60.137766
15.054169,13,60.149037
-15.582413,12,60.159576
59.260834,13,60.170835
344.43718,19,60.186958
498.856827,26,60.208784
106.87796,18,60.224212
7.673599,11,60.234046
268.590057,28,60.257605
-10.56662,12,60.268128
362.743149,24,60.288435
-43.212387,12,60.298912
505.717941,33,60.326541
39.550247,12,60.337025
47.008575,12,60.347482
177.816238,19,60.363539
-3.386993,12,60.374023
20.863251,13,60.385313
32.183853,13,60.396579
21.672867,11,60.406237
69.594543,13,60.417452
29.578583,13,60.428679
123.618805,18,60.443943
249.023376,21,60.461675
50.360153,12,60.472188
-24.593979,13,60.483462
-15.450485,12,60.4939
108.860947,19,60.510087
115.269852,18,60.525401
81.510818,27,60.548088
72.967529,21,60.565927
214.140839,21,60.583662
-21.275543,11,60.5933
-5.57196,13,60.60462
72.701859,20,60.621598
-55.40744,12,60.632068
3.915497,12,60.642493
52.478317,13,60.653723
139.15593,20,60.670619
49.407196,11,60.68026
261.215973,24,60.700426
29.473099,18,60.715815
6.632767,20,60.732831
46.5298,13,60.744093
133.355164,18,60.759427
402.053604,25,60.780398
70.740265,21,60.798193
45.483536,12,60.808659
102.82576,21,60.82635
-22.020264,13,60.837685
56.059601,19,60.853834
51.88707,13,60.865144
65.881058,19,60.881326
122.4879,21,60.899123
61.967896,12,60.909543
340.913788,21,60.927219
160.665573,20,60.944142
12.226669,19,60.9603
120.681137,21,60.978098
-6.948853,12,60.988625
-48.235611,13,60.999946
154.210342,21,61.017638
40.443802,20,61.034703
26.155212,12,61.045162
75.672577,19,61.061181
52.395096,22,61.079753
100.61232,22,61.09837
164.467285,22,61.116918
11.469772,12,61.127484
162.225586,21,61.145206
-0.158813,13,61.156508
8.026047,13,61.16783
256.086655,28,61.191359
36.319244,18,61.206803
120.429276,13,61.218007
196.38942,28,61.241427
26.564163,11,61.251071
-49.67775,12,61.261609
8.079956,12,61.27219
87.676132,20,61.289192
-45.282532,13,61.300434
13.364609,12,61.310862
355.510513,20,61.327821
115.669418,18,61.343201
17.503311,13,61.354517
244.931061,20,61.371403
75.119919,20,61.388398
51.833572,13,61.399656
-48.616272,11,61.409347
-18.966537,13,61.420627
211.0952,22,61.439158
11.951553,11,61.448907
140.595947,21,61.466778
412.672012,32,61.493804
12.170883,13,61.505201
163.282303,18,61.520457
-23.8591,12,61.530935
-85.438065,12,61.541411
-44.055939,11,61.551108
73.30188,18,61.56643
5.241791,12,61.576846
39.169647,13,61.588172
118.433472,18,61.603495
149.368927,20,61.620416
63.13472,13,61.631652
293.241196,22,61.650102
77.33252,12,61.660552
27.433975,13,61.671797
-26.216812,12,61.682248
-2.554688,13,61.693459
74.446838,13,61.704757
72.088562,18,61.842195
455.946381,22,61.860889
31.33342,12,61.871485
-18.829758,12,64.191001
118.04332,18,64.207437
42.040726,11,64.217187
-13.930252,13,64.228411
135.80835,18,64.243737
5.187241,12,64.254162
43.567932,13,64.265424
132.60614,18,64.280725
-23.910355,13,64.292023
29.040436,11,64.301582
19.426117,13,64.312791
294.74057,23,64.332151
-7.517899,11,64.341772
0.232239,13,64.352958
-25.560608,10,64.361807
126.397903,19,64.377934
30.486267,11,64.387613
45.685059,12,64.398236
5.306305,11,64.408183
314.843597,23,64.42777
-27.656967,12,64.438247
243.91861,21,64.456056
-12.414963,12,64.466547
104.920837,13,64.477749
126.489456,18,64.493079
123.200592,12,64.503477
113.44986,20,64.520537
101.515106,11,64.530181
31.314468,13,64.54149
167.530716,20,64.558386
11.455292,11,64.567989
94.1604,12,64.578424
373.529602,21,64.596044
6.612503,12,64.606501
168.397095,21,64.624238
10.464828,13,64.635477
35.593689,12,64.645868
113.137695,19,64.661916
18.011444,12,64.672378
378.963882,36,64.702265
211.664185,19,64.718307
276.964767,20,64.735159
25.135574,13,64.746472
160.102142,19,64.762489
199.918228,21,64.780133
224.238159,20,64.796956
227.789612,21,64.814635
4.496979,13,64.825884
49.828659,12,64.836365
9.670822,11,64.845957
39.998672,18,64.86132
77.839767,13,64.872545
154.174759,19,64.888595
23.064896,12,64.898997
157.717926,19,64.914983
124.78186,18,64.930328
75.212601,12,64.940801
132.916809,13,64.95197
48.064743,13,64.963148
64.719574,19,64.97936
-20.770401,11,64.989104
145.4785,18,65.004336
186.191544,21,65.022081
122.561157,21,65.039938
264.356415,20,65.056914
341.885162,20,65.073791
249.118729,20,65.090629
360.645218,23,65.109961
174.694138,19,65.126101
95.257462,18,65.141455
174.60173,20,65.158351
124.736832,13,65.169577
287.862442,19,65.1856
26.759094,12,65.196086
29.804092,13,65.207365
114.841003,19,65.223485
348.558243,31,65.249333
387.948837,25,65.270385
4.327637,12,65.280884
681.128571,37,65.311782
-44.948074,12,65.322313
55.206421,11,65.331965
104.739471,20,65.348978
21.743912,12,65.359438
68.685242,12,65.369812
64.488144,13,65.381004
40.290512,12,65.39142
415.044189,23,65.41082
8.384811,12,65.421305
6.269699,11,65.430993
-3.300385,11,65.440622
151.929108,18,65.45583
67.50737,20,65.472801
123.594025,13,65.484023
17.921356,13,65.495211
56.308472,13,65.506542
81.893234,12,65.516923
39.640579,11,65.526534
-16.930573,12,65.536972
266.395706,21,65.554647
8.205658,12,65.565053
-24.213303,11,65.574662
76.29866,13,65.585916
23.502502,12,65.596366
176.713242,20,65.61319
119.991333,13,65.624517
420.149857,27,65.647272
385.655014,23,65.666684
40.697205,13,65.677932
7.238113,11,65.687546
420.239716,26,65.709305
-29.7435,11,65.719004
35.180908,13,65.730327
-6.625381,13,65.741655
337.554626,20,65.758535
70.044205,12,65.768889
3.395477,13,65.780176
380.422989,25,65.801351
35.792709,12,65.811785
1.13652,11,65.821368
130.500351,20,65.83814
109.878235,19,65.854056
-4.193268,12,65.864368
-19.242249,12,65.874742
265.171402,20,65.891447
137.399109,20,65.908146
114.903244,18,65.923258
483.319626,26,65.944839
197.112823,20,65.961597
42.261856,19,65.977597
302.123825,20,65.994319
130.981598,18,66.009482
338.401825,21,66.027035
12.490158,13,66.038216
124.056931,21,66.05576
51.667328,20,66.072504
311.143036,21,66.089971
239.718033,19,66.10588
595.383591,40,66.138956
-19.132584,13,66.150289
161.397751,20,66.167328
118.042572,13,66.178488
210.253082,20,66.195293
49.021988,12,66.205674
25.572937,12,66.216054
262.138535,21,66.233724
-12.29866,13,66.245004
-65.195419,11,66.254638
133.619522,20,66.27154
56.603378,19,66.287729
333.602478,26,66.309521
418.957336,25,66.330405
51.970734,18,66.345737
56.369263,13,66.356916
30.804092,13,66.368107
93.177811,19,66.384161
136.07312,18,66.399476
116.584732,13,66.410762
353.973572,27,66.433448
172.23587,18,66.448738
-6.040894,12,66.459139
77.618164,13,66.4704
192.372833,20,66.487364
164.526764,20,66.504194
5.703995,12,66.514567
290.75528,24,66.534697
145.563568,19,66.550725
364.609192,30,66.575716
84.099457,13,66.587009
-5.008026,12,66.597457
30.239807,13,66.608676
34.397995,11,66.618266
44.227921,12,66.628776
65.159302,13,66.640012
257.658646,17,66.654414
46.784378,11,66.664005
108.821915,20,66.680909
148.152634,19,66.697157
237.155518,24,66.71728
102.628479,20,66.73422
97.806824,18,66.749512
220.188004,20,66.766364
130.732727,19,66.782598
64.349655,13,66.794129
64.822052,13,66.805567
71.136414,21,66.823425
58.913589,12,66.833819
126.462128,20,66.850743
10.656281,12,66.861234
228.549377,21,66.879028
73.120041,13,66.89038
324.26091,32,66.917127
-60.711838,12,66.927591
227.736252,19,66.943681
251.407867,22,66.962348
40.150894,13,66.973678
-5.983597,13,66.985047
362.911438,28,67.008545
270.04277,19,67.024761
8.265366,11,67.034512
773.811676,46,67.07252
396.977707,30,67.097668
502.528885,31,67.123533
84.795639,13,67.134841
-27.314453,13,67.146251
24.913315,13,67.157525
299.844498,21,67.175274
-40.408707,11,67.185009
125.770477,19,67.201149
98.428421,13,67.212324
161.735199,20,67.229256
24.933121,13,67.240582
83.111099,12,67.250992
-23.34462,12,67.261457
268.567184,20,67.278281
314.586716,21,67.296205
49.363281,13,67.307619
175.584412,21,67.325307
7.036804,12,67.33589
51.907516,13,67.347103
324.336823,20,67.3647
185.696014,20,67.381657
96.016281,13,67.392882
136.918716,20,67.409822
227.81131,20,67.427246
51.689011,13,67.439177
93.946014,19,67.455296
45.636292,12,67.465678
68.684006,19,67.481721
54.302017,12,67.492124
348.923141,24,67.512177
-2.823578,12,67.522636
-115.783081,4,67.526524
316.370422,24,67.546624
38.207794,12,67.557094
76.762863,20,67.573953
46.693604,13,67.5852
172.033051,19,67.601196
72.72702,12,67.611607
101.148132,18,67.626865
-6.300095,11,67.636446
84.137482,13,67.647579
83.572327,20,67.664497
178.39061,20,67.68134
-30.660904,11,70.000525
220.314255,19,70.017253
-26.702179,12,70.027859
359.343506,22,70.046376
31.569427,13,70.057582
21.070541,13,70.068788
147.783005,19,70.084819
309.157806,28,70.108219
9.781265,13,70.119455
-14.211502,11,70.129095
95.222549,12,70.13945
71.162979,13,70.150629
93.867462,13,70.161864
134.601395,19,70.177887
-15.503708,11,70.187606
348.612427,23,70.206931
-11.661346,11,70.216567
-5.363297,12,70.227003
43.021393,12,70.237378
63.447556,12,70.247792
259.119675,18,70.263088
79.787964,12,70.273525
31.002945,13,70.284824
108.551605,13,70.296057
24.195297,13,70.307354
-18.007812,13,70.318626
103.65303,19,70.334678
-11.903275,12,70.34504
163.817871,19,70.361031
236.515259,21,70.378654
402.466995,25,70.399573
25.407318,11,70.409234
-17.928864,12,70.419636
32.272293,13,70.430868
70.221161,12,70.441298
111.320938,18,70.456528
-17.971893,13,70.467813
7.215668,12,70.478221
336.840805,20,70.495123
-22.476959,13,70.50638
89.50177,20,70.523323
369.457367,22,70.54174
42.50415,13,70.552995
788.728699,38,70.584524
43.931076,11,70.59419
321.194138,18,70.609396
226.242645,20,70.626226
38.304016,12,70.636622
448.192749,23,70.655902
416.029968,25,70.676854
63.700729,11,70.686433
367.174454,20,70.70326
25.253052,12,70.713663
-17.49263,12,70.864231
-8.968018,12,70.874817
-14.800903,12,70.885361
-41.01944,11,70.895077
42.398941,13,70.906394
37.440628,11,70.91608
17.092941,11,70.925721
75.523529,12,70.936129
217.41539,19,70.952225
303.998123,20,70.969053
68.999878,13,70.980272
200.537506,21,70.997984
204.864487,20,71.015002
255.28569,20,71.031897
300.963272,28,71.055301
16.122955,13,71.066635
132.267426,19,71.082709
43.184494,13,71.093943
57.645874,12,71.104377
458.419983,25,71.125367
58.313309,12,71.135846
37.05484,12,71.146294
26.449844,11,71.155923
251.248032,26,71.177804
35.467041,12,71.188366
64.987106,13,71.199636
196.106918,20,71.216579
12.744858,11,71.226253
53.309006,12,71.236653
-6.808655,11,71.246365
364.012451,24,71.266538
47.66861,13,71.277866
0.87236,12,71.288355
33.452484,13,71.299598
284.930008,20,71.31649
218.452591,20,71.333559
234.38298,22,71.352153
468.840332,25,71.373303
79.424164,11,71.383004
347.857986,19,71.399181
182.225632,20,71.416142
85.544891,13,71.42742
72.151367,13,71.438766
146.480682,18,71.45407
285.378555,19,71.470188
52.924026,13,71.481472
-50.333618,10,71.490396
273.308701,21,71.508044
96.370239,11,71.51765
-91.056793,4,71.521552
253.205093,21,71.539198
434.751984,21,71.556977
374.210922,25,71.577988
327.145355,21,71.595701
26.217819,12,71.606161
-4.466904,12,71.616607
386.868958,23,71.636001
40.327072,13,71.647239
124.126389,19,71.663334
64.500961,13,71.674654
-19.063431,12,71.685178
43.614578,20,71.702208
53.846191,12,71.71268
763.924377,34,71.740965
21.992065,13,71.752263
231.621353,20,71.769142
63.395706,11,71.778803
138.771561,20,71.796731
47.549606,12,71.80745
8.315338,13,71.818902
420.260025,22,71.837362
471.209885,28,71.861538
218.705994,20,71.878913
13.51265,12,71.889327
39.205414,12,71.899674
102.260574,13,71.910885
18.278015,12,71.921332
90.429428,13,71.932621
253.300522,19,71.948611
52.606216,13,71.959788
40.772461,13,71.970981
25.490463,13,71.982171
97.238342,12,71.992494
67.330978,11,72.002113
611.656631,33,72.029602
20.470322,12,72.040068
262.379807,20,72.056943
6.807175,11,72.066536
328.7742,22,72.084935
-39.436661,13,72.096191
315.965424,18,72.111388
70.238037,12,72.121785
96.191544,13,72.133009
379.607849,26,72.154654
225.956406,22,72.173064
50.814529,12,72.183465
8.450165,13,72.194597
397.632614,20,72.211475
435.382217,21,72.229095
397.606522,20,72.245927
318.143036,20,72.262785
190.330429,20,72.279595
6.675446,11,72.289163
362.957672,23,72.308506
63.911591,13,72.319779
-15.269562,12,72.330138
45.844955,12,72.34062
89.344131,11,72.35018
11.453613,12,72.360678
19.109436,11,72.37029
75.40686,13,72.381506
1.307419,12,72.391954
34.925201,12,72.402336
68.057251,12,72.412716
381.125031,26,72.434375
93.416138,12,72.444748
290.952301,17,72.459131
65.366898,12,72.469474
13.879532,13,72.480708
72.187454,11,72.490278
15.510178,20,72.507258
110.771408,20,72.524106
221.015167,21,72.541818
313.573212,18,72.557081
3.737305,12,72.567528
96.698166,13,72.578698
59.188568,12,72.589095
308.383133,21,72.606818
22.115082,12,72.617259
82.654541,12,72.627684
325.568253,24,72.647764
24.505798,12,72.658123
333.515839,19,72.674181
32.061218,12,72.684616
396.506256,19,72.700613
434.864929,22,72.719118
27.678528,13,72.730431
43.304749,13,72.741645
57.696564,12,72.752073
21.037033,12,72.76247
184.443802,19,72.778504
31.361694,11,72.788118
419.780884,25,72.809086
323.86644,19,72.825529
174.874695,18,72.841042
316.748077,19,72.857269
67.034332,11,72.866915
241.710892,19,72.882915
113.539124,13,72.894091
351.258789,21,72.911883
59.350174,13,72.923154
111.200272,12,72.933592
303.430573,21,72.951288
168.866898,18,72.966547
405.850372,21,72.984318
80.155487,20,73.00129
195.26297,19,73.017382
61.329147,13,73.028603
45.334732,11,73.038344
135.130676,20,73.055371
46.119507,12,73.065782
59.986404,12,73.076232
12.03331,12,73.086705
-66.822464,5,73.091452
4.090942,12,73.101959
420.389862,26,73.123782
-8.349564,11,73.133439
155.137726,19,73.149662
51.061829,12,73.16013
32.846664,12,73.170515
94.774185,12,73.180957
360.524612,22,73.199478
94.020248,13,73.210763
225.033035,20,73.227679
319.525589,21,73.245751
404.650909,30,73.270818
432.521637,25,73.291658
274.803162,21,73.309248
134.37616,13,73.320373
94.422943,12,73.330687
-28.988144,12,73.341035
58.728897,12,73.351391
20.955338,11,73.360948
384.494766,18,73.376108
184.819794,20,73.392868
21.029678,13,73.404066
21.973145,11,73.413634
31.467636,13,73.42477
391.458008,24,73.444749
10.471893,12,73.455121
-12.273209,10,73.465427
69.428299,13,73.476619
46.173431,12,73.486977
421.213455,24,73.507023
-16.600769,12,73.517392
21.838409,13,73.528492
177.095566,20,73.545251
40.132874,13,73.5564
44.061188,12,73.566703
-5.175049,11,73.576351
339.076584,24,73.596511
-0.06189,13,73.607908
-20.725052,13,73.619209
364.094696,20,73.636092
181.05191,20,75.95181
57.882584,13,75.96333
286.028061,19,75.979589
515.037827,25,76.000498
140.3302,12,76.010888
79.328903,13,76.022079
44.528107,12,76.0325
54.979889,13,76.043749
349.404938,31,76.069655
101.571381,13,76.08089
-12.096252,11,76.090571
368.040237,21,76.108405
416.64299,22,76.127054
154.517578,21,76.144909
153.198242,13,76.156134
-1.021301,10,76.164953
112.277008,20,76.181906
186.498535,18,76.197212
77.348602,12,76.207751
79.312637,13,76.219024
427.701874,25,76.240064
51.752792,13,76.251449
91.462204,13,76.262663
431.64798,25,76.283606
166.069199,18,76.298941
0.147705,11,76.308668
265.289337,18,76.324194
339.594803,21,76.342088
58.46669,13,76.353364
289.433777,21,76.371134
90.862335,12,76.381679
103.259506,12,76.392049
42.451767,12,76.402514
353.011642,20,76.419393
24.780243,12,76.42987
418.672943,25,76.450859
134.364426,13,76.462067
348.202774,31,76.488147
-39.546738,11,76.497887
55.615097,11,76.50757
93.244843,12,76.518075
33.347916,12,76.528557
67.282028,12,76.539084
409.731781,23,76.558638
419.920349,23,76.578769
316.715561,28,76.603016
32.870529,12,76.615377
342.183472,19,76.631834
130.607849,13,76.643292
122.097595,12,76.653696
151.265045,13,76.66494
350.953644,20,76.681938
17.996201,12,76.692432
46.726456,13,76.703694
300.178528,21,76.721579
321.839996,19,76.737795
-23.841446,11,76.747583
468.020676,24,76.767787
296.183823,20,76.784702
59.336319,11,76.794374
265.195114,19,76.810468
364.066345,24,76.830653
322.068741,21,76.848426
59.29715,11,76.858047
369.992188,20,76.874937
11.080444,11,76.884595
44.998886,13,76.89581
276.672333,20,76.912734
61.16832,12,76.923235
114.334396,12,76.933661
346.370834,19,76.949742
45.155258,13,76.961062
83.368469,13,76.97234
25.728699,11,76.982311
43.935608,13,76.993496
37.129822,11,77.003027
282.584,21,77.02059
298.199112,20,77.037438
301.66217,18,77.052552
258.237793,21,77.070111
55.413177,13,77.081254
206.919098,20,77.097984
136.223267,18,77.113128
164.435425,18,77.128295
196.897644,20,77.145102
68.779251,13,77.156172
73.313797,11,77.165641
28.518524,13,77.176754
309.475266,19,77.192682
382.623901,27,77.215159
93.680939,13,77.226343
366.671768,19,77.242292
-15.786133,12,77.252623
477.156204,30,77.277316
83.021957,20,77.294108
166.091064,18,77.309438
243.71167,20,77.326406
181.166,20,77.343348
-9.114929,12,77.353847
416.118744,25,77.374908
-35.832611,10,77.383736
375.454529,20,77.40063
62.098358,11,77.410245
376.411072,17,77.424659
16.902679,12,77.435209
63.69989,13,77.551445
53.526993,12,77.561976
340.892151,25,77.583038
79.407043,12,77.593582
102.723679,12,77.604048
-15.027084,13,77.615336
249.782745,20,77.632324
50.983017,13,77.64353
243.983353,21,77.661302
7.776108,11,77.671017
21.684097,12,77.681531
79.574341,13,77.692796
68.733414,13,77.704005
28.145477,11,77.713582
307.499176,19,77.729705
308.926849,25,77.750854
86.217056,11,77.760514
290.710342,20,77.777503
270.357834,21,77.795341
158.407181,18,77.810702
243.688309,16,77.824334
254.331436,20,77.841249
49.146591,13,77.852529
328.341705,29,77.876858
80.598801,19,77.893135
47.314011,12,77.903631
61.142303,13,77.915029
242.815613,20,77.9319
21.21492,12,77.942346
-26.508728,13,77.953626
190.908035,20,77.970534
61.408096,12,77.981011
378.818893,20,77.99786
177.929871,20,78.014852
117.673889,13,78.026068
503.659683,28,78.049443
134.599197,13,78.060637
272.199158,20,78.077501
106.346283,20,78.094924
8.914948,12,78.105429
270.137634,21,78.123201
-8.641632,11,78.133269
244.442734,18,78.148727
51.428482,12,78.159147
35.728867,13,78.170378
114.582321,12,78.180801
-50.233627,12,78.191243
72.072662,13,78.202534
91.642899,13,78.213739
116.019501,13,78.225072
142.437256,20,78.241956
-55.834564,5,78.246768
125.503708,12,78.257207
91.619568,13,78.268435
155.093262,20,78.285304
94.888702,19,78.301741
147.171249,13,78.313295
164.397308,13,78.324629
108.563812,19,78.340768
72.836075,12,78.351151
51.084656,12,78.36157
342.233368,28,78.384958
355.577957,23,78.404358
-32.35466,12,78.414775
6.878616,12,78.425197
172.912018,20,78.442081
40.538223,13,78.453297
85.895981,12,78.463699
193.666595,21,78.481348
269.531006,19,78.497347
355.536194,22,78.516356
316.722458,22,78.535913
64.314377,13,78.547135
29.952744,13,78.55836
-31.470688,11,78.568003
147.094528,18,78.583215
30.15477,13,78.594376
80.589355,12,78.6048
70.897552,13,78.615995
19.743607,11,78.625567
37.489594,12,78.63598
31.801208,12,78.646434
51.555939,12,78.656801
36.949417,11,78.666418
172.877014,20,78.683213
91.784668,13,78.694428
299.026611,20,78.711365
125.452759,13,78.722579
89.998947,13,78.733818
305.125259,17,78.748255
177.279114,19,78.764277
31.296738,12,78.774714
-8.599167,11,78.784294
129.873352,13,78.795479
165.275375,12,78.805859
341.222717,19,78.821869
220.824844,20,78.838782
319.473679,18,78.854038
90.57077,12,78.864503
47.982574,12,78.874885
-10.235107,12,78.885353
2.44754,12,78.895767
67.516373,12,78.906106
324.990891,20,78.922925
321.538895,20,78.939868
18.220718,12,78.950239
-50.241013,12,78.960621
104.891434,13,78.971787
4.328903,12,78.982219
331.992294,19,78.998264
71.603333,13,79.009565
443.562576,21,79.027343
391.649902,18,79.042639
122.906631,13,79.05387
41.068649,12,79.064292
435.325851,26,79.08599
209.717194,20,79.102906
30.851624,11,79.112544
543.832764,26,79.134354
92.498138,13,79.145637
407.752686,22,79.164273
203.880554,19,79.1804
66.493286,13,79.191632
191.729019,21,79.209382
59.69783,12,79.219828
65.537369,11,79.229404
60.722794,13,79.240589
152.433105,20,79.257495
86.23291,13,79.268744
87.607132,13,79.280005
64.197083,12,79.290452
18.80101,13,79.301647
5.522949,11,79.311318
7.112183,12,79.32177
530.446289,25,79.342693
92.908295,11,79.352328
399.815613,23,79.371673
227.044678,18,79.386979
533.514633,27,79.409632
135.924606,20,79.426637
89.203964,13,79.437869
-49.460648,11,79.447539
279.454224,16,79.461228
222.317322,20,79.47812
45.670944,12,79.488552
29.321793,12,79.498987
87.317215,13,79.510179
36.833786,12,79.520674
58.152679,13,79.531926
65.838837,13,79.543196
339.856186,22,81.931289
553.055832,24,81.952282
72.889999,18,81.968081
152.485107,13,81.979555
115.823425,13,81.99098
32.775208,11,82.000703
482.727753,24,82.021118
57.550781,12,82.031754
26.319077,12,82.042524
65.905197,13,82.053977
-19.653458,10,82.062897
42.279419,13,82.074321
135.691574,19,82.09067
283.433289,19,82.107009
101.827469,12,82.117553
351.705353,20,82.134696
199.160294,20,82.151804
355.644806,20,82.168995
319.658768,20,82.186442
10.519669,11,82.196522
65.230011,12,82.207293
18.523697,12,82.217888
45.513687,11,82.227647
255.250076,18,82.243159
56.510788,13,82.254591
129.959564,12,82.265113
184.923141,13,82.276401
3.359329,11,82.286101
321.433044,19,82.302387
95.915253,13,82.313806
51.582336,11,82.323782
321.729935,20,82.340945
59.015366,11,82.350707
422.45575,21,82.36875
538.646973,28,82.392514
103.189423,13,82.403878
67.204193,13,82.415244
173.944183,13,82.426576
415.583862,20,82.443732
93.143326,12,82.454247
-18.799728,12,82.46484
370.428635,21,82.482783
33.697418,11,82.492527
248.55629,20,82.509635
315.684555,18,82.525147
318.429337,18,82.540675
47.928665,12,82.551226
229.367569,20,82.568492
538.598038,31,82.594745
116.205154,13,82.606071
205.518494,20,82.623184
26.334122,12,82.633786
350.376968,21,82.651651
354.626328,20,82.668795
213.36525,20,82.68593
67.466537,12,82.696486
100.74614,13,82.707841
697.556381,31,82.734483
329.575867,21,82.753665
355.107208,20,82.77124
114.566666,12,82.781977
397.578293,21,82.800308
735.184097,37,82.832401
14.326965,13,82.844347
58.145935,13,82.856341
177.215363,21,82.874118
150.060974,13,82.885321
33.873642,12,82.895807
32.507431,12,82.906226
85.711243,12,82.916613
-45.941315,12,82.927044
61.752289,12,82.937442
370.091675,20,82.954336
131.324936,13,82.965549
89.851578,13,82.97678
324.046219,19,82.992842
277.568512,16,83.006505
21.017334,13,83.017923
422.153198,20,83.034842
117.864487,13,83.046075
304.905548,18,83.06141
457.567612,23,83.08082
220.007202,19,83.09694
31.027435,13,83.108216
62.900101,20,83.125192
60.329483,12,83.135682
270.848328,21,83.153365
74.022583,13,83.164647
11.408813,12,83.175116
259.257751,20,83.192085
357.708344,24,83.21234
109.43132,13,83.223536
833.801254,40,83.25687
408.92662,28,83.280344
87.663834,11,83.289984
53.500565,12,83.300417
300.878296,18,83.315776
892.866409,38,83.347396
29.305832,12,83.357834
63.428925,12,83.368279
346.344116,19,83.384356
445.14386,23,83.403722
238.040131,21,83.421408
71.685333,11,83.431054
344.23291,20,83.447939
121.169342,13,83.459152
426.297058,26,83.480998
124.393585,13,83.49225
266.199768,19,83.50829
139.122513,18,83.523575
277.203934,19,83.539721
118.484406,13,83.55095
519.541718,28,83.574332
287.708771,19,83.590402
-2.533493,13,83.601688
164.562164,18,83.616982
253.228973,17,83.631417
420.667038,25,83.652397
307.988724,24,83.672671
264.813782,18,83.687923
470.737671,22,83.706429
-13.952011,11,83.716071
405.51622,22,83.734592
98.06311,12,83.745048
99.482956,13,83.756313
72.011276,11,83.765898
72.194412,11,83.775547
-18.644699,12,83.786036
247.145309,19,83.80214
82.289505,13,83.813351
-27.385971,12,83.823794
68.864548,13,83.834994
201.222641,17,83.849459
29.68219,11,83.859104
70.968277,13,83.870304
52.725784,13,83.881514
63.703781,11,83.891117
132.727753,12,83.901517
46.303909,11,83.911168
392.143478,28,83.934626
44.058807,12,83.945086
182.69783,18,83.960319
346.613983,18,83.975639
138.772171,13,83.986892
21.030304,12,83.997334
277.269211,20,84.014204
286.059036,19,84.030327
100.782928,12,84.040727
348.771469,23,84.060188
497.377151,25,84.08121
242.841095,18,84.09659
75.933487,13,84.10816
38.90094,13,84.119525
87.07486,13,84.130742
322.545303,18,84.146015
192.869614,19,84.162035
270.711884,21,84.179743
256.331207,25,84.200722
97.412155,12,84.319553
-4.617584,12,84.330124
27.970154,13,84.341386
47.39357,12,84.351821
684.138428,31,84.377578
17.70459,11,84.387281
106.20723,13,84.398499
171.44368,18,84.416926
300.399246,18,84.437146
233.495529,18,84.45235
20.682938,12,84.462724
345.165604,22,84.48114
43.700699,12,84.491466
400.053864,20,84.508584
58.582962,13,84.519771
65.958923,13,84.530883
113.160263,13,84.541971
75.592896,12,84.552308
401.727493,20,84.56911
16.715622,12,84.579436
57.951797,13,84.59061
42.391632,13,84.601734
78.108078,13,84.612822
262.624786,20,84.629523
96.24057,13,84.640655
302.571747,19,84.65711
120.652328,13,84.668736
60.532715,13,84.679955
35.260193,12,84.690306
46.604706,13,84.701552
256.547424,19,84.717574
70.412506,12,84.728002
93.269623,12,84.738416
101.466888,13,84.749662
325.80542,20,84.766649
86.761765,13,84.778008
73.142654,13,84.789406
275.776367,20,84.806443
232.720016,19,84.822738
385.768524,20,84.839767
306.743515,21,84.857658
235.155594,17,84.872274
40.216553,12,84.882816
58.840881,13,84.894171
17.998581,12,84.904693
44.976822,12,84.915185
107.458206,13,84.926472
68.071945,13,84.937786
8.799149,12,84.948278
386.551193,20,84.965372
273.314819,20,84.982451
113.683975,13,84.99378
239.445877,20,85.010864
194.01561,18,85.026265
198.741943,19,85.042701
341.76709,19,85.058963
462.868591,24,85.07943
385.655731,26,85.101494
44.249573,13,85.112819
371.658371,22,85.131517
292.876801,19,85.147797
407.710968,21,85.165676
-11.46846,12,85.176271
64.115875,18,85.191765
474.970581,26,85.213786
431.073334,25,85.234966
69.37262,13,85.246334
59.589081,11,85.256018
66.485825,12,85.266543
380.994598,20,85.283642
37.258377,12,85.294237
48.568954,13,85.305602
132.091415,12,85.31615
359.193436,21,85.334285
379.13916,22,85.353156
42.485336,11,85.362941
255.586227,21,85.38085
129.788895,13,85.392216
83.090332,12,85.402733
-8.852509,12,85.413264
239.503311,19,85.429518
340.163589,16,85.443383
47.10939,11,85.453099
372.31662,19,85.469371
289.319336,22,85.488205
4.660309,11,85.498004
85.088547,13,85.509347
294.003876,20,85.526405
419.674423,23,85.545962
25.246933,12,85.556471
