#{"t_start": 1721181413.3074887, "env_id": "VizdoomDefendLine-v0"}
r,l,t
7.0,111,0.484377
13.0,235,0.550693
7.0,128,0.588136
13.0,173,0.638216
14.0,173,0.688903
5.0,109,0.718753
3.0,80,0.741371
6.0,127,0.776444
8.0,131,0.813993
6.0,125,0.849511
11.0,147,0.890989
15.0,169,0.939472
9.0,152,0.982805
7.0,137,1.02227
3.0,65,1.041714
7.0,146,1.082663
11.0,164,1.129713
7.0,102,1.159718
10.0,164,1.206205
13.0,224,1.269663
12.0,217,1.331933
9.0,132,1.369474
7.0,117,1.402934
7.0,130,1.440816
8.0,141,1.479679
4.0,104,1.508156
7.0,140,1.54848
8.0,121,1.584068
4.0,88,1.609224
11.0,170,1.65764
7.0,126,1.694475
6.0,135,1.730989
8.0,134,1.769196
13.0,178,1.820019
3.0,79,1.843528
5.0,151,2.519272
13.0,166,2.567716
7.0,107,2.599789
6.0,122,2.633893
7.0,140,2.672675
10.0,145,2.713987
7.0,118,2.747724
6.0,110,2.778351
8.0,153,2.821536
3.0,87,2.846369
9.0,125,2.88328
7.0,163,2.928844
4.0,108,2.958599
4.0,117,2.991645
12.0,152,3.035429
6.0,112,3.066561
3.0,94,3.093447
10.0,120,3.128354
4.0,88,3.153775
4.0,108,3.184427
6.0,97,3.212238
7.0,132,3.250162
5.0,99,3.278968
17.0,304,3.364707
15.0,181,3.416617
6.0,96,3.445076
13.0,200,3.502064
4.0,77,3.523574
-1.0,60,3.540615
11.0,138,3.580288
11.0,151,3.623468
8.0,93,3.651169
9.0,127,3.687534
3.0,82,3.711387
3.0,95,3.738749
11.0,161,3.784489
3.0,80,3.807713
2.0,77,3.830002
14.0,231,3.89603
9.0,150,3.938124
3.0,85,4.386694
5.0,99,4.415358
2.0,77,4.436977
6.0,130,4.474216
10.0,158,4.519517
13.0,248,4.589669
15.0,205,4.647549
2.0,75,4.668345
5.0,91,4.695034
14.0,260,4.764508
8.0,143,4.803946
7.0,132,4.84057
16.0,202,4.897625
2.0,48,4.911066
6.0,130,4.946776
6.0,115,4.978313
5.0,103,5.006628
5.0,68,5.026325
9.0,132,5.063775
10.0,181,5.114176
16.0,234,5.180344
6.0,134,5.218049
8.0,138,5.256614
12.0,178,5.305689
8.0,152,5.347573
8.0,144,5.38883
10.0,165,5.435564
13.0,207,5.494495
4.0,101,5.523723
5.0,96,5.551697
10.0,124,5.586616
9.0,113,5.618979
10.0,138,5.659094
15.0,201,5.716678
6.0,103,5.746838
4.0,128,6.262177
4.0,79,6.284892
9.0,137,6.323884
6.0,142,6.363119
4.0,90,6.388287
5.0,93,6.414868
11.0,200,6.472205
1.0,64,6.490559
5.0,124,6.524786
5.0,89,6.549587
7.0,133,6.588002
1.0,57,6.604184
3.0,76,6.625175
18.0,296,6.706829
7.0,136,6.745214
8.0,122,6.779934
2.0,68,6.799848
6.0,165,6.845041
1.0,43,6.858074
8.0,178,6.906951
7.0,67,6.926605
9.0,129,6.964437
13.0,212,7.022821
8.0,125,7.059123
8.0,131,7.096652
9.0,155,7.14154
9.0,137,7.180178
8.0,139,7.220035
6.0,158,7.265349
6.0,119,7.299103
10.0,145,7.340706
11.0,148,7.382348
15.0,192,7.437328
8.0,106,7.468575
3.0,89,7.494223
8.0,158,7.538852
6.0,108,7.568933
12.0,174,7.61762
11.0,177,7.667685
10.0,148,8.340543
9.0,122,8.375513
10.0,154,8.41838
13.0,183,8.470955
8.0,177,8.520343
3.0,72,8.541039
10.0,120,8.575902
13.0,185,8.62918
11.0,152,8.672858
3.0,102,8.701276
7.0,143,8.74092
5.0,87,8.765722
8.0,131,8.802447
5.0,84,8.827189
17.0,260,8.900311
1.0,60,8.917614
8.0,175,8.967832
5.0,130,9.004402
9.0,138,9.043983
8.0,140,9.08305
8.0,176,9.133111
14.0,181,9.185131
7.0,84,9.209342
7.0,147,9.251079
18.0,293,9.331551
14.0,188,9.384751
14.0,163,9.43117
9.0,167,9.477799
11.0,231,9.54108
5.0,105,9.571269
5.0,106,9.600832
13.0,154,9.645375
5.0,97,9.67322
6.0,111,9.704944
7.0,118,10.376663
3.0,84,10.400917
12.0,212,10.461498
9.0,133,10.499231
7.0,101,10.527812
11.0,143,10.568752
8.0,150,10.61082
6.0,134,10.64925
5.0,118,10.682601
6.0,118,10.717204
7.0,107,10.748731
3.0,86,10.773245
8.0,122,10.807777
14.0,244,10.875772
16.0,233,10.941059
8.0,130,10.977213
9.0,170,11.025413
16.0,273,11.1021
12.0,154,11.146586
10.0,167,11.192322
12.0,152,11.236467
1.0,50,11.250628
7.0,107,11.281063
7.0,158,11.323754
5.0,96,11.351448
5.0,131,11.388072
5.0,107,11.418106
6.0,88,11.444475
11.0,200,11.501282
7.0,147,11.543125
4.0,91,11.569013
13.0,159,11.613668
5.0,124,11.647623
11.0,185,11.699286
6.0,129,11.735302
8.0,129,12.174764
11.0,140,12.215772
7.0,132,12.254501
5.0,87,12.279765
4.0,90,12.305958
12.0,146,12.348098
10.0,179,12.399138
7.0,113,12.431865
16.0,247,12.501841
14.0,184,12.555064
7.0,146,12.595904
7.0,138,12.634616
10.0,150,12.676955
5.0,99,12.704802
10.0,164,12.750011
6.0,98,12.778378
11.0,225,12.840316
6.0,159,12.883277
7.0,128,12.920008
7.0,129,12.956326
3.0,58,12.972361
11.0,156,13.01633
10.0,145,13.05771
7.0,140,13.096225
7.0,145,13.135874
9.0,131,13.174224
5.0,95,13.20099
4.0,72,13.221832
14.0,231,13.28656
14.0,211,13.346713
5.0,95,13.374321
2.0,60,13.391353
10.0,192,13.445808
10.0,187,13.49662
10.0,181,13.548527
9.0,136,13.587911
10.0,176,14.117442
11.0,169,14.164775
6.0,149,14.205261
5.0,99,14.233312
11.0,192,14.28564
6.0,94,14.312449
6.0,92,14.338067
9.0,131,14.375418
6.0,142,14.413846
9.0,155,14.458272
5.0,98,14.486556
8.0,117,14.520881
12.0,193,14.57529
6.0,119,14.607638
10.0,171,14.657026
12.0,159,14.702513
10.0,155,14.745256
17.0,239,14.813545
11.0,161,14.859487
18.0,232,14.925533
9.0,140,14.965996
12.0,193,15.021985
16.0,192,15.076867
9.0,117,15.110513
8.0,124,15.1462
6.0,94,15.17364
13.0,224,15.234917
14.0,254,15.305038
8.0,136,15.343004
10.0,135,15.381688
6.0,121,15.414841
15.0,245,15.930058
14.0,173,15.979201
11.0,142,16.019899
3.0,85,16.043435
15.0,218,16.104531
15.0,221,16.166845
8.0,206,16.221423
13.0,189,16.274568
12.0,136,16.313737
12.0,187,16.36587
12.0,195,16.421769
6.0,122,16.455719
6.0,149,16.497721
16.0,245,16.56651
9.0,136,16.605171
2.0,78,16.628012
16.0,225,16.690673
5.0,88,16.715094
9.0,158,16.760851
12.0,160,16.805836
4.0,84,16.829509
8.0,131,16.867495
4.0,80,16.891035
7.0,133,16.928582
9.0,217,16.988102
13.0,191,17.042905
5.0,131,17.078977
18.0,251,17.151002
10.0,158,17.195353
6.0,87,17.220822
9.0,162,17.267206
8.0,134,17.305251
9.0,139,17.792807
5.0,100,17.821492
9.0,208,17.880229
12.0,194,17.936021
9.0,189,17.989003
12.0,195,18.045086
14.0,241,18.113654
9.0,104,18.143805
2.0,64,18.161963
11.0,186,18.214409
2.0,72,18.23476
9.0,148,18.277128
11.0,187,18.329398
9.0,128,18.365695
0.0,60,18.382468
7.0,123,18.416271
5.0,129,18.452001
6.0,119,18.485655
4.0,94,18.512373
13.0,171,18.561616
5.0,99,18.589725
10.0,168,18.636933
6.0,86,18.661999
11.0,207,18.72023
8.0,108,18.750296
10.0,135,18.788907
4.0,118,18.821719
8.0,132,18.860064
9.0,102,18.889167
4.0,80,18.911716
8.0,152,18.954114
5.0,90,18.980457
15.0,219,19.043295
5.0,119,19.076225
6.0,126,19.111276
4.0,65,19.130576
6.0,103,19.160737
4.0,102,19.188895
16.0,234,19.827872
7.0,164,19.872441
6.0,112,19.903324
8.0,152,19.946185
9.0,149,19.987559
6.0,123,20.022426
9.0,171,20.06895
8.0,158,20.112575
7.0,108,20.143285
7.0,109,20.173312
6.0,99,20.202471
5.0,97,20.229727
7.0,84,20.253776
6.0,103,20.283748
8.0,151,20.326862
9.0,136,20.366199
7.0,122,20.399769
14.0,235,20.465575
3.0,93,20.491553
9.0,113,20.52419
13.0,189,20.578337
5.0,126,20.614695
6.0,121,20.648111
1.0,45,20.661575
11.0,146,20.703684
2.0,74,20.72479
5.0,80,20.747663
11.0,151,20.791501
16.0,263,20.862965
5.0,89,20.889117
6.0,95,20.915768
5.0,128,20.950478
5.0,100,20.978072
12.0,139,21.018496
15.0,180,21.07025
7.0,100,21.099242
10.0,141,21.139243
4.0,79,21.16216
9.0,158,21.655118
7.0,145,21.696585
6.0,103,21.725117
10.0,137,21.765443
13.0,244,21.834928
2.0,78,21.857565
18.0,261,21.931821
9.0,149,21.973463
5.0,81,21.996282
10.0,181,22.047194
5.0,114,22.078468
8.0,189,22.131619
12.0,176,22.180725
7.0,143,22.221697
6.0,115,22.254717
5.0,103,22.284357
10.0,165,22.331453
10.0,159,22.377459
7.0,98,22.405624
3.0,82,22.428583
4.0,126,22.462852
1.0,66,22.481356
9.0,180,22.52949
5.0,132,22.566076
12.0,142,22.606799
8.0,133,22.64409
4.0,114,22.676677
6.0,129,22.714503
17.0,211,22.775134
12.0,181,22.82726
18.0,270,22.903517
15.0,188,22.957317
5.0,93,22.983279
4.0,71,23.004192
8.0,110,23.035223
2.0,69,23.528466
11.0,149,23.571896
5.0,82,23.596304
9.0,126,23.633149
8.0,136,23.672651
6.0,100,23.700841
12.0,184,23.753277
4.0,59,23.770822
5.0,70,23.791629
11.0,169,23.840566
9.0,181,23.889754
10.0,105,23.920382
8.0,129,23.956781
11.0,149,23.999867
19.0,276,24.078093
5.0,82,24.101096
8.0,100,24.130113
3.0,100,24.157489
7.0,134,24.195817
10.0,167,24.243966
2.0,60,24.260844
6.0,186,24.312504
1.0,58,24.329647
4.0,80,24.353443
6.0,118,24.38708
1.0,45,24.399912
10.0,174,24.448661
10.0,167,24.496513
11.0,190,24.551396
6.0,77,24.574151
14.0,227,24.63797
9.0,129,24.675282
4.0,89,24.701092
8.0,132,24.739249
6.0,102,24.768755
6.0,130,24.803794
4.0,127,24.838465
13.0,231,24.902385
9.0,157,24.945925
11.0,148,25.597347
12.0,204,25.655884
8.0,145,25.696809
4.0,71,25.717238
12.0,174,25.766872
9.0,145,25.80752
5.0,103,25.836582
10.0,169,25.884377
4.0,117,25.917191
4.0,83,25.940978
3.0,82,25.963878
6.0,84,25.987667
14.0,219,26.049982
5.0,117,26.08225
9.0,139,26.121789
7.0,134,26.158681
10.0,152,26.201561
3.0,80,26.223833
11.0,165,26.271256
8.0,144,26.311286
6.0,170,26.357497
10.0,140,26.397268
13.0,175,26.447502
6.0,103,26.47768
6.0,101,26.505124
-1.0,54,26.520582
4.0,87,26.544516
5.0,109,26.575651
10.0,155,26.619566
10.0,126,26.656224
4.0,92,26.681995
6.0,99,26.710457
6.0,142,26.748848
5.0,89,26.774452
0.0,63,26.791943
6.0,132,26.828256
13.0,212,26.887528
4.0,77,26.909173
6.0,104,26.938736
4.0,108,26.96856
12.0,201,27.561004
10.0,158,27.604697
6.0,125,27.640463
6.0,114,27.6711
8.0,115,27.704868
11.0,168,27.753471
3.0,80,27.776267
17.0,246,27.84598
7.0,117,27.878915
7.0,103,27.908991
5.0,123,27.944393
2.0,68,27.964183
8.0,125,28.000014
8.0,133,28.037708
5.0,111,28.068942
12.0,203,28.127225
10.0,188,28.180626
2.0,91,28.205648
7.0,152,28.248377
7.0,135,28.286767
4.0,98,28.314292
5.0,95,28.34211
14.0,198,28.399375
5.0,134,28.435757
4.0,104,28.464325
9.0,143,28.503714
9.0,176,28.553087
6.0,105,28.583981
3.0,79,28.606737
4.0,93,28.633359
7.0,158,28.677218
8.0,113,28.709273
5.0,105,28.738652
12.0,163,28.785676
9.0,145,28.826413
12.0,181,28.877434
9.0,126,28.913566
9.0,152,29.366915
9.0,172,29.414121
12.0,191,29.468521
12.0,172,29.517764
12.0,204,29.575996
5.0,97,29.603407
11.0,128,29.64025
6.0,110,29.672423
2.0,48,29.686907
8.0,140,29.728166
7.0,151,29.771627
5.0,102,29.800987
14.0,215,29.862084
7.0,110,29.893001
9.0,167,29.940991
13.0,162,29.987808
6.0,92,30.014975
6.0,145,30.054428
12.0,128,30.091436
9.0,176,30.141064
12.0,170,30.188838
10.0,172,30.235862
8.0,201,30.289983
9.0,187,30.341029
14.0,177,30.390936
4.0,84,30.41546
4.0,103,30.443748
9.0,158,30.486833
2.0,60,30.504904
6.0,113,30.537075
2.0,72,30.557081
16.0,247,30.626498
9.0,130,30.663668
2.0,62,30.681421
3.0,104,30.710566
5.0,130,30.746455
10.0,138,31.187304
7.0,150,31.229228
6.0,123,31.264616
8.0,144,31.305219
5.0,96,31.332055
11.0,171,31.380651
6.0,89,31.406611
8.0,147,31.446976
12.0,151,31.490665
4.0,96,31.517544
3.0,79,31.540183
9.0,148,31.582206
7.0,166,31.627316
9.0,209,31.685707
9.0,193,31.74039
13.0,145,31.782296
9.0,173,31.830357
8.0,128,31.867427
10.0,151,31.910815
9.0,132,31.948074
10.0,128,31.985144
20.0,305,32.071162
8.0,152,32.113136
7.0,93,32.140458
12.0,164,32.187501
12.0,176,32.237292
4.0,93,32.263293
7.0,119,32.297863
2.0,60,32.315085
6.0,110,32.347072
1.0,60,32.363888
7.0,124,32.400766
6.0,116,32.432974
4.0,86,32.457388
6.0,115,32.490324
7.0,152,32.531272
6.0,98,32.559288
0.0,39,33.148806
5.0,149,33.189914
7.0,124,33.225729
9.0,123,33.261047
8.0,117,33.295058
6.0,90,33.320833
11.0,158,33.365957
3.0,103,33.393919
4.0,104,33.422581
7.0,109,33.454225
8.0,106,33.485595
4.0,64,33.503798
5.0,85,33.52896
8.0,139,33.56843
8.0,144,33.609046
12.0,176,33.659785
7.0,104,33.689903
8.0,153,33.731617
15.0,209,33.790701
10.0,168,33.839195
8.0,166,33.883976
2.0,64,33.901763
9.0,168,33.950165
12.0,151,33.993285
5.0,130,34.02891
19.0,271,34.106058
13.0,253,34.176316
5.0,98,34.204922
7.0,114,34.237713
13.0,200,34.294222
13.0,206,34.353238
9.0,160,34.398698
4.0,154,34.439701
17.0,271,34.516302
7.0,121,34.550467
7.0,124,35.076932
7.0,130,35.113568
6.0,125,35.150161
8.0,153,35.194054
6.0,129,35.2299
9.0,119,35.265023
9.0,118,35.298944
3.0,95,35.326334
2.0,66,35.345635
4.0,98,35.373332
1.0,58,35.389792
5.0,115,35.422907
7.0,112,35.455317
11.0,203,35.51264
6.0,82,35.537115
4.0,83,35.560385
2.0,60,35.578364
4.0,102,35.60702
8.0,138,35.646299
8.0,147,35.687596
7.0,87,35.713124
8.0,173,35.760362
9.0,146,35.80215
9.0,142,35.841978
9.0,145,35.883783
3.0,110,35.914282
4.0,109,35.945008
8.0,137,35.984369
11.0,154,36.028728
10.0,129,36.066309
7.0,116,36.099162
8.0,152,36.142648
4.0,100,36.171863
10.0,159,36.217287
7.0,159,36.26086
13.0,154,36.305251
15.0,223,36.368102
6.0,128,36.403889
5.0,89,36.429709
3.0,72,36.45092
14.0,256,37.02733
7.0,141,37.066768
14.0,187,37.119031
11.0,187,37.171661
4.0,96,37.199129
4.0,107,37.228959
6.0,143,37.268272
13.0,187,37.320685
5.0,154,37.362066
14.0,216,37.420598
14.0,199,37.476787
7.0,110,37.508353
10.0,144,37.548612
9.0,135,37.587682
13.0,183,37.639546
10.0,187,37.689786
6.0,110,37.720083
12.0,210,37.777761
6.0,101,37.806172
6.0,126,37.839757
2.0,108,37.869075
12.0,170,37.915824
3.0,84,37.939627
3.0,90,37.963779
10.0,163,38.010414
6.0,122,38.044348
10.0,169,38.092693
9.0,165,38.13887
5.0,114,38.170027
8.0,114,38.20319
4.0,95,38.22995
7.0,131,38.266409
5.0,89,38.291407
10.0,197,38.345001
9.0,139,39.043683
2.0,89,39.128522
2.0,75,39.201466
2.0,81,39.277616
5.0,127,39.398384
7.0,110,39.502147
4.0,101,39.59711
10.0,111,39.703415
6.0,126,39.822006
5.0,119,39.932268
3.0,91,40.019992
8.0,154,40.16892
6.0,110,40.276284
12.0,181,40.447815
7.0,88,40.532731
9.0,146,40.672037
1.0,85,40.753507
10.0,157,40.903049
6.0,126,41.021988
8.0,148,41.162884
-1.0,50,41.209631
0.0,60,41.266575
8.0,136,41.395987
5.0,123,41.511758
4.0,94,41.602283
1.0,53,41.653597
6.0,115,41.763091
1.0,48,41.810437
11.0,158,41.962228
2.0,79,42.037981
6.0,106,42.139658
6.0,104,42.238486
6.0,113,42.345913
9.0,128,42.468937
7.0,121,42.582928
10.0,123,42.700428
5.0,107,42.800878
2.0,79,42.877259
4.0,118,42.990025
6.0,161,43.140253
11.0,172,43.303023
5.0,106,43.402717
15.0,192,43.586969
16.0,189,43.766483
9.0,118,44.602247
6.0,119,44.714731
9.0,99,44.809909
7.0,123,44.926271
13.0,204,45.120379
11.0,146,45.258917
2.0,72,45.326097
7.0,121,45.439832
8.0,158,45.587821
8.0,126,45.706362
9.0,119,45.820308
8.0,128,45.943137
8.0,178,46.107768
16.0,219,46.315208
16.0,224,46.529071
14.0,223,46.744244
11.0,130,46.867438
20.0,254,47.110967
3.0,74,47.18093
19.0,272,47.439065
5.0,100,47.532794
13.0,200,47.721407
10.0,164,47.876336
1.0,42,47.917759
8.0,163,48.073021
8.0,133,48.197761
4.0,95,48.289462
3.0,48,48.335941
10.0,164,48.490365
2.0,99,48.582512
9.0,150,48.725618
6.0,94,48.811732
9.0,128,48.932154
10.0,151,49.075892
6.0,127,49.197881
5.0,103,49.993647
5.0,91,50.080189
8.0,116,50.191234
13.0,189,50.372419
4.0,82,50.45013
17.0,214,50.656105
9.0,122,50.771687
7.0,82,50.851129
5.0,100,50.944996
16.0,152,51.089773
14.0,178,51.25838
15.0,166,51.416291
16.0,161,51.570627
13.0,128,51.694282
20.0,193,51.87808
17.0,161,52.03199
10.0,119,52.146285
11.0,146,52.285003
11.0,143,52.418104
16.0,181,52.591671
12.0,141,52.727077
19.0,200,52.916404
16.0,152,53.061103
11.0,113,53.168981
20.0,189,53.348522
15.0,140,53.482484
14.0,159,53.633454
15.0,153,53.777874
10.0,100,53.873841
9.0,95,53.965488
23.0,230,54.183841
23.0,236,54.408483
19.0,184,54.582819
20.0,181,55.81048
16.0,184,55.986434
19.0,189,56.167418
16.0,141,56.302471
33.0,336,56.622307
25.0,280,56.891845
27.0,258,57.137214
18.0,194,57.320375
21.0,202,57.511852
11.0,173,57.675415
14.0,180,57.844657
10.0,107,57.947643
20.0,199,58.138164
12.0,147,58.277748
9.0,88,58.362443
9.0,117,58.474363
18.0,172,58.639991
13.0,128,58.762075
25.0,269,59.016292
23.0,255,59.258682
15.0,134,59.385637
21.0,206,59.582784
14.0,153,59.729997
19.0,200,59.921291
18.0,197,60.107724
15.0,147,60.247479
10.0,86,60.328523
20.0,187,60.506876
22.0,211,61.686104
19.0,200,61.876932
25.0,276,62.138572
8.0,119,62.250692
15.0,153,62.397121
20.0,183,62.572294
17.0,150,62.715313
14.0,146,62.855499
23.0,232,63.075266
26.0,223,63.284715
20.0,202,63.478383
17.0,153,63.624465
11.0,97,63.716242
22.0,199,63.905816
19.0,177,64.073054
18.0,168,64.232839
19.0,191,64.417383
22.0,180,64.589463
20.0,173,64.753445
14.0,123,64.871693
16.0,146,65.011071
25.0,251,65.251512
15.0,139,65.385516
23.0,241,65.616277
10.0,103,65.716146
21.0,229,65.934504
25.0,221,66.148178
17.0,148,67.363553
20.0,184,67.538337
19.0,170,67.701462
18.0,193,67.886455
31.0,290,68.162821
12.0,108,68.267114
16.0,143,68.404648
27.0,283,68.672312
23.0,248,68.907749
17.0,154,69.056002
16.0,147,69.197378
14.0,145,69.3367
11.0,111,69.442417
15.0,129,69.563553
25.0,220,69.774436
21.0,178,69.943789
21.0,208,70.141448
19.0,170,70.305736
25.0,201,70.497494
18.0,174,70.665718
19.0,187,70.846679
29.0,269,71.10241
14.0,111,71.206894
22.0,218,71.414509
17.0,143,71.551631
19.0,177,71.719548
18.0,174,71.884356
16.0,125,72.005811
29.0,275,73.087377
22.0,199,73.276053
20.0,184,73.449942
30.0,279,73.714321
16.0,180,73.884505
17.0,160,74.036817
28.0,232,74.257452
23.0,228,74.47222
22.0,192,74.655275
27.0,273,74.913574
17.0,146,75.05286
16.0,141,75.187008
23.0,208,75.38481
23.0,187,75.567099
24.0,218,75.78166
24.0,202,75.973994
12.0,113,76.081302
12.0,103,76.180974
20.0,215,76.384199
27.0,274,76.647988
24.0,226,76.862761
24.0,213,77.067882
15.0,143,77.203791
19.0,175,77.372083
16.0,135,77.499386
16.0,158,77.649477
23.0,198,78.744032
22.0,199,78.936288
19.0,164,79.093446
25.0,247,79.329433
19.0,173,79.496704
13.0,127,79.617627
17.0,163,79.77353
23.0,224,79.986445
26.0,246,80.221374
22.0,195,80.405897
19.0,154,80.554438
26.0,229,80.772588
24.0,241,81.003256
15.0,145,81.143639
35.0,357,81.47995
28.0,302,81.766572
25.0,210,81.966039
21.0,176,82.13396
17.0,145,82.27127
11.0,95,82.362034
29.0,237,82.585507
21.0,201,82.777166
22.0,187,82.954712
26.0,229,83.172216
15.0,173,83.33906
22.0,203,84.758684
22.0,185,84.935942
24.0,196,85.122029
24.0,216,85.326249
25.0,258,85.570598
30.0,301,85.855767
29.0,267,86.109305
17.0,140,86.243481
27.0,270,86.498895
28.0,259,86.745191
16.0,136,86.874556
21.0,200,87.063244
24.0,242,87.293824
9.0,100,87.389906
23.0,217,87.595848
23.0,208,87.794187
23.0,186,87.972584
19.0,176,88.140708
24.0,220,88.350256
24.0,210,88.549769
27.0,236,88.774261
21.0,204,88.971636
21.0,187,89.150761
20.0,180,89.323362
24.0,191,90.636607
14.0,119,90.750466
36.0,343,91.075815
30.0,278,91.341628
24.0,226,91.555686
26.0,208,91.75444
24.0,222,91.966132
12.0,110,92.070918
25.0,209,92.269909
24.0,213,92.473136
22.0,194,92.661357
21.0,173,92.826041
25.0,209,93.025212
24.0,232,93.246741
29.0,281,93.513847
24.0,253,93.754193
25.0,203,93.948162
22.0,181,94.119995
19.0,144,94.258093
22.0,205,94.453161
35.0,321,94.760131
15.0,150,94.903211
20.0,175,95.070023
16.0,129,95.193532
26.0,221,96.728991
18.0,172,96.893664
22.0,192,97.076231
21.0,186,97.255148
20.0,184,97.432075
21.0,172,97.596869
25.0,205,97.792001
20.0,177,97.961244
21.0,204,98.15625
15.0,129,98.281041
31.0,315,98.57882
17.0,157,98.730356
19.0,168,98.891972
17.0,143,99.027857
20.0,169,99.19005
17.0,155,99.336971
19.0,155,99.486312
19.0,156,99.636213
22.0,226,99.853017
21.0,199,100.04221
19.0,162,100.198081
22.0,182,100.371481
32.0,302,100.66047
20.0,165,100.818609
16.0,146,100.958961
26.0,205,101.152158
22.0,193,101.336509
21.0,194,102.757745
28.0,230,102.977558
24.0,230,103.197826
9.0,87,103.281268
27.0,222,103.493342
17.0,169,103.656245
16.0,147,103.797698
25.0,208,103.996563
30.0,283,104.267226
25.0,219,104.476758
29.0,252,104.71695
19.0,158,104.868538
21.0,195,105.055772
28.0,268,105.310722
29.0,273,105.570863
16.0,145,105.709717
24.0,219,105.919184
23.0,199,106.11056
29.0,283,106.380029
28.0,265,106.634463
29.0,273,106.894351
21.0,202,107.086412
21.0,189,107.268565
31.0,304,108.632841
24.0,226,108.846154
23.0,190,109.026777
18.0,167,109.184253
34.0,316,109.482415
25.0,213,109.686293
27.0,233,109.906945
31.0,269,110.160121
30.0,272,110.418361
24.0,218,110.626052
25.0,227,110.839882
29.0,248,111.075384
21.0,184,111.251156
15.0,131,111.376163
36.0,391,111.750636
20.0,167,111.909588
28.0,273,112.171055
24.0,213,112.374346
15.0,127,112.497205
21.0,173,112.662838
21.0,199,112.853612
33.0,309,113.146836
23.0,217,114.652218
23.0,151,114.79835
24.0,189,114.978209
15.0,136,115.107879
32.0,326,115.417111
23.0,216,115.622939
22.0,169,115.782954
16.0,120,115.898657
30.0,272,116.156241
20.0,174,116.322455
27.0,264,116.573128
18.0,163,116.728278
28.0,258,116.9739
27.0,264,117.225346
26.0,243,117.456089
17.0,145,117.593024
21.0,166,117.751642
25.0,234,117.97445
21.0,197,118.161575
24.0,235,118.385483
30.0,251,118.623192
19.0,185,118.797369
24.0,228,119.0148
24.0,204,119.208965
17.0,137,120.648298
30.0,253,120.885339
27.0,255,121.127892
29.0,281,121.395141
25.0,229,121.612991
25.0,224,121.82531
18.0,173,121.989242
25.0,250,122.225583
20.0,209,122.42477
20.0,167,122.582601
17.0,177,122.752419
23.0,239,122.977558
24.0,205,123.172284
28.0,273,123.43114
32.0,296,123.712398
14.0,120,123.826962
26.0,242,124.053769
35.0,335,124.371737
31.0,286,124.644229
15.0,131,124.768678
20.0,194,124.953122
29.0,261,125.200043
35.0,356,126.701315
17.0,163,126.857237
27.0,238,127.084031
17.0,166,127.242369
37.0,385,127.608243
31.0,282,127.877654
23.0,222,128.089836
34.0,289,128.363579
28.0,228,128.581054
25.0,253,128.82452
23.0,195,129.008959
32.0,262,129.259936
21.0,189,129.44119
30.0,288,129.716424
18.0,168,129.878277
21.0,180,130.050224
25.0,210,130.251173
15.0,157,130.400914
16.0,160,130.554935
24.0,217,130.761549
19.0,159,130.913609
22.0,204,131.107677
24.0,212,132.626309
26.0,238,132.853338
18.0,200,133.042751
29.0,261,133.292056
18.0,151,133.437695
15.0,131,133.562857
28.0,260,133.808905
16.0,131,133.933406
21.0,182,134.103671
31.0,287,134.374617
18.0,163,134.527969
21.0,203,134.72041
21.0,162,134.874037
29.0,248,135.109964
17.0,176,135.277595
24.0,217,135.482655
27.0,232,135.702425
19.0,162,135.85843
26.0,222,136.068656
24.0,196,136.253822
26.0,262,136.503018
24.0,212,136.703689
27.0,265,136.954714
21.0,191,137.136158
20.0,187,137.313795
21.0,159,138.474112
28.0,266,138.727175
35.0,339,139.04805
23.0,195,139.232749
17.0,149,139.375408
23.0,237,139.60072
27.0,247,139.834771
33.0,296,140.115517
15.0,156,140.264799
22.0,183,140.436883
19.0,167,140.596741
25.0,236,140.820619
20.0,175,140.987979
21.0,151,141.132306
27.0,247,141.364498
26.0,222,141.575877
20.0,184,141.751326
21.0,188,141.929706
23.0,183,142.103438
19.0,154,142.250729
21.0,202,142.442903
26.0,237,142.667623
21.0,151,142.812157
32.0,298,144.278316
22.0,198,144.468299
13.0,116,144.579824
25.0,233,144.801565
25.0,221,145.01258
31.0,297,145.29301
29.0,235,145.515917
42.0,461,145.951905
25.0,230,146.170501
29.0,267,146.424562
30.0,292,146.699155
20.0,169,146.859224
20.0,169,147.01949
29.0,271,147.276609
10.0,96,147.368495
26.0,229,147.585147
23.0,211,147.786295
24.0,216,147.990583
17.0,128,148.113253
22.0,192,148.294468
30.0,251,148.531506
31.0,283,148.798143
40.0,378,150.394509
22.0,209,150.592783
29.0,245,150.823937
27.0,238,151.051433
30.0,267,151.30519
18.0,159,151.455516
13.0,92,151.544608
26.0,233,151.765974
29.0,275,152.027411
26.0,197,152.215616
22.0,187,152.392729
20.0,162,152.548881
30.0,277,152.811012
20.0,155,152.959476
31.0,280,153.224211
23.0,191,153.405815
37.0,342,153.728489
35.0,299,154.012905
30.0,274,154.272948
26.0,236,154.497257
9.0,83,154.578125
27.0,227,154.793182
22.0,178,154.962322
13.0,112,156.081306
31.0,301,156.368685
17.0,172,156.532167
17.0,157,156.681186
27.0,256,156.923861
28.0,260,157.170785
21.0,187,157.349123
27.0,218,157.555807
26.0,219,157.764145
24.0,225,157.978769
25.0,220,158.18799
29.0,237,158.413044
18.0,167,158.572343
14.0,131,158.697119
15.0,112,158.80382
33.0,350,159.133554
34.0,333,159.450644
27.0,234,159.672268
22.0,197,159.858873
29.0,312,160.154074
25.0,244,160.385108
26.0,210,160.585076
20.0,175,160.750962
25.0,260,162.443794
27.0,233,162.665703
28.0,263,162.914579
13.0,110,163.019694
24.0,189,163.200439
33.0,308,163.494478
23.0,195,163.681028
30.0,288,163.956317
30.0,272,164.214316
26.0,248,164.450387
23.0,196,164.636567
20.0,149,164.778828
28.0,258,165.023599
29.0,227,165.2411
28.0,258,165.485589
14.0,142,165.62136
18.0,167,165.779362
18.0,145,165.918012
24.0,206,166.113679
38.0,345,166.441869
28.0,225,166.656706
27.0,217,166.862839
20.0,202,168.408574
25.0,212,168.608866
24.0,224,168.822182
34.0,301,169.109459
31.0,334,169.42625
25.0,237,169.651918
39.0,361,169.99506
21.0,261,170.241882
29.0,262,170.491465
21.0,214,170.696403
15.0,162,170.851279
30.0,282,171.119724
25.0,280,171.386421
21.0,254,171.627156
31.0,288,171.900211
24.0,212,172.10116
32.0,302,172.388536
24.0,218,172.595002
15.0,127,172.716301
22.0,201,172.907397
20.0,192,174.247937
28.0,246,174.481404
23.0,215,174.686554
27.0,252,174.925988
37.0,370,175.276619
26.0,250,175.514085
27.0,239,175.740192
32.0,324,176.04831
21.0,167,176.206764
18.0,178,176.376614
27.0,273,176.635573
29.0,240,176.862872
27.0,267,177.117936
25.0,220,177.327379
22.0,210,177.527991
24.0,224,177.742151
23.0,240,177.96863
26.0,291,178.244781
27.0,251,178.484775
23.0,191,178.664737
23.0,198,178.853725
27.0,272,180.347965
31.0,256,180.591228
13.0,112,180.698692
30.0,259,180.945401
30.0,248,181.182133
28.0,273,181.442399
22.0,177,181.612006
25.0,215,181.816371
16.0,155,181.964746
28.0,258,182.209924
9.0,88,182.294925
21.0,243,182.527227
15.0,125,182.647252
27.0,248,182.883704
29.0,272,183.143442
24.0,192,183.326705
17.0,139,183.460875
28.0,244,183.69322
22.0,203,183.885594
18.0,181,184.0582
29.0,262,184.306272
37.0,432,184.716303
23.0,203,184.909742
23.0,197,186.307198
21.0,167,186.467051
23.0,224,186.680037
25.0,252,186.920105
37.0,342,187.245049
31.0,311,187.540023
29.0,263,187.789927
18.0,141,187.924538
39.0,347,188.255656
32.0,274,188.518492
23.0,210,188.718952
24.0,224,188.931332
27.0,230,189.152038
27.0,224,189.36586
26.0,211,189.566014
37.0,324,189.874144
25.0,208,190.072916
26.0,268,190.329246
21.0,188,190.508854
18.0,162,190.664917
25.0,194,190.853243
32.0,300,192.53161
20.0,172,192.696657
31.0,286,192.970333
19.0,144,193.108215
22.0,225,193.321965
26.0,225,193.537691
19.0,170,193.70009
18.0,161,193.855189
31.0,269,194.10941
19.0,209,194.309073
19.0,167,194.46742
13.0,125,194.589403
35.0,335,194.908789
31.0,293,195.190091
35.0,342,195.516583
29.0,244,195.74808
38.0,397,196.125979
24.0,184,196.3014
16.0,141,196.436164
16.0,139,196.569722
25.0,224,196.784878
20.0,170,196.950022
20.0,179,197.121857
18.0,154,198.393292
22.0,182,198.568856
31.0,293,198.848017
22.0,193,199.030296
28.0,242,199.262415
20.0,192,199.446231
25.0,207,199.644351
27.0,230,199.864664
19.0,155,200.013691
26.0,214,200.218745
35.0,332,200.534048
19.0,155,200.683822
25.0,206,200.882253
24.0,237,201.108048
25.0,215,201.31049
28.0,296,201.591432
38.0,338,201.911749
19.0,157,202.059771
26.0,203,202.252987
26.0,203,202.44547
22.0,180,202.61781
28.0,249,202.855283
37.0,340,204.436069
40.0,362,204.77622
21.0,193,204.959846
33.0,305,205.247877
27.0,217,205.453282
23.0,179,205.623504
28.0,251,205.859824
21.0,185,206.03453
40.0,368,206.380134
10.0,85,206.460908
22.0,204,206.652987
26.0,208,206.84943
31.0,326,207.156275
31.0,261,207.401098
36.0,344,207.724029
24.0,198,207.910143
16.0,113,208.017273
18.0,194,208.199591
22.0,171,208.360876
23.0,214,208.562584
27.0,249,208.798868
26.0,234,210.279933
28.0,260,210.525315
30.0,275,210.785775
28.0,230,211.002899
26.0,237,211.229951
28.0,231,211.446648
30.0,265,211.699548
29.0,247,211.933687
22.0,191,212.114728
33.0,290,212.390688
21.0,183,212.563695
28.0,224,212.775882
23.0,214,212.97943
24.0,220,213.188143
18.0,167,213.347701
20.0,181,213.519731
30.0,257,213.764059
28.0,239,213.992279
19.0,154,214.138474
21.0,221,214.3499
27.0,218,214.556131
32.0,255,214.797935
26.0,242,216.28351
22.0,193,216.465445
40.0,370,216.812878
33.0,304,217.097923
25.0,211,217.295769
22.0,214,217.49614
36.0,326,217.802083
28.0,247,218.035074
33.0,342,218.354814
19.0,162,218.508687
26.0,202,218.697652
20.0,220,218.903808
31.0,315,219.201541
18.0,157,219.349314
35.0,334,219.663601
22.0,195,219.846554
25.0,232,220.06398
17.0,157,220.212073
30.0,265,220.46086
27.0,248,220.695261
20.0,189,220.873443
28.0,288,222.656643
34.0,278,222.91863
26.0,238,223.14238
20.0,184,223.31787
23.0,197,223.503151
26.0,210,223.702066
30.0,301,223.986689
27.0,236,224.209202
26.0,221,224.416877
34.0,307,224.706534
20.0,171,224.868587
21.0,189,225.047938
28.0,261,225.293208
26.0,227,225.508328
34.0,325,225.815971
19.0,166,225.973439
34.0,299,226.255798
28.0,251,226.490644
27.0,226,226.704906
21.0,185,226.880508
31.0,273,227.137603
29.0,243,228.707921
31.0,273,228.964493
33.0,302,229.250777
29.0,222,229.458376
22.0,197,229.646711
29.0,223,229.856489
28.0,236,230.079098
27.0,225,230.292568
19.0,160,230.445261
27.0,254,230.68469
22.0,206,230.882228
24.0,204,231.075307
25.0,204,231.268331
30.0,269,231.52273
22.0,194,231.706317
27.0,258,231.952315
20.0,184,232.127382
26.0,224,232.339793
21.0,159,232.491232
22.0,186,232.666581
37.0,321,232.970511
26.0,237,233.196744
30.0,279,234.665489
31.0,287,234.938617
19.0,159,235.090799
25.0,198,235.277576
14.0,151,235.423059
27.0,272,235.682992
23.0,210,235.883468
34.0,328,236.194341
38.0,360,236.536758
34.0,287,236.808584
27.0,224,237.022828
30.0,255,237.266189
27.0,221,237.476372
28.0,242,237.707734
29.0,273,237.96709
23.0,196,238.15416
30.0,278,238.419236
24.0,231,238.637995
26.0,222,238.849205
14.0,136,238.98011
26.0,232,239.199241
17.0,146,240.784417
32.0,288,241.05794
29.0,255,241.29964
31.0,266,241.552286
26.0,237,241.779176
9.0,89,241.86323
16.0,156,242.013323
27.0,248,242.24957
18.0,147,242.39104
16.0,155,242.53967
18.0,151,242.682836
19.0,187,242.861488
30.0,244,243.095577
30.0,261,243.3472
16.0,144,243.484564
21.0,187,243.663249
30.0,272,243.922043
23.0,183,244.097331
31.0,297,244.377982
26.0,223,244.590486
37.0,362,244.930876
29.0,293,245.209293
18.0,164,245.365256
22.0,210,246.512397
25.0,200,246.703676
19.0,184,246.876818
32.0,290,247.153103
25.0,216,247.358158
22.0,189,247.536423
19.0,169,247.694753
17.0,175,247.859984
21.0,170,248.021492
27.0,239,248.247727
26.0,227,248.46233
30.0,266,248.712083
31.0,299,248.992906
27.0,215,249.193428
23.0,200,249.380987
27.0,233,249.598718
17.0,185,249.772942
20.0,175,249.939725
21.0,221,250.148298
15.0,129,250.271655
35.0,296,250.551261
27.0,230,250.767998
23.0,209,250.965268
30.0,282,252.511413
23.0,197,252.696105
18.0,147,252.83668
24.0,202,253.027
26.0,228,253.241897
33.0,327,253.550193
30.0,262,253.797803
21.0,164,253.952275
30.0,265,254.19962
27.0,222,254.409062
37.0,319,254.709267
33.0,302,254.994056
27.0,250,255.229207
17.0,157,255.378439
22.0,185,255.554346
26.0,260,255.800343
37.0,321,256.103462
26.0,265,256.352556
21.0,185,256.52406
22.0,201,256.716313
21.0,174,256.878942
26.0,216,257.081817
19.0,144,258.459801
37.0,346,258.784558
33.0,277,259.043861
29.0,263,259.291187
22.0,193,259.473729
22.0,203,259.66366
28.0,229,259.878469
25.0,225,260.090739
15.0,139,260.223177
20.0,187,260.399238
18.0,147,260.537426
32.0,282,260.802064
18.0,173,260.965958
18.0,178,261.134893
33.0,352,261.465431
29.0,243,261.693177
25.0,214,261.897148
23.0,201,262.086536
23.0,205,262.280881
24.0,207,262.475273
32.0,302,262.762515
23.0,193,262.94448
23.0,196,264.617179
27.0,251,264.853597
33.0,312,265.146832
27.0,252,265.385349
24.0,213,265.585168
17.0,124,265.702024
30.0,276,265.960336
23.0,189,266.139253
19.0,139,266.270903
19.0,155,266.417879
24.0,204,266.611064
22.0,181,266.783372
24.0,200,266.971238
22.0,167,267.128995
24.0,215,267.331686
12.0,89,267.418087
31.0,287,267.688457
26.0,260,267.933059
26.0,216,268.136553
24.0,209,268.335135
38.0,368,268.680983
20.0,193,268.863611
18.0,165,269.019609
19.0,161,269.17201
25.0,215,270.728795
25.0,226,270.94178
22.0,195,271.123934
18.0,180,271.294083
27.0,234,271.514013
27.0,242,271.742095
19.0,155,271.889627
25.0,235,272.111843
36.0,329,272.422109
21.0,164,272.577763
28.0,203,272.769112
25.0,202,272.958188
31.0,319,273.256883
20.0,179,273.425351
23.0,191,273.606631
17.0,134,273.732952
17.0,148,273.872894
24.0,184,274.047088
25.0,220,274.255967
23.0,204,274.447758
24.0,190,274.628696
27.0,240,274.857408
26.0,261,275.105168
31.0,250,275.343184
28.0,247,277.094715
23.0,206,277.292356
28.0,247,277.524984
27.0,224,277.736729
20.0,164,277.893771
35.0,315,278.192581
34.0,313,278.489885
21.0,152,278.635218
33.0,288,278.90822
20.0,184,279.083343
36.0,337,279.404439
21.0,167,279.563258
9.0,150,279.704432
30.0,240,279.931726
26.0,195,280.118776
20.0,157,280.268135
31.0,287,280.545243
15.0,120,280.659228
20.0,188,280.836772
23.0,200,281.024685
23.0,191,281.203304
22.0,163,281.357707
19.0,150,281.500448
24.0,205,282.918055
22.0,189,283.096515
24.0,222,283.307091
26.0,230,283.524723
23.0,190,283.706426
26.0,238,283.932067
36.0,336,284.246078
34.0,319,284.546057
26.0,200,284.736146
22.0,195,284.919719
23.0,200,285.114586
28.0,290,285.389103
28.0,238,285.614974
16.0,126,285.734578
23.0,221,285.943485
28.0,241,286.171372
23.0,180,286.342656
25.0,187,286.519867
32.0,266,286.773689
27.0,272,287.032348
25.0,199,287.221539
22.0,240,287.448888
28.0,250,289.033488
27.0,246,289.26825
25.0,260,289.514799
23.0,220,289.724058
28.0,253,289.965264
31.0,252,290.205004
32.0,273,290.465199
20.0,208,290.661691
25.0,219,290.871227
37.0,331,291.182794
25.0,191,291.363482
22.0,166,291.521209
20.0,172,291.684816
32.0,307,291.972668
29.0,258,292.213069
27.0,238,292.436464
33.0,315,292.731299
28.0,231,292.949026
36.0,304,293.235333
23.0,201,293.423107
24.0,207,293.618717
22.0,177,295.14869
29.0,237,295.371876
20.0,148,295.512314
25.0,197,295.697943
25.0,215,295.903115
25.0,229,296.116379
20.0,172,296.278184
26.0,253,296.515669
28.0,239,296.741543
26.0,222,296.948288
26.0,241,297.174881
31.0,258,297.417234
19.0,159,297.56851
22.0,203,297.761229
26.0,235,297.980758
19.0,141,298.114872
27.0,224,298.327882
27.0,242,298.554649
24.0,220,298.763166
24.0,202,298.955482
30.0,280,299.218682
28.0,251,299.456721
20.0,184,299.629695
26.0,244,301.277219
24.0,207,301.474779
29.0,284,301.743982
13.0,111,301.850266
33.0,285,302.119706
31.0,262,302.36787
32.0,310,302.659679
24.0,218,302.866587
34.0,306,303.154889
26.0,235,303.377284
20.0,175,303.542773
27.0,238,303.767963
26.0,215,303.970851
26.0,198,304.158349
25.0,215,304.361438
22.0,183,304.53525
19.0,182,304.705662
26.0,222,304.915442
33.0,308,305.20657
30.0,234,305.4261
25.0,197,305.613961
22.0,176,305.781002
13.0,108,307.232995
25.0,205,307.428258
42.0,416,307.81981
30.0,258,308.0635
17.0,158,308.21501
25.0,178,308.383092
25.0,225,308.598216
11.0,103,308.695879
26.0,251,308.934409
25.0,225,309.146767
27.0,258,309.390364
28.0,255,309.631314
25.0,205,309.825748
27.0,231,310.04481
35.0,346,310.370275
23.0,197,310.55704
23.0,174,310.722702
31.0,261,310.968765
23.0,198,311.157823
22.0,185,311.333391
25.0,214,311.534766
24.0,199,311.722378
24.0,220,311.930522
23.0,238,313.254561
34.0,320,313.553913
27.0,253,313.791929
21.0,216,313.995244
27.0,221,314.20391
24.0,224,314.414897
12.0,96,314.506889
27.0,196,314.692043
33.0,298,314.972701
29.0,234,315.19018
33.0,304,315.476946
27.0,261,315.723682
20.0,164,315.879623
17.0,136,316.009482
22.0,200,316.199504
15.0,132,316.326117
36.0,381,316.686552
29.0,242,316.912576
19.0,147,317.052497
30.0,257,317.292365
29.0,246,317.524105
25.0,216,317.72833
27.0,207,319.340325
26.0,209,319.538245
30.0,278,319.799917
14.0,100,319.895335
19.0,160,320.047311
25.0,200,320.235436
21.0,207,320.430234
27.0,198,320.615004
22.0,218,320.820902
23.0,193,321.002869
31.0,301,321.288189
33.0,315,321.58544
16.0,146,321.724533
22.0,216,321.929228
19.0,138,322.060406
30.0,291,322.335312
27.0,214,322.537794
29.0,240,322.766415
26.0,235,322.989751
32.0,275,323.250142
22.0,195,323.434016
32.0,276,323.693501
19.0,190,323.873391
32.0,259,325.647182
35.0,333,325.958082
30.0,295,326.235951
35.0,301,326.518572
20.0,169,326.67869
25.0,191,326.858199
18.0,164,327.014391
26.0,241,327.240536
23.0,222,327.450265
27.0,215,327.654172
28.0,227,327.867095
29.0,241,328.093233
27.0,251,328.327718
21.0,182,328.500535
28.0,278,328.762874
23.0,185,328.939783
26.0,243,329.16752
27.0,257,329.410596
21.0,183,329.583257
17.0,159,329.734001
26.0,214,329.936198
23.0,191,330.116395
20.0,185,331.343688
24.0,195,331.527034
34.0,318,331.825723
30.0,231,332.044186
14.0,126,332.163421
17.0,161,332.315515
27.0,250,332.551625
23.0,220,332.758899
28.0,291,333.033078
24.0,217,333.236599
21.0,203,333.428079
34.0,285,333.695269
30.0,249,333.928327
36.0,357,334.263963
25.0,192,334.445227
20.0,192,334.624926
26.0,245,334.858256
22.0,177,335.026507
17.0,155,335.171749
22.0,206,335.36523
30.0,254,335.605541
29.0,245,335.837481
27.0,262,337.406194
18.0,157,337.557154
21.0,168,337.714282
24.0,197,337.901596
27.0,197,338.087871
32.0,297,338.370258
24.0,184,338.545143
16.0,154,338.693216
22.0,196,338.88036
22.0,172,339.042577
17.0,159,339.194293
31.0,299,339.476152
18.0,167,339.634423
25.0,237,339.858615
6.0,104,339.955662
29.0,263,340.203547
37.0,365,340.546952
23.0,191,340.728472
24.0,206,340.923924
24.0,199,341.112449
27.0,260,341.359844
30.0,242,341.587835
19.0,169,341.747164
15.0,123,341.864946
37.0,302,343.473204
31.0,253,343.713429
26.0,234,343.932879
14.0,106,344.034683
27.0,244,344.264644
27.0,242,344.491956
14.0,115,344.600777
24.0,223,344.810026
29.0,264,345.059019
22.0,182,345.231606
29.0,266,345.483155
22.0,193,345.664707
20.0,163,345.819558
18.0,186,345.994025
24.0,210,346.192379
34.0,316,346.489431
25.0,215,346.691705
15.0,159,346.841509
33.0,313,347.13665
20.0,185,347.313164
9.0,112,347.419548
29.0,265,347.669075
32.0,284,347.936076
19.0,152,349.518398
36.0,340,349.837742
27.0,233,350.057044
27.0,239,350.282464
24.0,209,350.477924
36.0,318,350.776709
24.0,174,350.940568
27.0,200,351.129082
25.0,239,351.355154
25.0,213,351.555246
21.0,161,351.706117
31.0,267,351.956409
28.0,233,352.174939
19.0,151,352.316508
27.0,234,352.538081
26.0,214,352.739314
21.0,173,352.902174
30.0,293,353.178809
27.0,256,353.42076
22.0,220,353.629215
28.0,255,353.86772
29.0,226,354.080199
33.0,274,355.604088
28.0,308,355.892412
31.0,245,356.122563
23.0,195,356.306
24.0,224,356.51545
28.0,246,356.747443
28.0,238,356.969362
33.0,309,357.259775
37.0,344,357.583992
26.0,264,357.831499
39.0,362,358.1722
15.0,125,358.290704
23.0,212,358.491038
29.0,251,358.725689
22.0,186,358.900957
27.0,233,359.119022
18.0,169,359.277986
32.0,270,359.532037
21.0,166,359.687643
25.0,228,359.900871
36.0,336,361.545054
24.0,229,361.761866
15.0,141,361.897172
18.0,170,362.057233
21.0,171,362.218506
23.0,179,362.386642
35.0,319,362.686817
23.0,178,362.855067
28.0,224,363.066109
28.0,220,363.272187
17.0,131,363.396541
15.0,123,363.511833
18.0,166,363.669919
35.0,325,363.974071
16.0,139,364.106357
23.0,181,364.276427
19.0,161,364.428359
22.0,176,364.595283
17.0,149,364.73759
16.0,138,364.868053
22.0,195,365.052594
25.0,190,365.230458
24.0,202,365.421894
26.0,221,365.630739
16.0,156,365.778637
30.0,250,366.013759
17.0,150,366.156004
24.0,204,367.623528
25.0,217,367.827615
21.0,165,367.984133
28.0,271,368.238996
30.0,251,368.476401
26.0,248,368.710096
26.0,198,368.898627
29.0,272,369.155255
28.0,257,369.396495
25.0,178,369.569093
21.0,158,369.718375
24.0,223,369.931421
25.0,246,370.165045
26.0,213,370.365572
39.0,393,370.736042
33.0,341,371.055877
21.0,196,371.241491
27.0,208,371.437143
10.0,96,371.529423
22.0,214,371.731791
29.0,216,371.93531
23.0,197,372.122586
27.0,229,373.627483
22.0,228,373.844089
28.0,230,374.061144
34.0,305,374.350593
19.0,188,374.528763
27.0,278,374.790535
35.0,320,375.092797
34.0,295,375.371473
25.0,216,375.575658
21.0,163,375.730374
23.0,191,375.910473
28.0,280,376.175115
14.0,130,376.299842
28.0,258,376.546264
23.0,215,376.750577
22.0,166,376.907993
22.0,167,377.064384
20.0,190,377.244075
31.0,297,377.522225
29.0,280,377.784816
21.0,175,377.948504
24.0,179,378.117825
20.0,157,379.475381
28.0,257,379.71585
28.0,235,379.936383
20.0,174,380.099478
31.0,273,380.359359
20.0,151,380.501192
31.0,269,380.755257
36.0,342,381.075069
21.0,223,381.285938
25.0,227,381.499119
31.0,268,381.751295
20.0,160,381.901808
20.0,209,382.098671
21.0,171,382.260384
22.0,202,382.452047
26.0,220,382.657903
23.0,183,382.832562
19.0,163,382.988993
27.0,269,383.244579
27.0,243,383.475369
28.0,254,383.714856
20.0,189,383.894371
27.0,224,384.107495
38.0,351,385.636381
25.0,241,385.864551
31.0,271,386.120628
25.0,231,386.338203
23.0,203,386.530552
18.0,156,386.678992
20.0,170,386.840063
26.0,239,387.067997
18.0,213,387.267198
30.0,293,387.544362
35.0,337,387.863345
21.0,190,388.042419
28.0,223,388.354846
35.0,307,388.643174
23.0,190,388.822453
22.0,222,389.034183
26.0,240,389.262448
22.0,165,389.417741
20.0,147,389.557817
20.0,160,389.70997
23.0,208,389.908631
22.0,190,390.086857
18.0,160,391.633966
28.0,249,391.869519
20.0,173,392.033879
22.0,195,392.217611
26.0,220,392.424747
36.0,325,392.73005
26.0,214,392.931003
22.0,202,393.121625
28.0,263,393.367773
28.0,272,393.623981
23.0,234,393.845775
27.0,216,394.049433
24.0,203,394.241262
28.0,246,394.472618
29.0,271,394.730019
30.0,277,394.991248
38.0,339,395.31021
10.0,115,395.420304
15.0,131,395.544472
16.0,135,395.67108
39.0,391,396.039612
25.0,244,397.488709
39.0,361,397.828398
28.0,292,398.101424
27.0,217,398.303831
17.0,181,398.476311
24.0,221,398.685234
20.0,171,398.846702
16.0,153,398.990314
24.0,208,399.186553
27.0,209,399.38292
33.0,311,399.67369
18.0,153,399.817568
22.0,209,400.014118
26.0,221,400.221916
20.0,174,400.386308
29.0,247,400.618876
18.0,174,400.78249
25.0,235,401.004206
36.0,345,401.327975
16.0,125,401.448216
26.0,228,401.663115
26.0,227,401.876096
21.0,181,402.045798
17.0,145,402.183109
31.0,258,403.948464
25.0,198,404.133806
26.0,213,404.331654
15.0,143,404.467643
25.0,227,404.681173
27.0,236,404.902422
26.0,222,405.110644
28.0,228,405.324807
22.0,186,405.499759
23.0,213,405.700222
28.0,261,405.945584
26.0,242,406.17336
24.0,184,406.34831
32.0,274,406.606126
30.0,293,406.882136
28.0,244,407.111732
28.0,259,407.354601
32.0,308,407.644509
22.0,237,407.868616
20.0,173,408.033936
29.0,221,408.242016
23.0,168,408.400992
26.0,193,409.911654
23.0,226,410.12768
18.0,158,410.277488
24.0,235,410.499309
23.0,230,410.714542
27.0,221,410.925155
26.0,231,411.143116
24.0,213,411.348242
20.0,197,411.533426
24.0,210,411.733109
15.0,125,411.854521
29.0,278,412.118902
26.0,233,412.340142
26.0,245,412.574618
28.0,230,412.792917
17.0,149,412.934733
17.0,154,413.082023
31.0,248,413.317579
14.0,112,413.425125
29.0,270,413.679929
21.0,192,413.862958
33.0,326,414.171432
28.0,260,414.418207
21.0,162,415.772079
30.0,292,416.049744
24.0,181,416.221164
20.0,161,416.373276
19.0,175,416.539416
18.0,150,416.681703
26.0,192,416.863234
30.0,245,417.095538
22.0,185,417.269781
25.0,228,417.483128
29.0,272,417.738946
23.0,208,417.93519
25.0,215,418.136508
30.0,267,418.388854
27.0,227,418.602892
27.0,223,418.811742
21.0,175,418.976161
29.0,222,419.185697
18.0,151,419.330293
31.0,280,419.593458
32.0,269,419.847343
20.0,164,420.002281
31.0,270,420.254907
35.0,293,421.737665
20.0,180,421.909944
18.0,157,422.057663
28.0,230,422.275774
36.0,337,422.593893
29.0,283,422.858266
26.0,198,423.04545
27.0,221,423.253905
20.0,183,423.427171
17.0,146,423.564372
16.0,159,423.712973
30.0,289,423.985364
22.0,162,424.138201
31.0,279,424.399751
27.0,220,424.607834
48.0,514,425.0884
20.0,165,425.244976
18.0,158,425.395291
18.0,184,425.568588
30.0,299,425.850763
23.0,207,426.045655
29.0,248,426.280449
33.0,309,427.777609
22.0,197,427.964018
31.0,281,428.226868
22.0,176,428.393428
27.0,233,428.611482
31.0,297,428.893504
40.0,385,429.255284
28.0,268,429.50804
29.0,235,429.73016
30.0,254,429.969949
27.0,260,430.216549
31.0,281,430.479721
29.0,243,430.70916
27.0,252,430.947541
21.0,176,431.113968
33.0,282,431.379056
34.0,331,431.690371
20.0,174,431.85499
32.0,278,432.117329
29.0,260,433.594082
29.0,273,433.854848
30.0,248,434.089473
15.0,129,434.212528
29.0,276,434.473452
26.0,209,434.671667
32.0,278,434.937225
31.0,266,435.1884
32.0,296,435.468346
28.0,236,435.692927
22.0,171,435.854734
21.0,173,436.01876
33.0,279,436.28263
36.0,343,436.604738
30.0,255,436.844162
25.0,218,437.051907
44.0,453,437.477194
26.0,245,437.708188
24.0,228,437.923267
20.0,169,438.084359
23.0,198,439.520103
20.0,159,439.671531
27.0,225,439.88541
18.0,139,440.018585
26.0,227,440.233143
17.0,133,440.36047
33.0,307,440.650027
30.0,244,440.882217
30.0,271,441.136405
31.0,285,441.407578
31.0,270,441.663981
31.0,282,441.92988
36.0,323,442.232884
16.0,144,442.3698
30.0,218,442.577595
24.0,198,442.764726
29.0,256,443.007288
24.0,189,443.187885
32.0,269,443.442437
25.0,207,443.640171
21.0,194,443.822832
17.0,125,443.941158
21.0,171,444.103582
28.0,219,445.722943
16.0,143,445.859588
19.0,165,446.016522
23.0,200,446.204975
36.0,318,446.502978
25.0,199,446.692317
25.0,209,446.890243
18.0,178,447.060631
14.0,135,447.189429
26.0,223,447.40024
34.0,297,447.682173
30.0,311,447.977098
28.0,250,448.210547
21.0,179,448.378354
22.0,199,448.563565
26.0,244,448.792537
30.0,258,449.035685
22.0,186,449.20946
21.0,167,449.366463
27.0,249,449.600377
21.0,196,449.78529
26.0,220,449.991354
25.0,204,450.184768
26.0,217,451.621597
42.0,391,451.98751
23.0,170,452.149233
26.0,193,452.331045
20.0,174,452.496154
30.0,291,452.767406
20.0,181,452.938735
23.0,181,453.108423
24.0,219,453.312792
40.0,374,453.661797
22.0,174,453.82693
32.0,309,454.116796
31.0,273,454.374166
23.0,197,454.55949
39.0,365,454.902346
10.0,103,454.999222
27.0,226,455.212387
25.0,218,455.416321
21.0,207,455.612699
26.0,224,455.823533
29.0,250,456.059772
30.0,252,457.577266
25.0,222,457.786295
30.0,276,458.045459
25.0,219,458.251314
26.0,201,458.440712
20.0,179,458.609527
33.0,286,458.877856
36.0,378,459.232846
16.0,124,459.350905
23.0,183,459.521928
23.0,219,459.725809
31.0,271,459.981316
26.0,226,460.193923
26.0,218,460.398534
26.0,204,460.59023
26.0,232,460.807799
26.0,210,461.007533
39.0,351,461.335753
26.0,263,461.584576
19.0,154,461.730946
29.0,264,461.979641
25.0,212,462.178927
30.0,242,463.682664
21.0,187,463.85922
23.0,215,464.064579
15.0,140,464.198004
18.0,142,464.332552
32.0,295,464.611535
33.0,365,464.956894
31.0,252,465.196201
31.0,253,465.434776
22.0,181,465.607028
19.0,191,465.786875
25.0,230,466.005816
23.0,205,466.199662
27.0,198,466.387385
26.0,219,466.59403
30.0,242,466.822397
23.0,268,467.07487
15.0,154,467.220556
36.0,343,467.545068
22.0,170,467.707224
22.0,203,467.898298
21.0,188,468.077326
24.0,213,469.566051
25.0,204,469.758752
21.0,201,469.946477
29.0,270,470.199058
21.0,214,470.402673
20.0,178,470.570617
22.0,200,470.757706
28.0,249,470.991046
26.0,224,471.202935
35.0,368,471.550359
19.0,167,471.707402
31.0,279,471.96929
23.0,237,472.19213
33.0,340,472.512009
21.0,186,472.687356
11.0,89,472.772013
18.0,163,472.92693
18.0,151,473.069584
24.0,208,473.263927
17.0,155,473.409643
14.0,140,473.542682
8.0,85,473.625253
30.0,274,473.883475
25.0,217,474.089419
14.0,104,474.188379
29.0,242,475.555924
29.0,257,475.799462
13.0,108,475.902528
26.0,244,476.133862
19.0,159,476.282751
29.0,241,476.511682
23.0,188,476.691005
19.0,171,476.853411
17.0,165,477.009628
37.0,306,477.300274
22.0,171,477.46135
25.0,212,477.662285
27.0,245,477.895731
27.0,211,478.094174
25.0,236,478.316582
21.0,169,478.477419
26.0,223,478.68688
22.0,169,478.847285
24.0,249,479.082164
32.0,266,479.33201
16.0,143,479.468755
30.0,304,479.756336
26.0,258,480.001656
26.0,257,481.593485
22.0,216,481.795484
26.0,238,482.018272
22.0,174,482.183381
30.0,244,482.410604
27.0,280,482.673955
30.0,277,482.932268
27.0,271,483.186894
32.0,307,483.47491
17.0,147,483.612624
27.0,255,483.852054
25.0,208,484.046259
29.0,232,484.263428
17.0,140,484.395194
28.0,219,484.601414
17.0,155,484.747501
14.0,134,484.872497
25.0,211,485.071849
29.0,267,485.323123
28.0,242,485.549989
20.0,180,485.717719
19.0,169,485.877147
30.0,291,486.150141
30.0,260,487.617478
20.0,158,487.767626
27.0,259,488.009048
26.0,239,488.235837
28.0,238,488.457937
29.0,224,488.668156
16.0,148,488.808377
27.0,251,489.043915
32.0,261,489.288846
21.0,172,489.450643
25.0,239,489.67396
18.0,151,489.817632
31.0,264,490.065965
26.0,237,490.287842
33.0,309,490.579421
38.0,347,490.905313
27.0,221,491.113659
15.0,140,491.246595
24.0,214,491.448179
29.0,310,491.739498
25.0,239,491.961599
32.0,267,493.485497
24.0,196,493.670961
31.0,278,493.932756
21.0,197,494.117811
32.0,314,494.412349
25.0,213,494.614343
29.0,258,494.855464
29.0,261,495.100873
14.0,135,495.229882
27.0,238,495.455199
26.0,228,495.668695
24.0,200,495.856987
23.0,204,496.049237
26.0,218,496.253752
25.0,230,496.470928
17.0,171,496.631707
34.0,295,496.908753
19.0,155,497.055021
24.0,191,497.234578
29.0,269,497.487611
40.0,359,497.825765
17.0,143,497.959975
18.0,150,499.402105
25.0,225,499.612189
32.0,266,499.863595
23.0,183,500.034002
28.0,269,500.287285
22.0,179,500.454652
28.0,235,500.675886
32.0,297,500.95445
29.0,248,501.18893
18.0,157,501.338578
28.0,228,501.553616
22.0,155,501.698976
30.0,259,501.94231
29.0,264,502.189485
29.0,250,502.424372
31.0,259,502.667131
40.0,412,503.054985
27.0,242,503.283039
31.0,300,503.564085
33.0,300,503.844669
23.0,199,504.030648
23.0,215,505.491935
16.0,147,505.631936
25.0,231,505.850499
27.0,231,506.068623
14.0,139,506.199244
20.0,187,506.377434
25.0,206,506.573167
28.0,257,506.813313
23.0,184,506.986176
26.0,230,507.199771
20.0,159,507.348409
23.0,216,507.551228
29.0,241,507.777209
18.0,135,507.90552
25.0,194,508.089286
31.0,280,508.351877
19.0,180,508.522335
30.0,295,508.797005
23.0,189,508.976789
28.0,255,509.214594
30.0,258,509.458087
22.0,178,509.62569
24.0,235,509.84619
18.0,144,509.983019
18.0,170,511.49612
32.0,260,511.739799
29.0,274,511.998224
26.0,224,512.208055
29.0,279,512.472431
27.0,237,512.695692
25.0,189,512.873996
25.0,232,513.091253
33.0,288,513.360923
20.0,169,513.52086
23.0,200,513.709658
33.0,276,513.96996
25.0,244,514.20041
24.0,203,514.391664
20.0,181,514.564413
23.0,188,514.741715
21.0,168,514.901069
30.0,277,515.160702
31.0,271,515.415668
35.0,308,515.702917
22.0,196,515.887157
28.0,246,517.428281
28.0,244,517.659027
24.0,223,517.870212
22.0,197,518.054972
32.0,286,518.325469
19.0,156,518.472446
34.0,327,518.777151
23.0,219,518.984525
33.0,270,519.23945
31.0,291,519.511897
23.0,198,519.69895
12.0,104,519.798114
24.0,217,520.003249
31.0,263,520.252501
16.0,134,520.37867
34.0,306,520.666451
34.0,308,520.955167
19.0,192,521.138148
27.0,199,521.32665
20.0,170,521.487216
24.0,217,521.691039
26.0,237,521.914742
20.0,189,522.092188
27.0,234,523.57445
28.0,227,523.788976
22.0,183,523.96262
23.0,190,524.141446
25.0,215,524.343795
19.0,184,524.515358
35.0,294,524.790989
28.0,232,525.009773
32.0,266,525.258669
16.0,142,525.393872
22.0,179,525.562226
42.0,370,525.910323
28.0,260,526.15377
33.0,261,526.39922
26.0,255,526.640481
19.0,252,526.877757
25.0,204,527.070771
21.0,194,527.253997
21.0,172,527.417122
19.0,202,527.610789
23.0,186,527.78626
30.0,285,528.057521
16.0,139,529.346857
27.0,216,529.548068
21.0,162,529.702387
18.0,177,529.868663
30.0,259,530.112036
27.0,243,530.341511
30.0,259,530.583335
33.0,332,530.894022
29.0,248,531.127065
31.0,254,531.364779
22.0,202,531.554836
21.0,191,531.735281
31.0,271,531.989023
32.0,321,532.290854
26.0,221,532.499662
25.0,189,532.678151
26.0,224,532.88866
20.0,190,533.06717
32.0,344,533.390781
25.0,228,533.603497
39.0,371,533.952734
19.0,146,535.42753
30.0,258,535.669649
26.0,221,535.874242
24.0,183,536.047569
36.0,320,536.34881
34.0,320,536.652026
19.0,155,536.799768
31.0,317,537.097113
10.0,100,537.191545
26.0,233,537.411131
33.0,343,537.733708
23.0,200,537.923585
26.0,205,538.116255
24.0,225,538.328677
30.0,238,538.55284
31.0,271,538.810181
29.0,295,539.08611
24.0,235,539.308143
16.0,147,539.447656
30.0,226,539.661629
21.0,189,539.841574
23.0,197,541.185234
32.0,322,541.487955
25.0,222,541.699077
26.0,210,541.897297
25.0,207,542.093774
37.0,346,542.41984
11.0,108,542.523143
28.0,212,542.723665
31.0,270,542.978389
35.0,334,543.293244
24.0,224,543.503443
28.0,262,543.748231
24.0,227,543.962496
24.0,179,544.131697
26.0,238,544.355627
12.0,104,544.455282
21.0,188,544.632946
19.0,162,544.786197
19.0,170,544.945337
14.0,113,545.052572
31.0,273,545.312903
26.0,238,545.535453
8.0,75,545.608196
24.0,205,545.799883
29.0,231,547.388812
29.0,232,547.60718
30.0,276,547.867886
28.0,283,548.134998
18.0,137,548.264365
27.0,265,548.513191
31.0,268,548.765619
25.0,227,548.9794
27.0,227,549.193306
28.0,261,549.438695
26.0,201,549.629453
34.0,342,549.950581
33.0,277,550.211085
23.0,194,550.393678
23.0,232,550.612341
10.0,87,550.696363
31.0,260,550.940631
28.0,254,551.178771
29.0,225,551.390676
31.0,272,551.645921
39.0,377,553.269391
23.0,195,553.453398
30.0,274,553.709061
30.0,247,553.942856
26.0,231,554.160039
28.0,293,554.434573
32.0,300,554.717636
21.0,184,554.891848
29.0,300,555.173509
33.0,270,555.42947
22.0,178,555.662224
24.0,199,555.851171
33.0,266,556.100818
24.0,211,556.299458
26.0,234,556.521527
27.0,259,556.764843
26.0,247,556.997874
28.0,272,557.254124
31.0,245,557.482929
27.0,226,557.696401
26.0,234,557.916611
42.0,438,559.645017
23.0,192,559.826931
26.0,225,560.038877
29.0,240,560.266199
14.0,133,560.392284
19.0,162,560.547774
26.0,205,560.742374
25.0,261,560.986601
22.0,180,561.157257
26.0,255,561.398026
26.0,227,561.613244
32.0,271,561.870954
26.0,204,562.06421
21.0,170,562.224034
25.0,223,562.435124
25.0,247,562.669556
31.0,246,562.901785
20.0,192,563.083343
28.0,267,563.33514
28.0,246,563.569181
21.0,163,563.723422
20.0,197,563.907336
34.0,304,565.420256
25.0,207,565.61424
28.0,220,565.819252
25.0,254,566.059314
18.0,152,566.201721
26.0,239,566.424223
25.0,195,566.606732
20.0,149,566.747358
27.0,276,567.006268
30.0,248,567.239892
24.0,230,567.45706
25.0,248,567.689456
22.0,161,567.841141
34.0,360,568.180439
23.0,220,568.386823
33.0,330,568.696891
21.0,161,568.84725
30.0,274,569.105278
21.0,181,569.275285
32.0,298,569.554946
30.0,252,569.792083
32.0,290,571.48955
30.0,258,571.732847
25.0,225,571.943037
33.0,307,572.232099
30.0,243,572.460968
26.0,238,572.683802
24.0,199,572.870586
26.0,232,573.088315
25.0,184,573.261466
24.0,177,573.427035
28.0,242,573.655954
15.0,173,573.81794
34.0,331,574.129822
28.0,259,574.373351
20.0,186,574.548154
22.0,193,574.72851
25.0,236,574.949421
9.0,112,575.053789
35.0,292,575.328986
26.0,252,575.565453
30.0,268,575.81763
21.0,215,576.019681
29.0,269,577.665987
27.0,247,577.897391
20.0,190,578.076544
29.0,282,578.340023
35.0,324,578.644103
37.0,326,578.950329
25.0,193,579.132982
18.0,160,579.282772
30.0,256,579.522553
33.0,309,579.811758
29.0,275,580.071037
26.0,239,580.295645
27.0,218,580.498567
29.0,256,580.740331
28.0,282,581.005544
9.0,126,581.122585
17.0,154,581.268728
8.0,93,581.357338
24.0,221,581.566845
17.0,162,581.720129
21.0,144,581.855213
19.0,161,582.006578
23.0,217,583.412051
21.0,196,583.595772
30.0,280,583.858977
30.0,257,584.098866
25.0,224,584.309315
21.0,168,584.468805
17.0,151,584.613394
25.0,216,584.815433
28.0,214,585.018579
20.0,178,585.186603
24.0,225,585.399539
26.0,210,585.597671
25.0,231,585.815733
26.0,259,586.059584
16.0,153,586.206376
21.0,204,586.398099
26.0,224,586.608942
33.0,346,586.933457
15.0,147,587.073449
18.0,156,587.221089
31.0,255,587.463125
29.0,277,587.723357
31.0,287,587.994618
21.0,145,589.528734
31.0,277,589.788986
25.0,198,589.975631
24.0,204,590.168869
26.0,222,590.377735
22.0,228,590.593689
32.0,275,590.85413
26.0,241,591.082421
23.0,211,591.282562
23.0,208,591.480227
42.0,410,591.865854
34.0,319,592.167496
18.0,188,592.346447
26.0,240,592.573436
22.0,215,592.775985
30.0,270,593.030923
8.0,90,593.116284
27.0,244,593.347202
33.0,318,593.64721
28.0,246,593.880842
33.0,320,594.181198
28.0,266,595.845986
23.0,172,596.009185
27.0,265,596.261232
26.0,234,596.483554
25.0,236,596.706556
30.0,279,596.970326
25.0,223,597.181155
45.0,456,597.612556
28.0,271,597.869133
31.0,284,598.138182
20.0,170,598.299107
22.0,186,598.475368
20.0,167,598.635144
32.0,286,598.902071
16.0,145,599.038599
28.0,265,599.287464
27.0,253,599.523631
22.0,217,599.727514
28.0,274,599.983379
28.0,250,600.217004
19.0,179,601.770902
18.0,142,601.906105
25.0,236,602.128786
33.0,283,602.394275
19.0,163,602.546984
14.0,125,602.66586
25.0,194,602.847174
39.0,341,603.166867
39.0,374,603.517769
21.0,202,603.706801
25.0,194,603.890558
29.0,224,604.100065
23.0,190,604.278656
32.0,248,604.511283
27.0,272,604.768187
36.0,311,605.059787
23.0,195,605.243366
27.0,248,605.476998
17.0,144,605.612756
26.0,222,605.822383
14.0,137,605.95362
23.0,211,606.152242
19.0,149,606.294673
15.0,145,606.432832
28.0,271,608.025211
28.0,267,608.276177
28.0,265,608.525865
29.0,276,608.786369
31.0,307,609.073994
11.0,157,609.221034
26.0,252,609.458338
26.0,215,609.658687
36.0,314,609.956504
24.0,215,610.159314
16.0,130,610.282866
22.0,230,610.500557
35.0,292,610.775352
25.0,188,610.952382
22.0,187,611.128199
23.0,219,611.334628
15.0,136,611.46355
26.0,259,611.708258
23.0,206,611.901137
30.0,252,612.138989
24.0,186,612.314798
22.0,208,613.830535
21.0,170,613.995674
29.0,264,614.243564
25.0,217,614.44936
21.0,191,614.629386
25.0,198,614.816803
34.0,324,615.121376
25.0,209,615.319425
28.0,268,615.571772
15.0,124,615.694083
25.0,234,615.915355
28.0,238,616.139439
34.0,329,616.449996
28.0,277,616.714066
37.0,389,617.07671
19.0,157,617.223814
31.0,293,617.49623
26.0,233,617.716512
27.0,238,617.939162
26.0,217,618.142188
27.0,253,618.380657
23.0,188,619.96462
36.0,348,620.293358
24.0,228,620.506944
35.0,324,620.810154
28.0,272,621.06953
29.0,261,621.313311
23.0,186,621.487355
27.0,230,621.704414
24.0,214,621.905731
27.0,253,622.145892
27.0,260,622.389432
13.0,121,622.502268
29.0,268,622.755336
34.0,314,623.050391
15.0,108,623.153331
25.0,236,623.375851
18.0,182,623.549414
41.0,370,623.897527
21.0,181,624.069783
26.0,250,624.303403
23.0,181,624.473908
18.0,161,624.628162
21.0,177,626.119631
34.0,277,626.379875
17.0,170,626.541912
30.0,259,626.785601
22.0,178,626.954795
21.0,185,627.128251
25.0,237,627.351723
26.0,210,627.549987
18.0,170,627.709111
21.0,181,627.880081
27.0,249,628.114384
29.0,271,628.369417
21.0,169,628.527959
26.0,208,628.723099
24.0,224,628.933855
14.0,131,629.058684
23.0,212,629.25825
16.0,131,629.381498
30.0,268,629.631705
23.0,230,629.84849
31.0,295,630.125831
31.0,357,630.460008
31.0,306,632.047584
25.0,228,632.260705
25.0,192,632.44217
26.0,233,632.661657
27.0,244,632.891696
28.0,240,633.117211
37.0,358,633.453167
10.0,93,633.542074
33.0,289,633.813473
30.0,298,634.093341
15.0,153,634.237245
24.0,201,634.427528
30.0,295,634.703328
34.0,306,634.992063
9.0,95,635.082696
29.0,278,635.343807
20.0,164,635.497857
31.0,286,635.766943
25.0,224,635.978449
24.0,209,636.174311
13.0,130,636.297396
20.0,155,636.44249
26.0,240,636.666845
