#{"t_start": 1721618860.4486358, "env_id": "VizdoomMyWayHome-v0"}
r,l,t
-0.21,525,1.475569
-0.21,525,1.744966
-0.21,525,2.014731
-0.21,525,2.284861
-0.21,525,2.555301
-0.21,525,2.82477
-0.21,525,3.093839
0.9965,9,3.099558
-0.21,525,3.36889
-0.21,525,3.638618
-0.21,525,5.120982
-0.21,525,5.397081
-0.21,525,5.671871
-0.21,525,5.947046
-0.21,525,6.220915
-0.21,525,6.493532
-0.21,525,6.763792
-0.21,525,7.033861
-0.21,525,7.303428
-0.21,525,7.574164
-0.21,525,9.045063
-0.21,525,9.321578
-0.21,525,9.595716
-0.21,525,9.870172
-0.21,525,10.14605
0.9747,64,10.180194
-0.21,525,10.451913
-0.21,525,10.722721
-0.21,525,10.995157
-0.21,525,11.26534
-0.21,525,12.72553
-0.21,525,12.997719
-0.21,525,13.26798
-0.21,525,13.539014
-0.21,525,13.808937
-0.21,525,14.078295
-0.21,525,14.347816
0.9947,14,14.356065
-0.21,525,14.626235
-0.21,525,14.898551
-0.21,525,16.368625
-0.21,525,16.648431
-0.21,525,16.920935
-0.21,525,17.192413
-0.21,525,17.465901
-0.21,525,17.746306
-0.21,525,18.017708
-0.21,525,18.290224
-0.21,525,18.563751
-0.21,525,18.839466
-0.21,525,20.312498
-0.21,525,20.588182
-0.21,525,20.862348
-0.21,525,21.136345
-0.21,525,21.409613
-0.21,525,21.68326
-0.21,525,21.957748
-0.21,525,22.230801
-0.21,525,22.505537
-0.21,525,22.780957
-0.21,525,24.242426
-0.21,525,24.514566
-0.21,525,24.787307
-0.21,525,25.061872
-0.21,525,25.33455
-0.21,525,25.608881
-0.21,525,25.882447
-0.21,525,26.155168
-0.21,525,26.428724
-0.21,525,26.701427
-0.21,525,28.169873
-0.21,525,28.440013
-0.21,525,28.70942
-0.21,525,28.977641
-0.21,525,29.245446
-0.21,525,29.514625
-0.21,525,29.784035
-0.21,525,30.054228
-0.21,525,30.326241
0.9941,15,30.335344
-0.21,525,31.806443
-0.21,525,32.078563
-0.21,525,32.354259
-0.21,525,32.627141
-0.21,525,32.899364
-0.21,525,33.171359
-0.21,525,33.442826
-0.21,525,33.714593
-0.21,525,33.986411
-0.21,525,34.258008
-0.21,525,35.712629
-0.21,525,35.987243
-0.21,525,36.257028
-0.21,525,36.526999
-0.21,525,36.797385
-0.21,525,37.067825
-0.21,525,37.337742
-0.21,525,37.606788
-0.21,525,37.874875
-0.21,525,38.142382
-0.21,525,39.599997
-0.21,525,39.873249
-0.21,525,40.146878
-0.21,525,40.419121
-0.21,525,40.691875
-0.21,525,40.9649
-0.21,525,41.237744
-0.21,525,41.514573
-0.21,525,41.788065
-0.21,525,42.06777
-0.21,525,43.516918
-0.21,525,43.788095
-0.21,525,44.05832
-0.21,525,44.328537
-0.21,525,44.598854
-0.21,525,44.870049
-0.21,525,45.148524
-0.21,525,45.41893
-0.21,525,45.691317
-0.21,525,45.964701
-0.21,525,47.432801
-0.21,525,47.707324
-0.21,525,47.982243
-0.21,525,48.251492
-0.21,525,48.522443
-0.21,525,48.793191
-0.21,525,49.087086
-0.21,525,49.358453
-0.21,525,49.630564
-0.21,525,49.902226
-0.21,525,51.366165
0.9972,7,51.370866
-0.21,525,51.644651
-0.21,525,51.921662
-0.21,525,52.195297
-0.21,525,52.469052
-0.21,525,52.743186
-0.21,525,53.017571
-0.21,525,53.29034
-0.21,525,53.563345
-0.21,525,55.009933
-0.21,525,55.284457
-0.21,525,55.558063
-0.21,525,55.831568
-0.21,525,56.111531
-0.21,525,56.380535
0.9947,14,56.388721
-0.21,525,56.665042
-0.21,525,56.935916
-0.21,525,57.205221
-0.21,525,58.676575
-0.21,525,58.949008
-0.21,525,59.223905
-0.21,525,59.497566
-0.21,525,59.771012
-0.21,525,60.044165
-0.21,525,60.319442
-0.21,525,60.594398
-0.21,525,60.868112
-0.21,525,61.141792
-0.21,525,62.595536
-0.21,525,62.871486
-0.21,525,63.146774
-0.21,525,63.420847
-0.21,525,63.695226
-0.21,525,63.970373
-0.21,525,64.246675
-0.21,525,64.523898
-0.21,525,64.799036
-0.21,525,65.075848
-0.21,525,66.526384
-0.21,525,66.804165
0.9949,13,66.812077
-0.21,525,67.082814
-0.21,525,67.353252
-0.21,525,67.626567
-0.21,525,67.904851
-0.21,525,68.174671
-0.21,525,68.444698
-0.21,525,68.715864
-0.21,525,70.169239
-0.21,525,70.445158
-0.21,525,70.71823
-0.21,525,70.987768
-0.21,525,71.257602
-0.21,525,71.535145
-0.21,525,71.806084
-0.21,525,72.075666
-0.21,525,72.344282
-0.21,525,72.613919
-0.21,525,74.062037
0.9944,14,74.070413
-0.21,525,74.343623
-0.21,525,74.616584
-0.21,525,74.889114
-0.21,525,75.16153
-0.21,525,75.436059
-0.21,525,75.710033
-0.21,525,75.983207
-0.21,525,76.257479
-0.21,525,80.146253
-0.21,525,80.420041
-0.21,525,80.694566
-0.21,525,80.967633
-0.21,525,81.243581
-0.21,525,81.518557
-0.21,525,81.789954
-0.21,525,82.060493
-0.21,525,82.331036
-0.21,525,82.599944
-0.21,525,86.520448
-0.21,525,86.793365
0.8851,288,86.94192
-0.21,525,87.214077
-0.21,525,87.483603
-0.21,525,87.759735
-0.21,525,88.028398
-0.21,525,88.299864
-0.21,525,88.568508
-0.21,525,88.837037
-0.21,525,92.763127
-0.21,525,93.037259
-0.21,525,93.312014
-0.21,525,93.584174
-0.21,525,93.852974
-0.21,525,94.120539
-0.21,525,94.389432
-0.21,525,94.658212
-0.21,525,94.927225
-0.21,525,95.196668
-0.21,525,99.14744
-0.21,525,99.422799
-0.21,525,99.702976
-0.21,525,99.978547
-0.21,525,100.255666
-0.21,525,100.527973
-0.21,525,100.799871
-0.21,525,101.07707
-0.21,525,101.350345
-0.21,525,101.627881
-0.21,525,105.627402
-0.21,525,105.900468
-0.21,525,106.173878
-0.21,525,106.448188
-0.21,525,106.723007
-0.21,525,106.993316
-0.21,525,107.26954
-0.21,525,107.540954
-0.21,525,107.812451
-0.21,525,108.08479
-0.21,525,112.151608
-0.21,525,112.423286
-0.21,525,112.697991
-0.21,525,112.973764
-0.21,525,113.248573
-0.21,525,113.525364
-0.21,525,113.800694
-0.21,525,114.074773
-0.21,525,114.350197
-0.21,525,114.62544
-0.21,525,118.662503
-0.21,525,118.936291
-0.21,525,119.216085
-0.21,525,119.491434
-0.21,525,119.761279
-0.21,525,120.030117
-0.21,525,120.299412
-0.21,525,120.572284
-0.21,525,120.842264
-0.21,525,121.113904
-0.21,525,125.143203
-0.21,525,125.411812
-0.21,525,125.683421
-0.21,525,125.950372
-0.21,525,126.222673
-0.21,525,126.489855
-0.21,525,126.757377
-0.21,525,127.02491
-0.21,525,127.294262
-0.21,525,127.565512
-0.21,525,131.651568
-0.21,525,131.922264
-0.21,525,132.196079
-0.21,525,132.467184
-0.21,525,132.739345
-0.21,525,133.014066
-0.21,525,133.284602
-0.21,525,133.554204
-0.21,525,133.824415
-0.21,525,134.094724
-0.21,525,138.244623
-0.21,525,138.515042
-0.21,525,138.784518
-0.21,525,139.055304
-0.21,525,139.326488
-0.21,525,139.596184
0.9935,17,139.605995
-0.21,525,139.876102
-0.21,525,140.145778
-0.21,525,140.416777
-0.21,525,144.671012
-0.21,525,144.93955
-0.21,525,145.212863
-0.21,525,145.484032
-0.21,525,145.759446
-0.21,525,146.035999
-0.21,525,146.315406
-0.21,525,146.588898
0.9955,12,146.596172
-0.21,525,146.868736
-0.21,525,151.063582
-0.21,525,151.333641
-0.21,525,151.606224
-0.21,525,151.874563
-0.21,525,152.146918
-0.21,525,152.417572
-0.21,525,152.689736
-0.21,525,152.962856
-0.21,525,153.234568
-0.21,525,153.506077
-0.21,525,157.728554
-0.21,525,157.998936
-0.21,525,158.268481
-0.21,525,158.539089
-0.21,525,158.825562
-0.21,525,159.095953
-0.21,525,159.369206
-0.21,525,159.637207
-0.21,525,159.906791
-0.21,525,160.177948
-0.21,525,164.449033
-0.21,525,164.720767
-0.21,525,164.993413
-0.21,525,165.263765
-0.21,525,165.533853
-0.21,525,165.805723
-0.21,525,166.077693
-0.21,525,166.348519
-0.21,525,166.621737
-0.21,525,166.890661
-0.21,525,171.116555
-0.21,525,171.387929
-0.21,525,171.659118
-0.21,525,171.930925
-0.21,525,172.202439
-0.21,525,172.473461
-0.21,525,172.746962
-0.21,525,173.017613
-0.21,525,173.290345
-0.21,525,173.565365
-0.21,525,177.865972
-0.21,525,178.132829
-0.21,525,178.403892
-0.21,525,178.678929
-0.21,525,178.951759
-0.21,525,179.223908
-0.21,525,179.495919
-0.21,525,179.765284
-0.21,525,180.032365
-0.21,525,180.30324
-0.21,525,184.666852
-0.21,525,184.938569
-0.21,525,185.215525
-0.21,525,185.487646
-0.21,525,185.758688
-0.21,525,186.030697
-0.21,525,186.29807
-0.21,525,186.568969
-0.21,525,186.839566
-0.21,525,187.111584
-0.21,525,191.413716
-0.21,525,191.684031
-0.21,525,191.956198
-0.21,525,192.227399
-0.21,525,192.500567
-0.21,525,192.771797
-0.21,525,193.041966
-0.21,525,193.310721
-0.21,525,193.581812
-0.21,525,193.867359
-0.21,525,198.212766
-0.21,525,198.484236
-0.21,525,198.757733
-0.21,525,199.029523
-0.21,525,199.305232
-0.21,525,199.580031
-0.21,525,199.853426
-0.21,525,200.129522
-0.21,525,200.404417
-0.21,525,200.676445
-0.21,525,205.164264
0.9941,15,205.173167
-0.21,525,205.446685
-0.21,525,205.71878
-0.21,525,205.991086
-0.21,525,206.262363
0.987,33,206.280513
-0.21,525,206.552986
0.9944,14,206.561347
-0.21,525,206.832949
0.8923,270,211.176479
-0.21,525,211.447833
0.9957,11,211.45442
-0.21,525,211.728924
-0.21,525,211.997962
-0.21,525,212.265278
-0.21,525,212.531966
-0.21,525,212.801737
-0.21,525,213.074589
-0.21,525,213.346558
-0.21,525,217.828519
-0.21,525,218.103493
-0.21,525,218.379715
-0.21,525,218.656027
-0.21,525,218.931475
-0.21,525,219.206581
-0.21,525,219.475715
-0.21,525,219.743964
-0.21,525,220.012859
-0.21,525,220.281527
-0.21,525,224.757056
-0.21,525,225.036307
-0.21,525,225.312414
-0.21,525,225.590089
-0.21,525,225.871214
-0.21,525,226.148852
-0.21,525,226.423856
-0.21,525,226.700313
-0.21,525,226.97575
-0.21,525,227.245897
-0.21,525,231.720641
-0.21,525,231.989191
-0.21,525,232.272311
-0.21,525,232.540242
-0.21,525,232.808617
-0.21,525,233.08339
-0.21,525,233.357786
-0.21,525,233.629152
-0.21,525,233.905985
-0.21,525,234.180166
-0.21,525,238.652373
-0.21,525,238.921817
0.9942,15,238.930725
-0.21,525,239.199356
-0.21,525,239.471385
-0.21,525,239.742398
-0.21,525,240.014949
-0.21,525,240.282638
-0.21,525,240.554302
-0.21,525,240.823922
-0.21,525,245.279064
-0.21,525,245.549871
-0.21,525,245.821932
0.985,38,245.842798
-0.21,525,246.114867
-0.21,525,246.388248
-0.21,525,246.66344
-0.21,525,246.936366
-0.21,525,247.208977
-0.21,525,247.480133
-0.21,525,252.022047
-0.21,525,252.300191
-0.21,525,252.583218
-0.21,525,252.867286
-0.21,525,253.144896
-0.21,525,253.425711
-0.21,525,253.707803
-0.21,525,253.988544
-0.21,525,254.267202
-0.21,525,254.541352
-0.21,525,259.151908
-0.21,525,259.424334
-0.21,525,259.694315
-0.21,525,259.962579
-0.21,525,260.231468
-0.21,525,260.50164
-0.21,525,260.771928
-0.21,525,261.039596
-0.21,525,261.308712
-0.21,525,261.580207
-0.21,525,266.160092
-0.21,525,266.439017
-0.21,525,266.712856
-0.21,525,266.986368
-0.21,525,267.258476
-0.21,525,267.53025
-0.21,525,267.803585
-0.21,525,268.075961
-0.21,525,268.347278
-0.21,525,268.618892
-0.21,525,273.2317
-0.21,525,273.509425
-0.21,525,273.784185
-0.21,525,274.055863
-0.21,525,274.328731
-0.21,525,274.601792
-0.21,525,274.873737
-0.21,525,275.144493
-0.21,525,275.414908
-0.21,525,275.686149
-0.21,525,280.334097
-0.21,525,280.605768
-0.21,525,280.878856
-0.21,525,281.152555
-0.21,525,281.42703
-0.21,525,281.700362
-0.21,525,281.975143
-0.21,525,282.248317
-0.21,525,282.518721
-0.21,525,282.790574
-0.21,525,287.444612
-0.21,525,287.717445
-0.21,525,287.99793
-0.21,525,288.288338
-0.21,525,288.557227
-0.21,525,288.830048
-0.21,525,289.102251
-0.21,525,289.374549
-0.21,525,289.645865
-0.21,525,289.917851
-0.21,525,294.628911
-0.21,525,294.903232
-0.21,525,295.171435
-0.21,525,295.442765
-0.21,525,295.720842
-0.21,525,295.994601
-0.21,525,296.263872
-0.21,525,296.538089
-0.21,525,296.807145
-0.21,525,297.076928
-0.21,525,301.746091
-0.21,525,302.014489
-0.21,525,302.281669
-0.21,525,302.554392
-0.21,525,302.828667
-0.21,525,303.10937
-0.21,525,303.377856
-0.21,525,303.646885
-0.21,525,303.914273
-0.21,525,304.182147
-0.21,525,308.931496
-0.21,525,309.216662
-0.21,525,309.492631
-0.21,525,309.761366
-0.21,525,310.028175
-0.21,525,310.29582
-0.21,525,310.562324
-0.21,525,310.831632
-0.21,525,311.101349
-0.21,525,311.368892
-0.21,525,315.994092
-0.21,525,316.26341
-0.21,525,316.532479
-0.21,525,316.801858
-0.21,525,317.073263
-0.21,525,317.341093
-0.21,525,317.610885
-0.21,525,317.879501
-0.21,525,318.15046
-0.21,525,318.418925
-0.21,525,323.148779
-0.21,525,323.420735
0.9965,9,323.426355
-0.21,525,323.698348
-0.21,525,323.96795
-0.21,525,324.240193
-0.21,525,324.510815
-0.21,525,324.782662
0.9902,25,324.796408
0.9765,59,324.827698
-0.21,525,329.491417
-0.21,525,329.762767
-0.21,525,330.038818
0.9888,28,330.054626
-0.21,525,330.329853
-0.21,525,330.6007
-0.21,525,330.872539
-0.21,525,331.145662
-0.21,525,331.419595
-0.21,525,331.692824
-0.21,525,336.361059
-0.21,525,336.635821
-0.21,525,336.905439
-0.21,525,337.17655
-0.21,525,337.448898
-0.21,525,337.716863
-0.21,525,337.985765
-0.21,525,338.253252
-0.21,525,338.524781
-0.21,525,338.794854
-0.21,525,343.435699
-0.21,525,343.706463
-0.21,525,343.979137
-0.21,525,344.251387
-0.21,525,344.522923
-0.21,525,344.798653
-0.21,525,345.070571
0.9959,11,345.077341
-0.21,525,345.347272
-0.21,525,345.623522
-0.21,525,350.312809
-0.21,525,350.58491
-0.21,525,350.857772
-0.21,525,351.13064
-0.21,525,351.404716
-0.21,525,351.675477
-0.21,525,351.949022
-0.21,525,352.222318
-0.21,525,352.493985
-0.21,525,352.766703
-0.21,525,357.450443
-0.21,525,357.719405
-0.21,525,357.988022
-0.21,525,358.26071
-0.21,525,358.529909
-0.21,525,358.797461
-0.21,525,359.068631
-0.21,525,359.344209
-0.21,525,359.620763
-0.21,525,359.895702
-0.21,525,364.63087
-0.21,525,364.907457
-0.21,525,365.182653
-0.21,525,365.454753
-0.21,525,365.754412
-0.21,525,366.024991
-0.21,525,366.296352
-0.21,525,366.568899
-0.21,525,366.843747
-0.21,525,367.117045
-0.21,525,371.868376
-0.21,525,372.142112
-0.21,525,372.415991
-0.21,525,372.691744
-0.21,525,372.963228
-0.21,525,373.233392
-0.21,525,373.504919
-0.21,525,373.778363
-0.21,525,374.052512
-0.21,525,374.328618
-0.21,525,379.046765
-0.21,525,379.318852
-0.21,525,379.590401
-0.21,525,379.86238
-0.21,525,380.135776
-0.21,525,380.407504
-0.21,525,380.680555
-0.21,525,380.953151
-0.21,525,381.223275
-0.21,525,381.493042
-0.21,525,386.177439
-0.21,525,386.447324
-0.21,525,386.716347
-0.21,525,386.988299
-0.21,525,387.260556
-0.21,525,387.533217
-0.21,525,387.805748
0.991,23,387.818719
-0.21,525,388.090988
-0.21,525,388.364192
-0.21,525,393.035132
-0.21,525,393.304227
-0.21,525,393.573112
0.9956,11,393.579731
-0.21,525,393.848069
-0.21,525,394.116807
-0.21,525,394.385577
-0.21,525,394.655386
0.8363,410,394.865851
-0.21,525,395.137381
-0.21,525,399.755672
-0.21,525,400.025065
-0.21,525,400.300188
-0.21,525,400.573094
-0.21,525,400.842212
-0.21,525,401.114922
-0.21,525,401.385352
-0.21,525,401.656206
-0.21,525,401.925114
-0.21,525,402.197205
-0.21,525,406.961272
-0.21,525,407.23034
-0.21,525,407.501774
-0.21,525,407.773234
-0.21,525,408.046104
-0.21,525,408.317741
-0.21,525,408.587533
-0.21,525,408.870121
-0.21,525,409.143353
-0.21,525,409.41531
-0.21,525,414.143087
-0.21,525,414.41387
0.9898,26,414.428292
-0.21,525,414.700794
-0.21,525,414.968895
-0.21,525,415.237201
-0.21,525,415.508623
-0.21,525,415.777932
-0.21,525,416.048787
-0.21,525,416.320718
-0.21,525,420.942283
-0.21,525,421.210017
-0.21,525,421.478119
-0.21,525,421.751244
-0.21,525,422.019845
-0.21,525,422.296184
-0.21,525,422.567343
-0.21,525,422.837204
-0.21,525,423.104713
-0.21,525,423.379239
-0.21,525,428.079744
-0.21,525,428.353051
-0.21,525,428.622703
-0.21,525,428.891856
-0.21,525,429.161213
-0.21,525,429.430074
-0.21,525,429.699941
-0.21,525,429.973101
-0.21,525,430.246326
-0.21,525,430.518488
0.9957,11,434.947408
-0.21,525,435.220187
-0.21,525,435.490976
-0.21,525,435.779482
-0.21,525,436.052891
-0.21,525,436.324635
-0.21,525,436.59741
-0.21,525,436.868864
-0.21,525,437.140376
-0.21,525,437.410791
-0.21,525,442.119387
-0.21,525,442.392331
-0.21,525,442.6614
-0.21,525,442.93408
-0.21,525,443.207245
-0.21,525,443.482471
-0.21,525,443.757953
-0.21,525,444.028988
-0.21,525,444.305616
-0.21,525,444.580719
-0.21,525,449.399816
-0.21,525,449.671768
-0.21,525,449.943288
0.9962,10,449.949456
-0.21,525,450.221668
0.9947,14,450.230004
-0.21,525,450.501295
-0.21,525,450.770321
-0.21,525,451.039468
-0.21,525,451.311857
-0.21,525,456.046787
-0.21,525,456.31592
-0.21,525,456.583563
-0.21,525,456.853379
-0.21,525,457.123477
-0.21,525,457.396065
-0.21,525,457.665658
-0.21,525,457.933224
-0.21,525,458.203081
-0.21,525,458.469767
-0.21,525,463.152871
-0.21,525,463.425497
-0.21,525,463.695858
-0.21,525,463.965828
-0.21,525,464.234429
-0.21,525,464.507056
-0.21,525,464.776192
-0.21,525,465.04472
-0.21,525,465.313389
-0.21,525,465.58512
-0.21,525,470.209946
-0.21,525,470.479856
-0.21,525,470.750413
-0.21,525,471.019753
-0.21,525,471.289641
-0.21,525,471.566612
-0.21,525,471.846805
-0.21,525,472.115765
-0.21,525,472.398307
-0.21,525,472.673181
-0.21,525,477.307074
-0.21,525,477.580568
-0.21,525,477.862612
-0.21,525,478.134089
-0.21,525,478.402999
-0.21,525,478.672059
-0.21,525,478.941928
-0.21,525,479.212932
-0.21,525,479.483508
-0.21,525,479.754096
-0.21,525,484.45556
-0.21,525,484.73177
-0.21,525,485.001899
-0.21,525,485.27183
-0.21,525,485.546583
-0.21,525,485.814993
-0.21,525,486.084533
-0.21,525,486.353496
-0.21,525,486.623489
-0.21,525,486.896602
-0.21,525,491.653824
-0.21,525,491.922157
-0.21,525,492.194058
-0.21,525,492.464599
-0.21,525,492.73241
-0.21,525,493.006963
-0.21,525,493.275047
0.9916,21,493.286893
-0.21,525,493.554676
-0.21,525,493.82399
-0.21,525,498.525695
-0.21,525,498.796155
0.9962,10,498.802323
-0.21,525,499.072932
-0.21,525,499.343483
-0.21,525,499.616245
-0.21,525,499.886532
-0.21,525,500.158921
-0.21,525,500.428453
-0.21,525,500.700751
-0.21,525,505.378214
-0.21,525,505.648896
-0.21,525,505.917593
-0.21,525,506.194959
-0.21,525,506.471526
-0.21,525,506.751047
-0.21,525,507.021275
-0.21,525,507.295743
-0.21,525,507.566157
-0.21,525,507.835392
-0.21,525,512.482485
-0.21,525,512.750921
-0.21,525,513.020352
-0.21,525,513.290899
-0.21,525,513.559788
-0.21,525,513.829463
-0.21,525,514.098029
-0.21,525,514.368578
-0.21,525,514.633946
0.9929,18,514.644237
-0.21,525,519.401565
-0.21,525,519.671206
-0.21,525,519.939541
-0.21,525,520.211445
-0.21,525,520.483608
-0.21,525,520.754181
-0.21,525,521.025193
-0.21,525,521.299742
-0.21,525,521.573802
-0.21,525,521.846985
-0.21,525,526.541714
-0.21,525,526.810222
-0.21,525,527.07939
-0.21,525,527.349301
-0.21,525,527.618052
-0.21,525,527.895166
-0.21,525,528.164746
-0.21,525,528.434267
-0.21,525,528.705115
0.9952,12,528.712351
-0.21,525,533.44515
-0.21,525,533.723269
-0.21,525,534.000045
-0.21,525,534.273996
-0.21,525,534.550835
-0.21,525,534.825262
-0.21,525,535.098365
0.9952,12,535.105755
-0.21,525,535.380571
-0.21,525,535.654497
-0.21,525,540.292246
-0.21,525,540.566259
-0.21,525,540.841006
-0.21,525,541.115307
-0.21,525,541.390404
-0.21,525,541.665871
-0.21,525,541.941375
-0.21,525,542.216148
-0.21,525,542.493118
-0.21,525,542.773603
-0.21,525,547.433894
0.9945,14,547.442435
-0.21,525,547.732639
-0.21,525,548.001425
-0.21,525,548.274445
-0.21,525,548.547003
-0.21,525,548.822233
-0.21,525,549.095718
-0.21,525,549.36775
-0.21,525,549.642487
-0.21,525,554.384513
-0.21,525,554.664517
-0.21,525,554.938937
0.9836,41,554.961852
-0.21,525,555.238033
0.9941,15,555.247078
-0.21,525,555.522991
-0.21,525,555.800053
0.9883,30,555.817196
-0.21,525,556.098664
-0.21,525,560.82522
-0.21,525,561.101913
-0.21,525,561.37809
-0.21,525,561.655883
0.992,20,561.6675
0.9942,15,561.676303
-0.21,525,561.954239
-0.21,525,562.230686
-0.21,525,562.506862
0.9915,22,562.519575
-0.21,525,567.204501
-0.21,525,567.479667
-0.21,525,567.753778
-0.21,525,568.028152
-0.21,525,568.301911
-0.21,525,568.575586
0.9808,48,568.601741
-0.21,525,568.873258
-0.21,525,569.147545
-0.21,525,569.421864
-0.21,525,574.133171
-0.21,525,574.406469
-0.21,525,574.67769
-0.21,525,574.955656
-0.21,525,575.230647
-0.21,525,575.499574
-0.21,525,575.770396
-0.21,525,576.041387
-0.21,525,576.30983
-0.21,525,576.583556
-0.21,525,581.175786
0.995,13,581.18367
-0.21,525,581.455501
0.9951,13,581.463239
-0.21,525,581.732916
-0.21,525,582.002479
-0.21,525,582.279387
-0.21,525,582.556048
-0.21,525,582.829425
-0.21,525,583.099864
-0.21,525,588.016206
-0.21,525,588.287875
-0.21,525,588.562202
-0.21,525,588.83161
-0.21,525,589.103794
-0.21,525,589.373046
-0.21,525,589.642564
0.9844,39,589.663672
-0.21,525,589.932105
-0.21,525,590.203396
0.9913,22,594.642073
-0.21,525,594.914091
-0.21,525,595.185951
-0.21,525,595.459366
-0.21,525,595.73257
-0.21,525,596.005097
-0.21,525,596.278624
-0.21,525,596.549495
-0.21,525,596.816961
-0.21,525,597.090216
-0.21,525,601.77985
-0.21,525,602.054033
-0.21,525,602.325736
-0.21,525,602.59346
-0.21,525,602.863663
-0.21,525,603.137649
-0.21,525,603.408245
-0.21,525,603.679815
0.9905,24,603.693552
-0.21,525,603.966699
-0.21,525,608.7077
0.9829,43,608.731387
-0.21,525,609.00481
-0.21,525,609.277908
-0.21,525,609.556254
-0.21,525,609.829078
-0.21,525,610.106168
-0.21,525,610.379403
0.9811,48,610.405246
0.9909,23,610.418069
-0.21,525,615.024098
-0.21,525,615.294824
-0.21,525,615.565521
-0.21,525,615.844355
-0.21,525,616.119965
0.9878,31,616.137023
-0.21,525,616.410662
-0.21,525,616.6823
-0.21,525,616.955236
-0.21,525,617.230509
0.9816,46,621.66901
-0.21,525,621.9395
-0.21,525,622.207164
-0.21,525,622.479277
-0.21,525,622.746412
-0.21,525,623.014528
-0.21,525,623.287122
-0.21,525,623.558591
0.9806,49,623.585261
-0.21,525,623.858971
-0.21,525,628.57082
-0.21,525,628.84109
-0.21,525,629.110658
-0.21,525,629.379742
-0.21,525,629.650443
-0.21,525,629.919566
-0.21,525,630.189649
-0.21,525,630.460487
0.993,18,630.470919
-0.21,525,630.742126
-0.21,525,635.459954
-0.21,525,635.731572
-0.21,525,636.001678
0.9923,20,636.013098
-0.21,525,636.284196
-0.21,525,636.554588
-0.21,525,636.823769
-0.21,525,637.093985
-0.21,525,637.363194
-0.21,525,637.632935
-0.21,525,642.365417
-0.21,525,642.637757
0.9867,34,642.656462
-0.21,525,642.925798
-0.21,525,643.195268
-0.21,525,643.465258
0.9916,21,643.477234
-0.21,525,643.757379
-0.21,525,644.024452
-0.21,525,644.29227
-0.21,525,648.972968
-0.21,525,649.244286
-0.21,525,649.512528
-0.21,525,649.783091
-0.21,525,650.053381
-0.21,525,650.324249
-0.21,525,650.599843
-0.21,525,650.872145
0.9944,14,650.880341
-0.21,525,651.149654
-0.21,525,656.016644
-0.21,525,656.289483
-0.21,525,656.561186
-0.21,525,656.834648
-0.21,525,657.103147
-0.21,525,657.371136
-0.21,525,657.638948
-0.21,525,657.906346
-0.21,525,658.177249
-0.21,525,658.471623
-0.21,525,663.146775
-0.21,525,663.418586
-0.21,525,663.691823
-0.21,525,663.961396
-0.21,525,664.231177
-0.21,525,664.510226
-0.21,525,664.78642
-0.21,525,665.061338
-0.21,525,665.336716
-0.21,525,665.611
-0.21,525,670.298404
-0.21,525,670.574274
-0.21,525,670.851295
-0.21,525,671.12516
-0.21,525,671.40028
-0.21,525,671.674129
-0.21,525,671.940587
-0.21,525,672.206694
0.986,35,672.225679
-0.21,525,672.494914
0.9829,43,676.940402
-0.21,525,677.213335
-0.21,525,677.482833
-0.21,525,677.755284
-0.21,525,678.024381
-0.21,525,678.294345
0.992,20,678.305724
-0.21,525,678.57347
-0.21,525,678.841605
-0.21,525,679.113558
-0.21,525,683.839748
-0.21,525,684.111096
-0.21,525,684.387529
-0.21,525,684.657707
0.9591,103,684.711658
-0.21,525,684.980192
-0.21,525,685.249447
-0.21,525,685.519302
-0.21,525,685.791053
-0.21,525,686.065447
-0.21,525,690.733085
-0.21,525,691.007565
-0.21,525,691.276763
-0.21,525,691.547799
-0.21,525,691.81952
-0.21,525,692.085608
-0.21,525,692.356871
-0.21,525,692.629517
-0.21,525,692.896749
-0.21,525,693.164498
-0.21,525,697.845119
-0.21,525,698.117839
-0.21,525,698.388248
0.9938,16,698.39744
-0.21,525,698.665198
-0.21,525,698.934228
-0.21,525,699.207324
-0.21,525,699.477241
-0.21,525,699.748012
-0.21,525,700.02119
0.9841,40,704.390633
-0.21,525,704.659086
-0.21,525,704.930547
-0.21,525,705.203547
-0.21,525,705.491285
-0.21,525,705.762394
-0.21,525,706.032696
-0.21,525,706.302631
-0.21,525,706.575226
-0.21,525,706.846167
-0.21,525,711.501114
-0.21,525,711.770003
-0.21,525,712.039786
-0.21,525,712.306503
-0.21,525,712.579649
-0.21,525,712.852946
-0.21,525,713.125768
-0.21,525,713.397797
-0.21,525,713.67274
-0.21,525,713.957034
-0.21,525,718.697442
-0.21,525,718.970664
0.9832,42,718.993702
-0.21,525,719.266105
-0.21,525,719.539979
-0.21,525,719.813598
-0.21,525,720.086673
-0.21,525,720.359775
-0.21,525,720.628787
-0.21,525,720.898393
-0.21,525,725.543201
-0.21,525,725.820123
-0.21,525,726.094481
-0.21,525,726.367573
-0.21,525,726.637708
-0.21,525,726.907719
-0.21,525,727.178748
-0.21,525,727.446766
-0.21,525,727.731159
-0.21,525,728.003317
-0.21,525,732.691789
-0.21,525,732.960281
-0.21,525,733.230115
-0.21,525,733.499822
-0.21,525,733.769602
-0.21,525,734.03716
-0.21,525,734.307053
-0.21,525,734.577426
-0.21,525,734.846035
-0.21,525,735.117441
-0.21,525,739.790873
-0.21,525,740.060137
-0.21,525,740.330012
-0.21,525,740.600196
-0.21,525,740.873185
-0.21,525,741.141978
0.9844,39,741.163189
-0.21,525,741.432781
-0.21,525,741.701346
-0.21,525,741.970135
-0.21,525,746.617983
-0.21,525,746.890359
-0.21,525,747.160332
-0.21,525,747.433
-0.21,525,747.705607
-0.21,525,747.977217
-0.21,525,748.251501
-0.21,525,748.528441
-0.21,525,748.801795
-0.21,525,749.076398
-0.21,525,753.795822
-0.21,525,754.069586
-0.21,525,754.344614
-0.21,525,754.618536
-0.21,525,754.895737
-0.21,525,755.168985
-0.21,525,755.434944
-0.21,525,755.702658
-0.21,525,755.972318
-0.21,525,756.242475
-0.21,525,760.997757
-0.21,525,761.269578
-0.21,525,761.540355
-0.21,525,761.813985
-0.21,525,762.08494
-0.21,525,762.357822
-0.21,525,762.629045
-0.21,525,762.899839
-0.21,525,763.172879
-0.21,525,763.443302
