#{"t_start": 1725259050.2935448, "env_id": "VizdoomTakeCover-v0"}
r,l,t
432.0,108,2.167837
360.0,90,2.243757
479.0,120,2.332674
244.0,61,2.381312
378.0,95,2.450065
395.0,99,6.901401
457.0,115,6.990597
266.0,67,7.042753
235.0,59,7.090044
468.0,117,7.176055
387.0,97,11.841871
439.0,110,11.932086
184.0,46,11.973148
233.0,59,12.04528
214.0,54,12.107257
255.0,64,12.171391
114.0,29,12.208093
204.0,51,12.266097
240.0,60,17.072349
758.0,190,17.229479
219.0,55,17.280012
123.0,31,17.310777
310.0,78,17.376749
163.0,41,17.417187
551.0,138,22.157516
222.0,56,22.209536
153.0,39,22.245947
400.0,100,22.33759
299.0,75,22.400863
163.0,41,22.43799
318.0,80,22.503876
338.0,85,26.892143
206.0,52,26.93907
302.0,76,26.997589
203.0,51,27.038854
276.0,69,27.09357
298.0,75,27.156838
113.0,29,27.186934
164.0,41,27.226983
215.0,54,27.277464
116.0,29,27.306556
335.0,84,31.808403
319.0,80,31.872819
174.0,44,31.909534
141.0,36,31.941373
186.0,47,31.980566
113.0,29,32.010011
378.0,95,32.081534
183.0,46,32.126086
218.0,55,36.865162
115.0,29,36.897011
255.0,64,36.951186
441.0,111,37.030267
262.0,66,37.081511
448.0,112,37.162411
303.0,76,37.219578
150.0,38,37.256262
461.0,116,41.648452
333.0,84,41.713953
172.0,43,41.749025
111.0,28,41.775213
237.0,60,41.824698
204.0,51,41.868977
684.0,171,46.460986
249.0,63,46.516198
138.0,35,46.550273
221.0,56,46.6003
431.0,108,46.684671
374.0,94,46.758392
553.0,139,51.384177
136.0,34,51.420297
294.0,74,51.48569
251.0,63,51.538389
382.0,96,51.618489
291.0,73,51.689094
347.0,87,51.767447
305.0,77,56.292324
181.0,46,56.334618
538.0,135,56.448317
190.0,48,56.493365
157.0,40,56.531161
286.0,72,56.58773
381.0,96,56.669208
235.0,59,62.042624
328.0,82,62.108856
577.0,145,62.222686
618.0,155,62.3258
288.0,72,62.38406
375.0,94,66.702925
306.0,77,66.760514
113.0,29,66.786495
214.0,54,66.831647
538.0,135,66.921345
209.0,53,66.962395
149.0,38,67.006431
347.0,87,71.447788
618.0,155,71.55591
348.0,87,71.624175
282.0,71,71.678061
254.0,64,71.734194
288.0,72,76.370048
266.0,67,76.420871
304.0,76,76.478092
150.0,38,76.511675
450.0,113,76.597917
109.0,28,76.627022
654.0,164,81.267462
322.0,81,81.336569
155.0,39,81.372361
224.0,56,81.419349
400.0,100,81.499012
212.0,53,81.539661
466.0,117,81.618478
310.0,78,86.062386
91.0,23,86.088562
277.0,70,86.138821
378.0,95,86.20536
504.0,126,86.295682
318.0,80,86.353428
221.0,56,86.400342
187.0,47,90.732321
159.0,40,90.770644
240.0,60,90.820832
146.0,37,90.858281
605.0,152,90.979056
592.0,148,91.09024
125.0,32,91.118063
431.0,108,95.550662
251.0,63,95.610528
237.0,60,95.657252
252.0,63,95.706365
228.0,57,95.75946
142.0,36,95.794882
178.0,45,95.837753
244.0,61,95.886493
249.0,63,100.128493
133.0,34,100.164733
217.0,55,100.219477
147.0,37,100.253586
264.0,66,100.309357
262.0,66,100.366839
112.0,28,100.393222
248.0,62,100.441169
266.0,67,100.495335
475.0,119,105.124778
381.0,96,105.20646
445.0,112,105.282824
307.0,77,105.34503
166.0,42,105.383801
103.0,26,105.409505
441.0,111,109.877546
270.0,68,109.936
387.0,97,110.007088
130.0,33,110.040031
211.0,53,110.082972
233.0,59,110.125284
234.0,59,110.18113
207.0,52,110.224016
169.0,43,115.019839
426.0,107,115.095211
314.0,79,115.154104
411.0,103,115.224135
236.0,59,115.271307
233.0,59,115.315671
359.0,90,119.850375
334.0,84,119.912016
384.0,96,119.989473
123.0,31,120.016805
163.0,41,120.050409
179.0,45,120.086169
197.0,50,120.124845
289.0,73,120.19009
154.0,39,120.223564
153.0,39,125.337857
298.0,75,125.395761
493.0,124,125.479179
275.0,69,125.536011
311.0,78,125.595228
149.0,38,125.627928
312.0,78,125.685354
99.0,25,125.709739
794.0,199,130.355827
253.0,64,130.412306
225.0,57,130.459583
352.0,88,130.524004
378.0,95,130.609158
309.0,78,135.37731
286.0,72,135.441943
165.0,42,135.482523
311.0,78,135.566689
139.0,35,135.599319
402.0,101,135.691607
348.0,87,135.760608
372.0,93,140.362471
354.0,89,140.437714
134.0,34,140.471753
120.0,30,140.504905
340.0,85,140.58097
413.0,104,140.665276
239.0,60,140.721271
297.0,75,145.381617
433.0,109,145.464148
221.0,56,145.515144
307.0,77,145.582743
151.0,38,145.625096
170.0,43,145.667635
312.0,78,145.735125
172.0,43,150.325971
365.0,92,150.391633
301.0,76,150.450261
253.0,64,150.501962
260.0,65,150.560651
814.0,204,155.511719
221.0,56,155.560886
148.0,37,155.605775
138.0,35,155.634042
442.0,111,155.718411
602.0,151,155.819795
99.0,25,155.843894
331.0,83,160.805624
187.0,47,160.846653
213.0,54,160.890592
553.0,139,160.981133
280.0,70,161.033337
413.0,104,161.109201
194.0,49,161.151188
282.0,71,165.641577
322.0,81,165.700402
268.0,67,165.751428
608.0,152,165.85753
329.0,83,165.924803
159.0,40,165.95744
300.0,75,170.419266
229.0,58,170.461776
447.0,112,170.539528
577.0,145,170.632546
228.0,57,170.67878
184.0,46,170.713261
297.0,75,175.544809
159.0,40,175.578948
457.0,115,175.659065
330.0,83,175.719817
400.0,100,175.797421
338.0,85,175.857261
229.0,58,180.255929
229.0,58,180.301196
313.0,79,180.361075
273.0,69,180.413713
390.0,98,180.487917
242.0,61,180.535419
226.0,57,180.582122
106.0,27,180.606999
124.0,31,180.634405
150.0,38,184.944106
290.0,73,184.996982
303.0,76,185.056418
378.0,95,185.124718
471.0,118,185.202286
91.0,23,185.224304
260.0,65,185.272074
125.0,32,189.811652
203.0,51,189.856825
109.0,28,189.885004
304.0,76,189.943675
156.0,39,189.982263
546.0,137,190.07595
449.0,113,190.156145
103.0,26,190.183901
100.0,25,194.855194
215.0,54,194.903336
158.0,40,194.943868
320.0,80,195.000948
422.0,106,195.079289
445.0,112,195.161198
207.0,52,195.202648
426.0,107,199.757682
167.0,42,199.797503
114.0,29,199.826549
99.0,25,199.852797
300.0,75,199.911121
477.0,120,200.000699
94.0,24,200.025718
278.0,70,200.081173
453.0,114,205.32604
216.0,54,205.372651
175.0,44,205.411958
270.0,68,205.468955
153.0,39,205.505604
535.0,134,205.597519
316.0,79,205.663146
131.0,33,210.194509
149.0,38,210.227906
119.0,30,210.256383
154.0,39,210.292672
310.0,78,210.353835
244.0,61,210.39961
142.0,36,210.433511
283.0,71,210.486063
382.0,96,210.556611
190.0,48,210.59656
521.0,131,215.064523
315.0,79,215.123625
345.0,87,215.186301
142.0,36,215.219479
278.0,70,215.271283
504.0,126,219.749036
154.0,39,219.780541
173.0,44,219.81772
241.0,61,219.867581
121.0,31,219.897787
112.0,28,219.925507
199.0,50,219.968682
193.0,49,220.009017
677.0,170,224.456453
446.0,112,224.538635
175.0,44,224.578917
316.0,79,224.642347
468.0,117,224.730108
329.0,83,224.789088
244.0,61,224.837505
449.0,113,229.533326
415.0,104,229.608419
158.0,40,229.644281
166.0,42,229.678562
233.0,59,229.726237
918.0,230,234.288234
273.0,69,234.34402
391.0,98,234.415491
94.0,24,234.44197
167.0,42,234.478927
322.0,81,234.537016
396.0,99,234.609203
289.0,73,239.380457
339.0,85,239.443642
164.0,41,239.480595
136.0,34,239.510436
158.0,40,239.545284
371.0,93,239.613801
261.0,66,239.664215
155.0,39,239.696227
129.0,33,243.895149
100.0,25,243.9191
127.0,32,243.947912
117.0,30,243.974025
216.0,54,244.017289
115.0,29,244.042576
244.0,61,244.08712
445.0,112,244.167825
197.0,50,244.209207
229.0,58,244.252718
94.0,24,244.275002
503.0,126,248.55814
349.0,88,248.622453
238.0,60,248.669088
417.0,105,248.746697
172.0,43,248.781143
409.0,103,253.36363
280.0,70,253.419636
469.0,118,253.503424
520.0,130,253.591307
357.0,90,253.65836
153.0,39,253.691947
349.0,88,258.151289
115.0,29,258.181381
197.0,50,258.221496
399.0,100,258.289097
116.0,29,258.318048
261.0,66,258.367058
526.0,132,258.45461
514.0,129,262.877782
97.0,25,262.902473
367.0,92,262.971925
242.0,61,263.01787
237.0,60,263.061126
241.0,61,263.106835
127.0,32,263.135617
130.0,33,263.164876
352.0,88,267.848274
167.0,42,267.88271
121.0,31,267.910965
235.0,59,267.955984
332.0,83,268.015131
255.0,64,268.0632
110.0,28,268.088675
163.0,41,268.121472
174.0,44,268.156495
541.0,136,272.545751
361.0,91,272.612198
256.0,64,272.659621
147.0,37,272.690027
217.0,55,272.730868
359.0,90,272.798692
178.0,45,272.834645
308.0,77,277.428249
162.0,41,277.462845
161.0,41,277.497585
454.0,114,277.581472
178.0,45,277.621109
143.0,36,277.65581
236.0,59,277.701901
218.0,55,277.748291
127.0,32,277.777175
140.0,35,277.806501
205.0,52,282.480958
226.0,57,282.525236
120.0,30,282.552331
170.0,43,282.586111
110.0,28,282.610503
143.0,36,282.643368
296.0,74,282.695712
566.0,142,282.790932
207.0,52,282.830221
118.0,30,287.338445
223.0,56,287.37948
189.0,48,287.41852
102.0,26,287.444126
384.0,96,287.511167
329.0,83,287.567294
450.0,113,287.646373
418.0,105,292.148102
419.0,105,292.218907
250.0,63,292.263587
372.0,93,292.332177
377.0,95,292.394866
213.0,54,292.43733
115.0,29,292.461415
593.0,149,296.965482
179.0,45,297.002657
513.0,129,297.100184
151.0,38,297.131924
346.0,87,297.19233
170.0,43,297.229814
180.0,45,301.415427
319.0,80,301.474326
316.0,79,301.531571
433.0,109,301.604308
392.0,98,301.669357
332.0,83,301.731966
106.0,27,301.759164
152.0,38,306.232252
395.0,99,306.301135
466.0,117,306.380155
214.0,54,306.424535
243.0,61,306.470878
235.0,59,306.51666
238.0,60,306.55958
432.0,108,311.104617
160.0,40,311.139247
183.0,46,311.175045
379.0,95,311.239577
142.0,36,311.269058
139.0,35,311.300505
157.0,40,311.334723
140.0,35,311.363106
203.0,51,311.401987
385.0,97,315.954583
231.0,58,316.002802
152.0,38,316.035229
204.0,51,316.073781
368.0,92,316.140477
404.0,101,316.2138
181.0,46,316.24973
171.0,43,316.284878
241.0,61,320.871377
110.0,28,320.895761
302.0,76,320.951453
185.0,47,320.990155
379.0,95,321.058127
199.0,50,321.102429
207.0,52,321.146593
144.0,36,321.177392
353.0,89,325.812131
162.0,41,325.845995
381.0,96,325.915365
296.0,74,325.969805
103.0,26,325.996658
171.0,43,326.030808
336.0,84,326.09679
120.0,30,326.124152
338.0,85,331.211565
356.0,89,331.274465
177.0,45,331.312602
288.0,72,331.363936
622.0,156,331.464847
223.0,56,331.506605
317.0,80,335.983123
322.0,81,336.042607
183.0,46,336.081759
362.0,91,336.150465
282.0,71,336.201189
172.0,43,336.237856
278.0,70,336.286475
720.0,180,340.643069
621.0,156,340.743712
565.0,142,340.845364
345.0,87,340.906651
165.0,42,345.258689
235.0,59,345.303246
607.0,152,345.400617
272.0,68,345.451768
523.0,131,345.535337
410.0,103,349.908317
326.0,82,349.962945
342.0,86,350.024483
120.0,30,350.051884
374.0,94,350.118443
105.0,27,350.141461
295.0,74,350.196008
674.0,169,354.630924
557.0,140,354.729424
112.0,28,354.7558
197.0,50,354.794524
105.0,27,354.820148
564.0,141,354.917248
283.0,71,359.556635
143.0,36,359.589055
330.0,83,359.65095
134.0,34,359.679307
278.0,70,359.730141
547.0,137,359.818598
265.0,67,359.868965
235.0,59,364.758192
306.0,77,364.820016
203.0,51,364.864467
316.0,79,364.921907
145.0,37,364.95161
270.0,68,364.998779
106.0,27,365.02449
203.0,51,365.062844
276.0,69,365.111909
184.0,46,369.551409
293.0,74,369.604164
289.0,73,369.658126
432.0,108,369.728316
144.0,36,369.760502
290.0,73,369.813811
328.0,82,369.871812
183.0,46,374.266962
131.0,33,374.293582
172.0,43,374.325914
313.0,79,374.383669
275.0,69,374.434101
481.0,121,374.515246
135.0,34,374.54321
283.0,71,374.595688
421.0,106,379.256398
541.0,136,379.343369
212.0,53,379.384761
373.0,94,379.449573
191.0,48,379.486633
220.0,55,379.530259
273.0,69,383.782705
462.0,116,383.862861
483.0,121,383.945532
240.0,60,383.991359
436.0,109,384.063031
421.0,106,388.70095
280.0,70,388.759493
406.0,102,388.835666
374.0,94,388.904005
148.0,37,388.935578
154.0,39,388.966654
331.0,83,389.026176
282.0,71,393.382194
289.0,73,393.572136
163.0,41,393.656669
825.0,207,394.070905
255.0,64,394.203784
293.0,74,398.638394
127.0,32,398.750831
389.0,98,399.002406
156.0,39,399.089583
318.0,80,399.258459
308.0,77,399.430688
427.0,107,399.671679
291.0,73,403.584979
205.0,52,403.72268
486.0,122,404.008036
109.0,28,404.080845
470.0,118,404.352373
688.0,172,408.886085
189.0,48,409.061681
197.0,50,409.202524
136.0,34,409.283497
465.0,117,409.602682
226.0,57,409.753121
534.0,134,410.018423
418.0,105,414.108717
464.0,116,414.363711
142.0,36,414.440558
225.0,57,414.557622
258.0,65,414.695368
405.0,102,414.895368
127.0,32,414.965416
276.0,69,418.537274
324.0,81,418.757708
457.0,115,418.984931
391.0,98,419.189036
437.0,110,419.411685
180.0,45,419.526694
310.0,78,423.094069
408.0,102,423.360342
535.0,134,423.653724
158.0,40,423.740839
306.0,77,423.951877
595.0,149,427.945593
165.0,42,428.057986
184.0,46,428.187438
329.0,83,428.394142
194.0,49,428.512814
175.0,44,428.605757
143.0,36,428.685269
300.0,75,428.839334
120.0,30,428.909265
186.0,47,432.722934
215.0,54,432.897361
225.0,57,433.040262
231.0,58,433.168235
285.0,72,433.319611
151.0,38,433.400498
394.0,99,433.598423
298.0,75,433.74952
131.0,33,433.821393
366.0,92,437.889182
187.0,47,437.992418
252.0,63,438.12647
417.0,105,438.340622
430.0,108,438.552899
242.0,61,438.676825
556.0,139,442.511866
378.0,95,442.722571
376.0,94,442.91265
200.0,50,443.019056
181.0,46,443.117358
239.0,60,443.240975
422.0,106,447.065132
149.0,38,447.160236
254.0,64,447.322128
452.0,113,447.571561
263.0,66,447.708556
412.0,103,447.930819
338.0,85,451.927027
317.0,80,452.134277
287.0,72,452.320892
245.0,62,452.4666
284.0,71,452.62193
119.0,30,452.690374
220.0,55,452.800931
126.0,32,452.872696
691.0,173,457.201049
202.0,51,457.311807
616.0,154,457.629144
206.0,52,457.745883
344.0,86,457.914435
373.0,94,463.34654
181.0,46,463.48756
316.0,79,463.649644
168.0,42,463.743186
272.0,68,463.880905
359.0,90,464.05723
233.0,59,464.181023
386.0,97,469.522175
210.0,53,469.687201
181.0,46,469.802528
338.0,85,469.979696
114.0,29,470.043459
184.0,46,470.143631
338.0,85,470.315432
238.0,60,470.445882
418.0,105,474.721118
518.0,130,475.027158
535.0,134,475.29647
269.0,68,475.439347
290.0,73,475.594702
320.0,80,480.686651
273.0,69,480.933561
633.0,159,481.27528
437.0,110,481.490526
239.0,60,481.616076
165.0,42,481.70708
446.0,112,487.822619
275.0,69,487.968792
687.0,172,488.321135
231.0,58,488.4424
545.0,137,492.363432
148.0,37,492.475843
169.0,43,492.581163
159.0,40,492.680342
110.0,28,492.749894
213.0,54,492.871469
491.0,123,493.107997
212.0,53,493.214167
123.0,31,493.281245
114.0,29,493.344842
170.0,43,493.44253
348.0,87,497.534469
420.0,105,497.790484
492.0,123,498.046087
616.0,154,498.371918
245.0,62,502.324973
223.0,56,502.478485
353.0,89,502.707051
329.0,83,502.897056
293.0,74,503.049867
228.0,57,503.172902
157.0,40,503.261847
386.0,97,508.658217
270.0,68,508.875987
93.0,24,508.930855
708.0,177,509.289605
441.0,111,509.506513
539.0,135,513.964472
468.0,117,514.254904
112.0,28,514.318793
230.0,58,514.437672
172.0,43,514.527209
350.0,88,514.711672
202.0,51,514.825613
260.0,65,514.959165
713.0,179,520.422608
480.0,120,520.671941
96.0,24,520.726587
252.0,63,520.858515
510.0,128,521.113642
153.0,39,526.65699
135.0,34,526.789645
174.0,44,526.899816
307.0,77,527.059204
155.0,39,527.142081
453.0,114,527.383447
425.0,107,527.604274
560.0,140,532.330265
108.0,27,532.401121
219.0,55,532.518764
143.0,36,532.594249
114.0,29,532.659861
241.0,61,532.788896
239.0,60,532.91387
158.0,40,532.998943
164.0,41,533.086489
122.0,31,533.167747
292.0,73,537.724303
358.0,90,537.99504
110.0,28,538.081607
247.0,62,538.249653
226.0,57,538.411935
126.0,32,538.507691
387.0,97,538.730278
132.0,33,538.805417
124.0,31,538.880677
188.0,47,543.023905
485.0,122,543.373812
164.0,41,543.468977
476.0,119,543.719844
670.0,168,544.090032
158.0,40,548.537551
263.0,66,548.776437
574.0,144,549.191693
387.0,97,549.472758
361.0,91,549.720205
171.0,43,549.846106
134.0,34,549.945406
202.0,51,553.747692
237.0,60,553.895093
235.0,59,554.042587
742.0,186,554.43449
205.0,52,554.543287
272.0,68,554.688985
151.0,38,554.768669
211.0,53,558.38346
247.0,62,558.542279
211.0,53,558.67202
237.0,60,558.81757
287.0,72,558.968683
273.0,69,559.106273
126.0,32,559.174206
196.0,49,559.280231
325.0,82,564.648385
363.0,91,564.909595
389.0,98,565.101413
384.0,96,565.295386
427.0,107,565.511486
199.0,50,565.617564
221.0,56,570.987864
244.0,61,571.143146
348.0,87,571.350854
276.0,69,571.502232
293.0,74,571.656588
351.0,88,571.834777
104.0,26,571.903137
98.0,25,571.958588
362.0,91,576.146783
458.0,115,576.422968
537.0,135,576.685512
344.0,86,576.868507
164.0,41,576.965303
112.0,28,577.034959
97.0,25,577.094794
182.0,46,580.784762
336.0,84,580.992573
362.0,91,581.217809
454.0,114,581.457759
474.0,119,581.698103
159.0,40,581.784633
123.0,31,581.854175
368.0,92,585.864603
175.0,44,585.971774
285.0,72,586.141697
688.0,172,586.491275
169.0,43,586.584171
255.0,64,586.72114
299.0,75,592.966822
218.0,55,593.142043
343.0,86,593.379421
373.0,94,593.600454
124.0,31,593.671636
615.0,154,594.004985
160.0,40,598.116887
347.0,87,598.357503
226.0,57,598.488536
139.0,35,598.574993
223.0,56,598.698315
412.0,103,598.935255
824.0,206,604.463899
194.0,49,604.592734
185.0,47,604.710548
187.0,47,604.828958
122.0,31,604.90691
663.0,166,605.26256
266.0,67,605.428071
123.0,31,609.222939
349.0,88,609.504077
845.0,212,610.058122
234.0,59,610.214846
300.0,75,610.423234
365.0,92,616.167326
275.0,69,616.428029
312.0,78,616.662785
119.0,30,616.746175
149.0,38,616.863294
316.0,79,617.103238
136.0,34,617.202866
103.0,26,617.290852
270.0,68,617.487527
98.0,25,617.56706
255.0,64,624.704913
310.0,78,624.937532
670.0,168,625.37992
117.0,30,625.46224
104.0,26,625.523294
362.0,91,625.724151
303.0,76,629.741672
224.0,56,629.935042
475.0,119,630.228781
346.0,87,630.40647
118.0,30,630.472529
350.0,88,630.657364
215.0,54,630.775064
378.0,95,636.639881
402.0,101,636.977841
274.0,69,637.183273
139.0,35,637.292164
373.0,94,637.562423
349.0,88,637.82609
108.0,27,637.911862
428.0,107,642.708041
436.0,109,643.029266
721.0,181,643.56138
189.0,48,643.712153
499.0,125,649.728869
370.0,93,650.082011
377.0,95,650.345693
237.0,60,650.488196
106.0,27,650.552695
146.0,37,650.631748
174.0,44,650.723344
127.0,32,650.795002
585.0,147,654.582281
401.0,101,654.820236
387.0,97,655.015188
359.0,90,655.192813
484.0,121,655.427949
201.0,51,659.200522
167.0,42,659.361135
374.0,94,659.562778
258.0,65,659.698682
514.0,129,659.964082
145.0,37,660.054437
217.0,55,660.180838
474.0,119,664.222058
286.0,72,664.401166
154.0,39,664.506828
360.0,90,664.719816
180.0,45,664.820468
410.0,103,665.033509
96.0,24,665.08721
478.0,120,669.891131
162.0,41,670.015889
374.0,94,670.202731
281.0,71,670.352398
537.0,135,670.627094
287.0,72,670.777393
684.0,171,674.708792
482.0,121,674.967354
415.0,104,675.18375
219.0,55,675.300743
110.0,28,675.385238
123.0,31,675.449126
95.0,24,675.506391
355.0,89,679.39803
236.0,59,679.54227
320.0,80,679.74974
189.0,48,679.864358
109.0,28,679.925104
200.0,50,680.031599
184.0,46,680.126751
360.0,90,680.311736
381.0,96,684.00865
199.0,50,684.129426
231.0,58,684.255891
123.0,31,684.325058
385.0,97,684.524273
179.0,45,684.628645
312.0,78,684.797851
249.0,63,688.296007
450.0,113,688.608477
291.0,73,688.785016
129.0,33,688.858555
259.0,65,689.007264
198.0,50,689.114355
241.0,61,689.250111
179.0,45,689.344656
474.0,119,693.218638
361.0,91,693.448416
194.0,49,693.552958
181.0,46,693.667438
502.0,126,693.931068
102.0,26,693.99493
495.0,124,699.339508
201.0,51,699.488441
236.0,59,699.64569
329.0,83,699.839752
297.0,75,699.998495
449.0,113,700.225043
389.0,98,706.024165
116.0,29,706.147655
335.0,84,706.399019
104.0,26,706.479372
420.0,105,706.807532
436.0,109,707.117337
589.0,148,712.440737
145.0,37,712.586546
225.0,57,712.746985
252.0,63,712.90822
239.0,60,713.052552
462.0,116,713.304719
223.0,56,713.472072
341.0,86,713.711276
683.0,171,720.164647
462.0,116,720.490416
505.0,127,720.85551
186.0,47,720.994646
715.0,179,728.555517
248.0,62,728.746037
519.0,130,729.12752
136.0,34,729.235026
188.0,47,729.381893
357.0,90,729.631665
286.0,72,739.213449
312.0,78,739.487691
91.0,23,739.555321
506.0,127,739.921789
122.0,31,740.01984
119.0,30,740.110216
226.0,57,740.303482
344.0,86,740.528467
139.0,35,745.6411
302.0,76,745.863584
107.0,27,745.932544
172.0,43,746.032356
494.0,124,746.318787
248.0,62,746.460784
357.0,90,746.715641
335.0,84,751.91555
213.0,54,752.081976
215.0,54,752.224052
319.0,80,752.468236
149.0,38,752.596249
312.0,78,752.800053
240.0,60,752.93942
337.0,85,753.136133
351.0,88,757.240306
127.0,32,757.349213
285.0,72,757.582416
337.0,85,757.83702
452.0,113,758.162848
181.0,46,758.298042
304.0,76,758.489061
139.0,35,762.357203
167.0,42,762.473932
447.0,112,762.764297
130.0,33,762.851061
369.0,93,763.05107
290.0,73,763.203764
181.0,46,763.303644
134.0,34,763.379467
316.0,79,767.885445
206.0,52,768.03835
299.0,75,768.211078
236.0,59,768.337681
330.0,83,768.506036
554.0,139,768.790054
471.0,118,773.391101
422.0,106,773.625995
128.0,32,773.699539
340.0,85,773.908486
427.0,107,774.133176
199.0,50,774.245472
351.0,88,779.972476
415.0,104,780.277373
283.0,71,780.444547
157.0,40,780.531904
173.0,44,780.635416
396.0,99,780.837159
201.0,51,780.965258
256.0,64,784.682916
204.0,51,784.869696
482.0,121,785.15801
318.0,80,785.330518
119.0,30,785.401728
464.0,116,785.644727
112.0,28,785.708866
97.0,25,785.766797
193.0,49,791.211037
217.0,55,791.404585
400.0,100,791.656553
267.0,67,791.81191
344.0,86,791.988708
281.0,71,792.155016
356.0,89,792.338676
205.0,52,796.750461
335.0,84,796.9674
141.0,36,797.063403
255.0,64,797.226719
588.0,147,797.530878
276.0,69,797.680036
389.0,98,802.576623
209.0,53,802.76509
291.0,73,802.924438
203.0,51,803.034745
617.0,155,803.364663
481.0,121,803.627622
374.0,94,809.925487
248.0,62,810.129993
231.0,58,810.321641
453.0,114,810.655955
406.0,102,810.910725
177.0,45,811.045008
464.0,116,816.007185
241.0,61,816.168348
465.0,117,816.513318
248.0,62,816.712014
416.0,104,816.94192
354.0,89,817.129261
486.0,122,821.955943
287.0,72,822.138639
202.0,51,822.24883
111.0,28,822.313415
428.0,107,822.538621
542.0,136,827.528834
120.0,30,827.645466
282.0,71,827.876134
207.0,52,828.019604
162.0,41,828.126279
187.0,47,828.243901
523.0,131,828.580977
305.0,77,828.771396
241.0,61,833.473536
647.0,162,833.967441
223.0,56,834.122463
111.0,28,834.212404
602.0,151,834.620346
262.0,66,834.802261
407.0,102,839.063169
187.0,47,839.182425
254.0,64,839.354465
527.0,132,839.627955
311.0,78,839.799706
178.0,45,839.904402
656.0,164,843.551852
171.0,43,843.653051
412.0,103,843.892302
400.0,100,844.109282
218.0,55,844.221765
295.0,74,844.382659
118.0,30,848.494139
163.0,41,848.622348
391.0,98,848.876079
107.0,27,848.951596
269.0,68,849.092452
263.0,66,849.237
246.0,62,849.374681
108.0,27,849.440203
137.0,35,849.518848
198.0,50,849.632471
111.0,28,853.371955
111.0,28,853.481913
119.0,30,853.559978
161.0,41,853.654121
239.0,60,853.788721
201.0,51,853.893444
121.0,31,853.970538
112.0,28,854.042988
325.0,82,854.232883
705.0,177,859.95713
189.0,48,860.099078
157.0,40,860.219616
222.0,56,860.378329
175.0,44,860.492787
742.0,186,860.884414
377.0,95,865.855013
410.0,103,866.184218
229.0,58,866.350069
131.0,33,866.445839
260.0,65,866.603641
473.0,119,866.871363
331.0,83,867.051594
386.0,97,872.561074
185.0,47,872.67266
304.0,76,872.855246
365.0,92,873.056522
161.0,41,873.157748
299.0,75,873.324447
104.0,26,873.391051
425.0,107,877.936412
251.0,63,878.11383
238.0,60,878.240792
236.0,59,878.376272
272.0,68,878.523881
220.0,55,878.653942
494.0,124,878.958518
199.0,50,882.830278
289.0,73,883.066955
253.0,64,883.222642
523.0,131,883.511528
177.0,45,883.612121
115.0,29,883.679421
421.0,106,883.906317
582.0,146,887.745363
111.0,28,887.816981
233.0,59,887.959759
107.0,27,888.020603
251.0,63,888.16008
124.0,31,888.234334
270.0,68,888.374831
259.0,65,888.511412
311.0,78,892.057697
926.0,232,892.631545
352.0,88,892.824299
404.0,101,893.041394
542.0,136,897.459644
196.0,49,897.595144
435.0,109,897.863865
545.0,137,898.169055
259.0,65,898.317101
365.0,92,902.132295
101.0,26,902.211679
221.0,56,902.398328
376.0,94,902.725756
138.0,35,902.841194
491.0,123,903.19253
337.0,85,903.453984
300.0,75,911.299712
164.0,41,911.476267
384.0,96,911.795927
176.0,44,911.939587
213.0,54,912.114892
452.0,113,912.442686
204.0,51,912.60317
520.0,130,918.459353
295.0,74,918.69077
229.0,58,918.860421
321.0,81,919.074687
324.0,81,919.263256
171.0,43,919.376397
132.0,33,919.463342
359.0,90,926.473096
204.0,51,926.692267
472.0,118,927.09137
529.0,133,927.485813
127.0,32,927.584651
249.0,63,927.792685
240.0,60,927.974946
463.0,116,934.412257
266.0,67,934.591874
309.0,78,934.822968
212.0,53,934.959225
265.0,67,935.116435
335.0,84,935.303853
474.0,119,941.128066
167.0,42,941.231785
354.0,89,941.442012
321.0,81,941.618977
419.0,105,941.857859
170.0,43,941.974043
229.0,58,942.131042
455.0,114,947.398458
121.0,31,947.503557
421.0,106,947.8338
167.0,42,947.970986
265.0,67,948.161704
268.0,67,948.371102
162.0,41,948.49311
99.0,25,948.556116
318.0,80,954.553754
530.0,133,954.898769
318.0,80,955.078928
110.0,28,955.158354
602.0,151,955.533466
174.0,44,955.645619
337.0,85,960.041445
433.0,109,960.344901
190.0,48,960.471128
299.0,75,960.658967
452.0,113,960.942706
166.0,42,961.053849
366.0,92,967.536296
332.0,83,967.784736
109.0,28,967.879143
389.0,98,968.155796
150.0,38,968.255505
382.0,96,968.499288
449.0,113,971.989637
132.0,33,972.086096
271.0,68,972.274522
189.0,48,972.414074
421.0,106,972.728011
452.0,113,973.009504
343.0,86,973.215264
473.0,119,979.641921
251.0,63,979.818321
277.0,70,979.984824
372.0,93,980.199985
787.0,197,985.641551
170.0,43,985.825897
235.0,59,986.011588
230.0,58,986.169143
305.0,77,986.347856
305.0,77,986.536182
114.0,29,986.610709
698.0,175,992.249723
652.0,163,992.689312
198.0,50,992.801723
116.0,29,992.875996
378.0,95,993.077757
336.0,84,993.261337
146.0,37,993.35585
320.0,80,997.557952
214.0,54,997.69486
224.0,56,997.824368
248.0,62,997.962766
383.0,96,998.170014
140.0,35,998.24641
331.0,83,998.4351
163.0,41,998.528233
208.0,52,1002.795953
163.0,41,1002.933388
170.0,43,1003.046359
391.0,98,1003.279052
644.0,161,1003.680149
128.0,32,1003.761485
375.0,94,1007.602657
190.0,48,1007.771973
356.0,89,1008.000111
275.0,69,1008.163645
213.0,54,1008.29511
235.0,59,1008.426608
186.0,47,1008.535172
309.0,78,1008.708548
124.0,31,1008.778673
188.0,47,1012.65962
471.0,118,1012.965788
129.0,33,1013.041638
356.0,89,1013.233773
259.0,65,1013.388787
508.0,127,1013.675798
327.0,82,1018.738659
440.0,110,1019.041581
229.0,58,1019.186845
554.0,139,1019.498363
342.0,86,1019.690548
239.0,60,1024.123701
334.0,84,1024.395574
104.0,26,1024.469867
113.0,29,1024.575837
215.0,54,1024.75925
221.0,56,1024.906749
267.0,67,1025.058556
173.0,44,1025.164611
679.0,170,1029.665987
184.0,46,1029.808551
756.0,189,1030.260928
353.0,89,1030.45481
247.0,62,1030.598587
284.0,71,1030.78997
121.0,31,1038.214277
200.0,50,1038.435481
172.0,43,1038.551824
259.0,65,1038.70241
231.0,58,1038.830575
248.0,62,1038.975624
98.0,25,1039.037264
245.0,62,1039.182917
282.0,71,1039.358958
498.0,125,1045.085869
215.0,54,1045.269111
338.0,85,1045.565708
229.0,58,1045.742237
279.0,70,1045.910316
146.0,37,1046.0365
313.0,79,1046.272563
260.0,65,1050.565101
118.0,30,1050.678049
337.0,85,1050.887649
530.0,133,1051.20492
423.0,106,1051.479211
108.0,27,1051.562713
141.0,36,1051.660677
206.0,52,1055.375552
160.0,40,1055.525408
183.0,46,1055.670082
395.0,99,1055.970299
595.0,149,1056.343558
298.0,75,1056.53252
260.0,65,1056.685067
376.0,94,1060.90774
269.0,68,1061.058639
428.0,107,1061.296674
196.0,49,1061.40714
168.0,42,1061.499142
157.0,40,1061.59021
464.0,116,1061.847302
246.0,62,1065.500349
178.0,45,1065.622953
739.0,185,1066.132257
126.0,32,1066.22841
283.0,71,1066.397257
360.0,90,1066.644238
113.0,29,1071.126121
288.0,72,1071.362722
496.0,124,1071.758209
476.0,119,1072.134076
323.0,81,1072.340575
419.0,105,1077.527599
227.0,57,1077.750889
342.0,86,1077.990642
294.0,74,1078.166377
262.0,66,1078.337837
333.0,84,1078.548228
325.0,82,1078.72843
270.0,68,1082.780571
315.0,79,1083.02452
293.0,74,1083.215716
244.0,61,1083.354693
117.0,30,1083.423478
118.0,30,1083.499327
373.0,94,1083.700672
315.0,79,1083.876265
239.0,60,1087.563533
493.0,124,1087.905248
466.0,117,1088.182645
209.0,53,1088.306252
333.0,84,1088.503389
580.0,145,1093.517164
649.0,163,1093.951812
124.0,31,1094.030688
646.0,162,1094.421103
395.0,99,1099.124006
230.0,58,1099.330964
184.0,46,1099.459368
206.0,52,1099.609787
188.0,47,1099.722379
140.0,35,1099.80472
232.0,58,1099.93799
267.0,67,1100.083399
188.0,47,1100.190002
309.0,78,1100.363615
316.0,79,1105.190565
425.0,107,1105.480266
382.0,96,1105.691046
172.0,43,1105.784606
109.0,28,1105.851614
135.0,34,1105.930156
234.0,59,1106.066067
260.0,65,1109.873174
288.0,72,1110.106759
209.0,53,1110.280401
587.0,147,1110.70331
138.0,35,1110.800202
664.0,166,1111.224725
226.0,57,1115.091048
239.0,60,1115.280226
145.0,37,1115.394329
251.0,63,1115.579793
725.0,182,1116.038983
174.0,44,1116.152667
301.0,76,1116.34641
229.0,58,1121.486566
306.0,77,1121.700881
314.0,79,1121.899848
140.0,35,1121.981488
185.0,47,1122.08082
539.0,135,1122.42582
515.0,129,1126.673149
544.0,136,1127.06862
114.0,29,1127.152176
420.0,105,1127.417205
612.0,153,1127.806711
369.0,93,1133.390737
316.0,79,1133.639819
348.0,87,1133.892151
373.0,94,1134.131203
122.0,31,1134.218475
441.0,111,1134.515227
450.0,113,1138.417426
99.0,25,1138.492592
454.0,114,1138.798702
524.0,131,1139.143142
201.0,51,1139.27386
392.0,98,1143.024044
255.0,64,1143.293543
283.0,71,1143.510565
439.0,110,1143.791309
443.0,111,1144.046469
107.0,27,1144.116328
121.0,31,1144.186454
633.0,159,1149.1388
334.0,84,1149.338924
305.0,77,1149.504145
160.0,40,1149.598562
128.0,32,1149.678501
322.0,81,1149.881964
519.0,130,1153.980025
381.0,96,1154.274938
121.0,31,1154.371709
358.0,90,1154.583936
200.0,50,1154.705269
593.0,149,1155.04142
198.0,50,1155.160717
311.0,78,1159.323479
302.0,76,1159.538282
391.0,98,1159.777569
129.0,33,1159.86041
95.0,24,1159.922908
389.0,98,1160.145559
272.0,68,1160.300718
222.0,56,1164.48383
525.0,132,1164.844814
468.0,117,1165.127038
247.0,62,1165.272424
467.0,117,1165.540799
103.0,26,1165.611423
326.0,82,1169.320502
185.0,47,1169.4671
208.0,52,1169.619314
180.0,45,1169.750711
202.0,51,1169.891557
264.0,66,1170.041021
145.0,37,1170.128392
430.0,108,1170.378097
225.0,57,1174.462198
233.0,59,1174.678028
397.0,100,1174.938118
108.0,27,1175.007703
502.0,126,1175.284299
462.0,116,1175.53799
139.0,35,1175.618956
175.0,44,1179.489393
269.0,68,1179.723493
659.0,165,1180.099413
144.0,36,1180.186904
496.0,124,1180.479622
306.0,77,1180.655045
255.0,64,1184.560317
609.0,153,1185.02318
348.0,87,1185.216979
365.0,92,1185.425659
242.0,61,1185.570626
225.0,57,1189.272501
334.0,84,1189.576031
188.0,47,1189.695634
108.0,27,1189.760726
406.0,102,1189.99301
437.0,110,1190.236714
312.0,78,1190.417881
136.0,34,1190.50276
142.0,36,1195.038038
221.0,56,1195.210754
289.0,73,1195.438456
220.0,55,1195.586394
540.0,135,1195.909591
428.0,107,1196.149959
108.0,27,1196.220721
563.0,141,1200.601588
136.0,34,1200.683702
207.0,52,1200.806708
328.0,82,1201.001407
180.0,45,1201.104327
730.0,183,1205.254786
289.0,73,1205.48962
245.0,62,1205.63943
343.0,86,1205.830919
226.0,57,1205.962011
99.0,25,1206.031737
363.0,91,1206.228544
293.0,74,1206.399915
255.0,64,1210.433385
435.0,109,1210.712611
143.0,36,1210.801373
398.0,100,1211.035023
228.0,57,1211.179267
193.0,49,1211.29931
139.0,35,1211.385778
365.0,92,1215.841164
740.0,185,1216.338371
389.0,98,1216.560441
342.0,86,1216.763159
435.0,109,1221.055244
513.0,129,1221.465193
274.0,69,1221.633452
538.0,135,1221.961775
211.0,53,1222.086529
346.0,87,1222.282933
183.0,46,1226.510836
187.0,47,1226.68313
240.0,60,1226.856669
465.0,117,1227.165375
305.0,77,1227.347557
221.0,56,1227.483314
211.0,53,1227.612401
559.0,140,1232.09974
166.0,42,1232.237149
241.0,61,1232.423045
266.0,67,1232.580874
320.0,80,1232.776507
271.0,68,1232.954014
657.0,165,1238.648927
324.0,81,1238.838612
280.0,70,1239.006388
247.0,62,1239.147068
495.0,124,1239.457019
141.0,36,1239.548367
222.0,56,1239.68407
577.0,145,1244.018034
310.0,78,1244.197674
216.0,54,1244.317909
271.0,68,1244.474684
305.0,77,1244.648587
658.0,165,1248.437904
121.0,31,1248.522281
677.0,170,1248.954776
308.0,77,1249.131051
507.0,127,1249.42366
350.0,88,1253.462681
324.0,81,1253.673491
137.0,35,1253.773446
464.0,116,1254.045559
281.0,71,1254.218772
473.0,119,1254.488952
535.0,134,1258.656521
299.0,75,1258.858577
469.0,118,1259.183074
314.0,79,1259.413194
231.0,58,1259.58109
271.0,68,1263.60569
174.0,44,1263.744357
243.0,61,1263.925902
300.0,75,1264.151586
391.0,98,1264.384599
736.0,184,1264.806076
264.0,66,1268.766572
454.0,114,1269.086418
643.0,161,1269.445788
295.0,74,1269.615677
308.0,77,1269.792132
110.0,28,1273.203847
450.0,113,1273.602899
300.0,75,1273.780542
353.0,89,1273.997768
288.0,72,1274.16516
324.0,81,1274.378155
179.0,45,1274.486967
209.0,53,1278.20522
459.0,115,1278.551299
221.0,56,1278.687489
244.0,61,1278.84233
134.0,34,1278.932059
361.0,91,1279.144035
365.0,92,1279.35493
344.0,86,1283.526423
362.0,91,1283.781788
170.0,43,1283.88161
614.0,154,1284.241453
178.0,45,1284.352875
110.0,28,1284.423599
266.0,67,1284.582997
299.0,75,1289.317746
100.0,25,1289.399405
516.0,129,1289.74128
163.0,41,1289.841267
246.0,62,1290.0036
133.0,34,1290.087072
166.0,42,1290.191145
214.0,54,1290.315656
121.0,31,1290.389488
255.0,64,1294.458208
355.0,89,1294.730209
134.0,34,1294.856965
254.0,64,1295.063669
331.0,83,1295.290467
126.0,32,1295.378877
467.0,117,1295.68841
91.0,23,1295.747404
142.0,36,1300.93027
169.0,43,1301.078419
332.0,83,1301.332248
220.0,55,1301.497807
261.0,66,1301.669355
103.0,26,1301.736158
359.0,90,1301.936673
231.0,58,1302.072391
242.0,61,1305.802696
259.0,65,1306.056684
443.0,111,1306.3409
405.0,102,1306.573508
137.0,35,1306.65388
239.0,60,1306.802788
369.0,93,1307.030742
170.0,43,1310.762016
172.0,43,1310.904122
342.0,86,1311.171109
192.0,48,1311.286955
432.0,108,1311.561851
200.0,50,1311.683505
797.0,200,1317.24596
373.0,94,1317.520368
468.0,117,1317.803939
123.0,31,1317.883581
354.0,89,1318.11451
583.0,146,1323.277095
297.0,75,1323.57255
258.0,65,1323.788041
261.0,66,1324.005933
378.0,95,1324.289637
253.0,64,1324.465516
383.0,96,1324.724646
243.0,61,1328.571559
465.0,117,1328.919488
437.0,110,1329.2022
172.0,43,1329.308613
191.0,48,1329.443797
191.0,48,1329.560152
142.0,36,1329.649694
275.0,69,1333.584726
366.0,92,1333.88304
124.0,31,1333.982368
506.0,127,1334.323164
662.0,166,1334.713902
104.0,26,1334.780573
364.0,91,1338.601767
114.0,29,1338.671666
161.0,41,1338.779729
249.0,63,1338.940296
96.0,24,1339.008004
202.0,51,1339.140182
352.0,88,1339.350292
395.0,99,1339.599356
299.0,75,1345.443071
299.0,75,1345.719026
226.0,57,1345.887224
145.0,37,1345.999246
557.0,140,1346.314251
356.0,89,1346.530216
145.0,37,1346.615509
557.0,140,1350.932168
471.0,118,1351.252146
245.0,62,1351.393698
251.0,63,1351.537907
470.0,118,1351.815231
327.0,82,1355.726714
194.0,49,1355.890599
218.0,55,1356.03778
254.0,64,1356.211202
149.0,38,1356.301827
663.0,166,1356.676203
480.0,120,1360.776181
145.0,37,1360.888227
361.0,91,1361.150977
238.0,60,1361.298197
489.0,123,1361.590688
175.0,44,1361.703752
445.0,112,1366.057652
317.0,80,1366.34591
251.0,63,1366.525008
374.0,94,1366.74535
251.0,63,1366.887919
178.0,45,1366.995527
300.0,75,1367.166314
104.0,26,1367.231751
236.0,59,1373.323611
260.0,65,1373.603693
188.0,47,1373.743158
219.0,55,1373.884711
372.0,93,1374.094501
346.0,87,1374.300406
244.0,61,1374.444008
285.0,72,1374.612171
207.0,52,1379.53032
262.0,66,1379.740068
405.0,102,1380.018177
446.0,112,1380.272988
432.0,108,1380.532159
541.0,136,1384.496127
209.0,53,1384.653647
228.0,57,1384.813089
246.0,62,1384.973016
106.0,27,1385.043785
223.0,56,1385.17798
507.0,127,1385.475401
96.0,24,1385.543222
406.0,102,1389.45957
159.0,40,1389.582872
594.0,149,1389.974497
469.0,118,1390.260743
220.0,55,1390.388243
213.0,54,1390.514554
191.0,48,1396.587925
530.0,133,1397.025063
204.0,51,1397.173486
288.0,72,1397.349783
106.0,27,1397.422365
298.0,75,1397.589936
453.0,114,1401.837316
176.0,44,1402.012382
295.0,74,1402.239623
379.0,95,1402.479958
204.0,51,1402.603082
485.0,122,1402.89327
288.0,72,1403.069345
219.0,55,1406.911811
221.0,56,1407.110829
493.0,124,1407.44493
269.0,68,1407.606525
246.0,62,1407.768291
241.0,61,1407.916715
966.0,242,1412.830398
283.0,71,1413.031147
139.0,35,1413.122179
490.0,123,1413.407704
359.0,90,1413.619716
438.0,110,1419.062231
328.0,82,1419.319604
356.0,89,1419.532233
974.0,244,1420.086755
468.0,117,1424.001032
315.0,79,1424.269669
384.0,96,1424.625462
118.0,30,1424.735877
346.0,87,1425.001019
604.0,151,1429.124859
108.0,27,1429.218576
937.0,235,1429.856193
299.0,75,1430.041659
164.0,41,1430.140932
294.0,74,1430.320597
337.0,85,1434.071946
398.0,100,1434.362718
465.0,117,1434.639773
372.0,93,1434.856442
163.0,41,1434.960828
176.0,44,1435.073184
272.0,68,1438.993679
116.0,29,1439.099426
186.0,47,1439.244613
245.0,62,1439.44274
196.0,49,1439.590085
218.0,55,1439.722442
206.0,52,1439.853822
211.0,53,1439.980376
161.0,41,1440.079681
323.0,81,1445.213273
786.0,197,1445.944257
619.0,155,1446.33982
156.0,39,1446.430954
432.0,108,1450.262941
187.0,47,1450.44593
197.0,50,1450.616463
576.0,144,1451.144369
771.0,193,1451.635362
400.0,100,1455.552853
471.0,118,1455.933996
118.0,30,1456.019498
727.0,182,1456.447426
325.0,82,1456.646062
542.0,136,1460.682449
210.0,53,1460.847888
1019.0,255,1461.466715
165.0,42,1461.571896
354.0,89,1465.625791
343.0,86,1465.903471
536.0,134,1466.23213
874.0,219,1466.728239
332.0,83,1470.716228
187.0,47,1470.862818
580.0,145,1471.265517
200.0,50,1471.389285
452.0,113,1471.65562
366.0,92,1475.364419
669.0,168,1475.937454
379.0,95,1476.172902
473.0,119,1476.453907
328.0,82,1476.658061
238.0,60,1480.762155
105.0,27,1480.858604
261.0,66,1481.075286
490.0,123,1481.418581
112.0,28,1481.487693
217.0,55,1481.625129
489.0,123,1481.916438
110.0,28,1481.98912
241.0,61,1485.941726
188.0,47,1486.087661
97.0,25,1486.171551
202.0,51,1486.322844
567.0,142,1486.700918
286.0,72,1486.876593
545.0,137,1492.461883
248.0,62,1492.750962
195.0,49,1492.910514
417.0,105,1493.174441
614.0,154,1493.544655
474.0,119,1493.827631
672.0,168,1498.178007
409.0,103,1498.456133
740.0,185,1498.899854
179.0,45,1504.684749
402.0,101,1505.092844
351.0,88,1505.354066
278.0,70,1505.530474
326.0,82,1505.72785
534.0,134,1506.057915
338.0,85,1510.236881
155.0,39,1510.361544
256.0,64,1510.569152
473.0,119,1510.887179
434.0,109,1511.154299
475.0,119,1515.183411
457.0,115,1515.673197
293.0,74,1515.856036
169.0,43,1515.980626
302.0,76,1516.173634
490.0,123,1516.46533
392.0,98,1520.812358
127.0,32,1520.95327
364.0,91,1521.213571
624.0,156,1521.597072
185.0,47,1521.713447
185.0,47,1521.828283
253.0,64,1521.984194
163.0,41,1525.781179
212.0,53,1525.998237
526.0,132,1526.38293
333.0,84,1526.56994
186.0,47,1526.685854
172.0,43,1526.795202
172.0,43,1526.903702
547.0,137,1533.598044
404.0,101,1533.912652
211.0,53,1534.043364
129.0,33,1534.131254
204.0,51,1534.267325
167.0,42,1534.378652
545.0,137,1534.725035
386.0,97,1540.958915
178.0,45,1541.109196
1416.0,354,1542.269419
260.0,65,1546.562503
167.0,42,1546.757515
252.0,63,1546.951112
404.0,101,1547.240168
920.0,230,1547.844683
195.0,49,1551.96887
230.0,58,1552.210854
280.0,70,1552.433498
578.0,145,1552.820862
524.0,131,1553.15119
148.0,37,1553.257534
133.0,34,1553.351784
515.0,129,1558.605096
196.0,49,1558.77384
228.0,57,1558.954083
227.0,57,1559.09682
199.0,50,1559.238864
270.0,68,1559.415104
411.0,103,1566.311067
322.0,81,1566.751506
237.0,60,1566.997116
261.0,66,1567.253803
298.0,75,1567.587234
284.0,71,1567.868773
779.0,195,1576.466811
197.0,50,1576.65239
616.0,154,1577.069482
166.0,42,1577.1794
751.0,188,1577.63178
172.0,43,1582.465904
190.0,48,1582.63379
420.0,105,1582.987051
195.0,49,1583.139155
248.0,62,1583.313552
224.0,56,1583.470773
181.0,46,1583.594199
643.0,161,1590.140832
168.0,42,1590.280924
206.0,52,1590.447239
196.0,49,1590.579563
590.0,148,1590.936092
481.0,121,1591.220908
338.0,85,1596.978619
202.0,51,1597.138603
356.0,89,1597.384959
231.0,58,1597.523107
182.0,46,1597.643612
173.0,44,1597.755979
231.0,58,1597.896616
114.0,29,1597.971155
605.0,152,1602.061548
289.0,73,1602.280683
129.0,33,1602.3679
203.0,51,1602.505022
181.0,46,1602.627335
210.0,53,1602.755756
203.0,51,1602.883275
386.0,97,1603.114959
694.0,174,1607.233037
208.0,52,1607.370267
159.0,40,1607.470147
549.0,138,1607.791124
148.0,37,1607.888582
576.0,144,1612.226279
223.0,56,1612.45776
121.0,31,1612.57406
574.0,144,1613.178776
415.0,104,1613.584058
155.0,39,1613.71796
283.0,71,1617.907937
852.0,213,1618.595227
894.0,224,1619.141873
365.0,92,1625.045517
136.0,34,1625.177029
332.0,83,1625.422453
130.0,33,1625.520361
208.0,52,1625.65822
292.0,73,1625.84522
146.0,37,1625.951909
523.0,131,1626.401034
178.0,45,1630.912709
189.0,48,1631.130251
118.0,30,1631.244599
385.0,97,1631.531112
169.0,43,1631.647091
205.0,52,1631.781552
185.0,47,1631.906003
325.0,82,1632.123332
559.0,140,1637.14308
180.0,45,1637.286383
181.0,46,1637.450354
1037.0,260,1638.078526
431.0,108,1641.824703
257.0,65,1642.047355
442.0,111,1642.362207
270.0,68,1642.531908
300.0,75,1642.719865
530.0,133,1643.049285
180.0,45,1646.822827
167.0,42,1646.973429
277.0,70,1647.206729
445.0,112,1647.505333
220.0,55,1647.64792
146.0,37,1647.745838
767.0,192,1651.728425
409.0,103,1652.05802
237.0,60,1652.249062
431.0,108,1652.515344
435.0,109,1652.790079
421.0,106,1660.491907
756.0,189,1661.368449
296.0,74,1661.701817
183.0,46,1661.930866
597.0,150,1662.582652
205.0,52,1671.053385
188.0,47,1671.297474
516.0,129,1671.843055
288.0,72,1672.150559
328.0,82,1672.534863
277.0,70,1672.839973
973.0,244,1678.289407
188.0,47,1678.408157
1212.0,303,1682.978156
353.0,89,1683.278071
158.0,40,1683.395802
480.0,120,1683.694504
199.0,50,1683.821773
128.0,32,1683.904386
208.0,52,1684.038962
216.0,54,1684.186078
218.0,55,1688.216545
420.0,105,1688.573959
639.0,160,1689.03148
174.0,44,1689.145142
201.0,51,1689.276073
254.0,64,1689.435791
216.0,54,1689.567532
613.0,154,1694.26303
343.0,86,1694.489372
195.0,49,1694.611491
577.0,145,1694.977653
228.0,57,1695.117784
579.0,145,1701.994389
582.0,146,1702.619127
618.0,155,1703.279125
116.0,29,1703.408283
485.0,122,1709.357891
370.0,93,1709.754235
788.0,197,1710.621524
291.0,73,1710.966484
748.0,187,1717.978511
814.0,204,1718.837449
254.0,64,1719.120317
504.0,126,1725.101651
207.0,52,1725.383818
389.0,98,1725.815717
396.0,99,1726.243135
244.0,61,1726.525297
227.0,57,1726.78534
245.0,62,1727.071647
224.0,56,1735.309943
155.0,39,1735.550308
224.0,56,1735.817227
238.0,60,1736.059735
183.0,46,1736.248419
246.0,62,1736.508942
166.0,42,1736.724503
870.0,218,1742.334473
517.0,130,1742.929064
216.0,54,1743.167399
260.0,65,1743.465068
311.0,78,1743.831319
227.0,57,1744.108002
678.0,170,1750.749243
297.0,75,1751.073143
280.0,70,1751.393692
112.0,28,1751.535664
179.0,45,1751.73611
387.0,97,1752.189081
182.0,46,1752.39722
172.0,43,1752.604493
414.0,104,1759.000054
244.0,61,1759.258523
356.0,89,1759.664406
487.0,122,1760.219895
434.0,109,1760.711265
232.0,58,1766.560196
178.0,45,1766.822399
229.0,58,1767.065463
232.0,58,1767.328777
236.0,59,1767.602021
359.0,90,1768.038548
232.0,58,1768.302154
571.0,143,1775.234061
202.0,51,1775.417405
429.0,108,1775.744465
221.0,56,1775.898527
270.0,68,1776.080103
289.0,73,1776.27231
347.0,87,1776.508826
273.0,69,1780.828689
678.0,170,1781.365995
220.0,55,1781.516489
121.0,31,1781.605176
219.0,55,1781.775981
305.0,77,1782.050867
323.0,81,1786.521892
404.0,101,1786.894164
459.0,115,1787.203683
155.0,39,1787.308252
156.0,39,1787.407505
401.0,101,1787.682027
219.0,55,1787.888405
145.0,37,1792.148615
163.0,41,1792.315795
321.0,81,1792.595547
401.0,101,1792.893713
155.0,39,1792.990258
426.0,107,1793.24842
315.0,79,1793.456385
335.0,84,1798.937996
156.0,39,1799.078349
230.0,58,1799.280924
107.0,27,1799.37957
113.0,29,1799.48088
150.0,38,1799.614027
228.0,57,1799.758463
139.0,35,1799.849942
257.0,65,1800.010647
273.0,69,1800.194233
476.0,119,1804.333596
236.0,59,1804.521121
283.0,71,1804.732795
259.0,65,1804.919356
328.0,82,1805.13759
380.0,95,1805.380821
214.0,54,1809.763774
113.0,29,1809.885415
125.0,32,1810.001845
180.0,45,1810.162297
142.0,36,1810.294487
748.0,187,1810.855211
109.0,28,1810.941579
141.0,36,1811.068983
924.0,231,1815.942376
120.0,30,1816.041289
396.0,99,1816.400717
574.0,144,1816.781095
477.0,120,1821.055789
164.0,41,1821.204299
113.0,29,1821.303659
142.0,36,1821.432552
278.0,70,1821.659324
396.0,99,1821.910614
302.0,76,1822.116322
302.0,76,1822.310182
187.0,47,1828.793702
194.0,49,1829.050894
292.0,73,1829.328622
147.0,37,1829.493136
570.0,143,1830.18138
136.0,34,1830.342725
270.0,68,1830.663157
124.0,31,1830.804779
449.0,113,1835.674145
255.0,64,1835.8894
550.0,138,1836.268092
181.0,46,1836.397783
260.0,65,1836.576348
188.0,47,1836.69524
280.0,70,1836.880242
173.0,44,1840.894146
411.0,103,1841.275486
106.0,27,1841.36178
136.0,34,1841.469146
197.0,50,1841.60042
174.0,44,1841.719415
439.0,110,1842.009645
279.0,70,1842.186744
289.0,73,1847.792737
637.0,160,1848.300638
221.0,56,1848.441196
178.0,45,1848.562587
237.0,60,1848.71931
763.0,191,1852.823946
217.0,55,1852.99825
167.0,42,1853.141614
136.0,34,1853.247555
237.0,60,1853.402921
156.0,39,1853.510371
494.0,124,1853.838468
381.0,96,1854.092818
233.0,59,1857.851675
402.0,101,1858.183851
301.0,76,1858.389842
488.0,122,1858.690846
507.0,127,1859.005233
690.0,173,1864.085685
340.0,85,1864.304276
344.0,86,1864.513796
229.0,58,1864.663839
152.0,38,1864.78165
196.0,49,1864.912042
126.0,32,1868.814047
690.0,173,1869.441599
292.0,73,1869.631751
177.0,45,1869.753213
341.0,86,1869.96829
313.0,79,1870.172138
390.0,98,1875.450691
305.0,77,1875.722432
300.0,75,1876.021088
553.0,139,1876.633529
214.0,54,1876.885438
397.0,100,1882.869382
461.0,116,1883.304706
259.0,65,1883.529151
289.0,73,1883.725442
166.0,42,1883.840519
168.0,42,1883.94855
329.0,83,1884.165719
254.0,64,1884.332407
352.0,88,1888.993075
255.0,64,1889.29263
881.0,221,1890.276038
718.0,180,1896.8088
283.0,71,1897.059778
401.0,101,1897.383924
352.0,88,1897.618204
145.0,37,1897.71459
366.0,92,1897.947037
192.0,48,1898.073577
465.0,117,1902.003026
161.0,41,1902.160631
163.0,41,1902.273923
300.0,75,1902.464777
194.0,49,1902.588614
321.0,81,1902.793296
194.0,49,1902.923314
436.0,109,1907.193713
123.0,31,1907.295949
190.0,48,1907.460592
211.0,53,1907.626852
189.0,48,1907.748145
758.0,190,1908.204096
278.0,70,1908.388348
250.0,63,1912.608499
157.0,40,1912.747108
357.0,90,1913.035896
182.0,46,1913.153516
184.0,46,1913.273974
377.0,95,1913.518968
354.0,89,1913.743286
582.0,146,1917.651349
302.0,76,1917.910065
456.0,114,1918.214707
201.0,51,1918.346847
245.0,62,1918.509017
180.0,45,1918.626867
338.0,85,1922.734395
417.0,105,1923.103682
316.0,79,1923.317419
194.0,49,1923.447119
336.0,84,1923.660028
711.0,178,1928.769434
251.0,63,1929.003744
209.0,53,1929.18353
105.0,27,1929.280208
214.0,54,1929.458306
369.0,93,1929.690965
509.0,128,1930.018301
157.0,40,1930.129563
212.0,53,1934.159203
244.0,61,1934.377314
155.0,39,1934.522474
428.0,107,1934.876974
175.0,44,1934.993232
333.0,84,1935.208627
805.0,202,1939.481939
359.0,90,1939.790127
207.0,52,1939.929275
218.0,55,1940.070201
129.0,33,1940.164734
371.0,93,1940.390837
152.0,38,1940.495376
181.0,46,1940.617041
562.0,141,1946.462427
432.0,108,1946.760143
200.0,50,1946.890319
113.0,29,1946.969763
245.0,62,1947.136529
243.0,61,1947.291381
241.0,61,1947.447802
154.0,39,1951.246635
127.0,32,1951.411883
188.0,47,1951.586347
196.0,49,1951.750976
306.0,77,1951.95465
143.0,36,1952.05956
467.0,117,1952.369255
237.0,60,1952.526629
277.0,70,1956.497573
155.0,39,1956.679591
257.0,65,1956.909143
127.0,32,1957.020139
413.0,104,1957.336199
365.0,92,1957.584712
108.0,27,1957.660362
343.0,86,1957.878271
214.0,54,1961.766732
142.0,36,1961.898358
272.0,68,1962.134043
296.0,74,1962.373995
200.0,50,1962.508309
182.0,46,1962.62343
270.0,68,1962.800779
164.0,41,1962.905595
458.0,115,1967.157913
208.0,52,1967.426446
157.0,40,1967.600546
350.0,88,1967.870817
360.0,90,1968.111006
318.0,80,1968.333458
632.0,158,1972.290727
172.0,43,1972.443592
449.0,113,1972.834668
292.0,73,1973.057529
167.0,42,1973.175178
228.0,57,1973.321079
183.0,46,1973.445974
247.0,62,1973.612381
223.0,56,1977.355536
219.0,55,1977.620519
444.0,111,1977.990869
145.0,37,1978.092196
284.0,71,1978.279467
356.0,89,1978.525206
156.0,39,1978.628251
259.0,65,1978.804601
169.0,43,1982.45531
244.0,61,1982.705026
182.0,46,1982.866255
171.0,43,1983.027351
241.0,61,1983.218286
180.0,45,1983.343859
121.0,31,1983.431048
273.0,69,1983.626621
289.0,73,1983.819831
226.0,57,1987.53486
136.0,34,1987.721189
155.0,39,1987.876676
281.0,71,1988.120823
342.0,86,1988.35976
271.0,68,1988.538493
367.0,92,1988.784096
287.0,72,1988.971588
133.0,34,1993.22381
107.0,27,1993.374366
277.0,70,1993.619898
225.0,57,1993.826651
263.0,66,1994.036694
189.0,48,1994.169376
230.0,58,1994.329521
185.0,47,1994.454042
124.0,31,1994.540893
219.0,55,1994.69261
220.0,55,1998.939922
203.0,51,1999.219296
308.0,77,1999.579236
709.0,178,2000.444406
122.0,31,2000.610286
209.0,53,2000.883856
738.0,185,2007.24113
293.0,74,2007.56835
650.0,163,2008.11162
189.0,48,2008.247881
449.0,113,2008.545846
531.0,133,2013.505812
572.0,143,2013.93499
169.0,43,2014.048659
171.0,43,2014.160701
338.0,85,2014.407597
299.0,75,2019.012475
263.0,66,2019.306608
201.0,51,2019.48805
304.0,76,2019.747372
353.0,89,2019.989083
160.0,40,2020.116045
151.0,38,2020.225637
122.0,31,2020.315364
188.0,47,2020.447338
425.0,107,2024.672824
294.0,74,2024.929396
170.0,43,2025.091139
225.0,57,2025.274847
124.0,31,2025.372722
276.0,69,2025.575694
400.0,100,2025.873425
191.0,48,2026.01788
336.0,84,2030.711717
131.0,33,2030.833748
347.0,87,2031.164879
140.0,35,2031.292372
342.0,86,2031.534972
322.0,81,2031.75888
292.0,73,2031.952126
179.0,45,2036.822462
119.0,30,2036.985159
165.0,42,2037.135859
123.0,31,2037.254204
295.0,74,2037.506009
169.0,43,2037.643609
231.0,58,2037.804477
456.0,114,2038.096791
265.0,67,2038.278622
631.0,158,2042.572967
156.0,39,2042.685635
262.0,66,2042.866037
187.0,47,2043.00041
473.0,119,2043.314402
151.0,38,2043.420399
159.0,40,2043.53104
241.0,61,2049.866011
485.0,122,2050.334418
152.0,38,2050.490944
408.0,102,2050.88516
206.0,52,2051.038142
384.0,96,2051.316565
211.0,53,2051.466905
360.0,90,2055.514832
239.0,60,2055.724048
340.0,85,2055.951733
133.0,34,2056.04898
208.0,52,2056.187854
167.0,42,2056.298399
352.0,88,2056.524471
239.0,60,2060.269275
198.0,50,2060.492763
167.0,42,2060.650656
295.0,74,2060.921253
243.0,61,2061.129372
238.0,60,2061.297698
250.0,63,2061.472776
149.0,38,2061.583046
207.0,52,2061.73807
248.0,62,2066.121979
291.0,73,2066.456881
343.0,86,2066.757788
99.0,25,2066.826127
168.0,42,2066.937711
133.0,34,2067.039333
389.0,98,2067.301851
364.0,91,2067.552049
142.0,36,2067.657461
444.0,111,2073.952968
155.0,39,2074.092288
156.0,39,2074.219723
195.0,49,2074.382932
253.0,64,2074.550716
113.0,29,2074.630703
285.0,72,2074.836349
158.0,40,2074.947255
150.0,38,2075.051605
153.0,39,2079.51207
335.0,84,2079.883221
114.0,29,2079.991736
184.0,46,2080.154251
686.0,172,2080.609617
172.0,43,2080.748105
269.0,68,2080.933915
405.0,102,2086.253097
443.0,111,2086.653297
291.0,73,2086.863961
187.0,47,2086.985457
160.0,40,2087.092222
295.0,74,2087.285022
353.0,89,2087.521907
137.0,35,2091.217115
164.0,41,2091.416761
216.0,54,2091.608425
176.0,44,2091.753808
241.0,61,2091.91936
268.0,67,2092.1048
148.0,37,2092.215111
293.0,74,2092.41946
675.0,169,2099.614717
445.0,112,2100.009996
171.0,43,2100.158488
295.0,74,2100.345178
525.0,132,2100.688802
190.0,48,2100.823613
981.0,246,2106.51499
195.0,49,2106.650745
225.0,57,2106.801531
242.0,61,2106.971865
124.0,31,2107.059514
346.0,87,2111.262046
119.0,30,2111.404126
255.0,64,2111.640158
290.0,73,2111.903523
457.0,115,2112.279024
304.0,76,2112.493038
236.0,59,2112.660355
198.0,50,2112.802519
97.0,25,2117.209187
270.0,68,2117.49775
412.0,103,2117.86473
165.0,42,2117.987132
120.0,30,2118.07427
124.0,31,2118.165217
467.0,117,2118.475704
610.0,153,2122.768665
242.0,61,2122.990067
109.0,28,2123.092205
257.0,65,2123.274392
163.0,41,2123.381402
126.0,32,2123.471595
138.0,35,2123.577849
343.0,86,2123.812625
396.0,99,2124.076397
145.0,37,2130.012873
130.0,33,2130.172475
321.0,81,2130.459463
452.0,113,2130.764808
169.0,43,2130.881568
146.0,37,2130.983063
134.0,34,2131.083421
206.0,52,2131.22127
278.0,70,2131.407428
178.0,45,2136.646083
234.0,59,2136.888555
288.0,72,2137.135702
545.0,137,2137.512232
113.0,29,2137.591561
262.0,66,2137.778151
443.0,111,2143.386906
181.0,46,2143.594678
406.0,102,2143.964136
140.0,35,2144.089603
755.0,189,2144.655687
313.0,79,2144.884757
228.0,57,2148.935179
200.0,50,2149.131406
284.0,71,2149.388177
559.0,140,2149.7806
178.0,45,2149.915767
248.0,62,2150.114674
202.0,51,2150.265744
609.0,153,2156.486979
384.0,96,2156.837279
233.0,59,2157.022785
267.0,67,2157.204036
201.0,51,2157.340174
595.0,149,2161.566673
212.0,53,2161.809624
462.0,116,2162.194072
291.0,73,2162.399963
160.0,40,2162.509523
414.0,104,2162.782854
220.0,55,2162.964776
236.0,59,2167.249487
178.0,45,2167.442969
380.0,95,2167.800035
300.0,75,2168.077538
291.0,73,2168.309811
139.0,35,2168.42203
385.0,97,2168.720323
228.0,57,2168.905836
271.0,68,2173.363034
354.0,89,2173.683587
689.0,173,2174.155706
133.0,34,2174.25919
224.0,56,2174.429573
460.0,115,2178.609348
186.0,47,2178.81952
169.0,43,2178.985205
812.0,203,2179.594245
241.0,61,2179.77659
208.0,52,2179.931086
127.0,32,2180.025326
181.0,46,2183.879147
298.0,75,2184.174652
181.0,46,2184.356568
324.0,81,2184.655551
220.0,55,2184.816439
223.0,56,2184.975376
198.0,50,2185.12907
697.0,175,2191.575481
182.0,46,2191.746133
296.0,74,2192.014258
350.0,88,2192.271863
280.0,70,2192.462255
186.0,47,2192.601593
133.0,34,2192.695005
160.0,40,2192.810528
410.0,103,2197.354265
109.0,28,2197.462834
283.0,71,2197.720315
232.0,58,2197.92314
332.0,83,2198.149029
151.0,38,2198.261707
181.0,46,2198.384401
183.0,46,2198.519225
163.0,41,2198.633377
482.0,121,2205.475209
217.0,55,2205.751508
142.0,36,2205.913528
218.0,55,2206.155168
189.0,48,2206.346773
142.0,36,2206.479215
281.0,71,2206.732029
202.0,51,2206.879869
218.0,55,2207.034332
192.0,48,2211.898195
323.0,81,2212.193923
167.0,42,2212.350743
363.0,91,2212.635484
194.0,49,2212.773894
200.0,50,2212.916348
214.0,54,2213.065753
316.0,79,2213.282284
145.0,37,2217.075961
303.0,76,2217.368639
368.0,92,2217.690152
161.0,41,2217.800598
151.0,38,2217.907788
378.0,95,2218.18661
275.0,69,2218.379501
120.0,30,2218.469315
147.0,37,2222.374764
457.0,115,2222.837236
704.0,176,2223.353651
188.0,47,2223.499091
426.0,107,2223.781381
176.0,44,2223.903881
395.0,99,2227.867062
131.0,33,2227.987143
119.0,30,2228.098719
408.0,102,2228.373586
108.0,27,2228.454989
251.0,63,2228.626853
464.0,116,2228.934862
255.0,64,2232.962377
142.0,36,2233.140085
260.0,65,2233.376821
190.0,48,2233.536241
633.0,159,2233.955325
652.0,163,2234.400172
369.0,93,2238.346446
435.0,109,2238.720062
368.0,92,2238.984664
318.0,80,2239.204339
153.0,39,2239.312036
121.0,31,2239.40275
118.0,30,2239.487153
267.0,67,2245.600217
115.0,29,2245.738331
145.0,37,2245.875402
216.0,54,2246.071958
116.0,29,2246.15849
109.0,28,2246.241583
233.0,59,2246.405479
179.0,45,2246.529479
107.0,27,2246.611907
300.0,75,2246.822221
193.0,49,2246.954788
275.0,69,2253.759668
344.0,86,2254.123985
375.0,94,2254.413794
233.0,59,2254.572563
115.0,29,2254.654217
251.0,63,2254.83171
480.0,120,2255.14873
383.0,96,2259.447444
154.0,39,2259.594759
682.0,171,2260.058854
125.0,32,2260.148125
167.0,42,2260.267329
196.0,49,2260.408173
151.0,38,2260.517699
334.0,84,2264.572763
140.0,35,2264.709699
215.0,54,2264.926919
373.0,94,2265.26877
376.0,94,2265.525115
233.0,59,2265.691076
310.0,78,2266.026735
153.0,39,2266.20347
110.0,28,2271.342725
313.0,79,2271.711017
209.0,53,2271.921412
121.0,31,2272.047919
163.0,41,2272.209864
212.0,53,2272.412761
309.0,78,2272.672793
423.0,106,2272.988559
472.0,118,2278.047722
118.0,30,2278.172309
446.0,112,2278.554088
154.0,39,2278.662863
340.0,85,2278.887971
351.0,88,2279.121363
142.0,36,2279.225195
187.0,47,2283.611423
333.0,84,2283.952615
211.0,53,2284.143646
305.0,77,2284.381495
186.0,47,2284.511962
169.0,43,2284.632887
496.0,124,2285.004055
407.0,102,2290.238502
105.0,27,2290.358333
233.0,59,2290.591025
427.0,107,2290.969961
157.0,40,2291.096423
362.0,91,2291.377959
372.0,93,2291.668465
239.0,60,2296.219943
112.0,28,2296.348881
337.0,85,2296.674567
251.0,63,2296.916684
259.0,65,2297.13888
662.0,166,2297.645132
136.0,34,2297.756084
361.0,91,2302.537879
339.0,85,2302.864973
257.0,65,2303.099469
545.0,137,2303.488388
141.0,36,2303.598111
269.0,68,2303.804162
275.0,69,2308.265669
133.0,34,2308.453489
193.0,49,2308.648828
168.0,42,2308.824178
404.0,101,2309.172487
243.0,61,2309.366084
189.0,48,2309.576698
227.0,57,2309.842559
149.0,38,2309.962406
353.0,89,2317.323169
301.0,76,2317.781834
359.0,90,2318.242794
385.0,97,2318.729031
194.0,49,2318.924655
232.0,58,2319.151445
205.0,52,2319.349122
209.0,53,2323.650384
247.0,62,2323.962058
221.0,56,2324.189823
228.0,57,2324.408962
310.0,78,2324.692921
270.0,68,2324.903918
152.0,38,2325.024475
112.0,28,2325.117764
100.0,25,2325.199517
290.0,73,2325.420963
139.0,35,2329.843662
165.0,42,2330.022357
405.0,102,2330.411504
525.0,132,2330.877243
122.0,31,2330.98357
163.0,41,2331.113821
178.0,45,2331.258696
346.0,87,2336.094919
133.0,34,2336.288565
302.0,76,2336.591835
188.0,47,2336.771625
157.0,40,2336.930532
374.0,94,2337.261647
147.0,37,2337.426441
149.0,38,2337.601561
143.0,36,2337.770977
169.0,43,2337.959635
328.0,82,2344.502099
154.0,39,2344.735262
145.0,37,2344.924154
206.0,52,2345.178835
218.0,55,2345.394142
331.0,83,2345.725223
384.0,96,2346.180108
130.0,33,2346.351988
195.0,49,2346.602593
194.0,49,2353.032274
335.0,84,2353.443304
449.0,113,2353.959604
122.0,31,2354.127497
200.0,50,2354.416655
328.0,82,2354.816915
167.0,42,2355.01339
296.0,74,2360.265144
142.0,36,2360.502284
320.0,80,2360.893152
209.0,53,2361.13918
273.0,69,2361.547503
149.0,38,2361.787221
141.0,36,2362.003786
361.0,91,2362.52519
169.0,43,2362.775976
157.0,40,2362.996775
330.0,83,2368.673706
113.0,29,2368.823285
98.0,25,2368.941267
203.0,51,2369.175641
196.0,49,2369.426066
484.0,121,2370.056019
254.0,64,2370.397755
245.0,62,2370.72097
239.0,60,2376.783923
262.0,66,2377.175412
114.0,29,2377.319715
391.0,98,2377.70732
172.0,43,2377.878064
149.0,38,2378.021122
476.0,119,2378.435984
148.0,37,2378.557428
203.0,51,2382.859984
172.0,43,2383.084092
194.0,49,2383.281616
229.0,58,2383.50817
151.0,38,2383.662258
375.0,94,2383.985554
192.0,48,2384.134031
329.0,83,2384.390106
199.0,50,2384.549489
170.0,43,2388.814824
395.0,99,2389.214861
234.0,59,2389.447103
455.0,114,2389.827228
121.0,31,2389.931765
124.0,31,2390.045031
181.0,46,2390.191298
161.0,41,2390.326677
228.0,57,2394.371547
163.0,41,2394.614122
239.0,60,2394.864377
127.0,32,2394.999198
130.0,33,2395.129667
150.0,38,2395.282756
199.0,50,2395.47473
142.0,36,2395.613236
170.0,43,2395.779248
167.0,42,2395.974522
194.0,49,2396.188577
388.0,97,2401.052521
354.0,89,2401.43702
154.0,39,2401.587556
321.0,81,2401.871305
166.0,42,2401.995328
163.0,41,2402.111889
360.0,90,2402.353925
163.0,41,2402.474257
239.0,60,2406.219851
142.0,36,2406.422851
244.0,61,2406.650399
211.0,53,2406.841231
221.0,56,2406.99535
486.0,122,2407.321392
112.0,28,2407.404475
405.0,102,2407.704671
221.0,56,2411.405507
155.0,39,2411.568951
339.0,85,2411.894007
175.0,44,2412.05758
330.0,83,2412.324685
409.0,103,2412.606639
148.0,37,2412.713253
209.0,53,2412.857646
263.0,66,2416.798704
591.0,148,2417.308985
110.0,28,2417.389296
453.0,114,2417.695441
369.0,93,2417.965167
116.0,29,2418.048236
396.0,99,2422.115119
154.0,39,2422.262872
297.0,75,2422.540433
212.0,53,2422.731962
160.0,40,2422.877174
157.0,40,2422.990347
234.0,59,2423.153684
139.0,35,2423.255161
368.0,92,2423.507309
266.0,67,2427.591075
217.0,55,2427.803507
378.0,95,2428.122442
157.0,40,2428.236984
437.0,110,2428.539156
158.0,40,2428.650732
130.0,33,2428.747843
124.0,31,2428.840811
203.0,51,2428.983732
182.0,46,2432.927501
150.0,38,2433.072294
161.0,41,2433.230349
164.0,41,2433.378734
107.0,27,2433.480879
175.0,44,2433.642745
197.0,50,2433.79006
241.0,61,2433.961233
537.0,135,2434.323153
335.0,84,2438.265227
130.0,33,2438.393868
374.0,94,2438.715101
166.0,42,2438.836823
322.0,81,2439.057763
396.0,99,2439.318052
160.0,40,2439.43721
106.0,27,2439.516369
161.0,41,2443.255304
138.0,35,2443.445521
115.0,29,2443.555442
308.0,77,2443.834577
129.0,33,2443.926914
146.0,37,2444.026816
260.0,65,2444.208473
234.0,59,2444.373778
286.0,72,2444.567344
133.0,34,2444.66996
189.0,48,2448.511122
377.0,95,2448.901341
119.0,30,2449.01877
333.0,84,2449.306338
142.0,36,2449.463234
178.0,45,2449.649575
163.0,41,2449.78148
182.0,46,2449.931387
246.0,62,2450.124421
223.0,56,2455.263448
485.0,122,2455.799376
182.0,46,2455.979227
107.0,27,2456.088166
483.0,121,2456.610973
177.0,45,2456.837922
371.0,93,2457.294855
281.0,71,2462.322867
156.0,39,2462.497641
148.0,37,2462.650173
193.0,49,2462.830308
123.0,31,2462.94822
106.0,27,2463.040508
118.0,30,2463.129099
116.0,29,2463.215963
155.0,39,2463.333689
403.0,101,2463.606365
263.0,66,2463.788375
332.0,83,2467.892222
208.0,52,2468.087874
367.0,92,2468.417297
244.0,61,2468.603126
208.0,52,2468.774407
158.0,40,2468.910673
284.0,71,2469.107155
172.0,43,2469.235862
149.0,38,2472.859429
253.0,64,2473.158002
199.0,50,2473.34299
162.0,41,2473.491543
394.0,99,2473.790122
346.0,87,2474.045826
167.0,42,2474.178485
190.0,48,2474.314313
124.0,31,2474.410126
123.0,31,2478.01503
209.0,53,2478.278213
291.0,73,2478.5468
139.0,35,2478.677181
287.0,72,2478.918216
191.0,48,2479.059435
104.0,26,2479.136861
273.0,69,2479.327897
329.0,83,2479.561898
381.0,96,2483.475147
608.0,152,2483.964619
151.0,38,2484.091578
240.0,60,2484.266792
176.0,44,2484.394271
124.0,31,2484.487159
299.0,75,2484.701461
256.0,64,2488.494942
259.0,65,2488.781542
169.0,43,2488.943745
161.0,41,2489.107436
442.0,111,2489.433636
130.0,33,2489.52838
151.0,38,2489.633416
152.0,38,2489.74417
380.0,95,2490.023666
113.0,29,2493.815043
194.0,49,2494.066886
409.0,103,2494.433292
148.0,37,2494.53679
190.0,48,2494.671255
151.0,38,2494.779492
382.0,96,2495.071859
215.0,54,2495.231567
267.0,67,2499.270376
199.0,50,2499.503164
265.0,67,2499.752101
249.0,63,2499.985739
152.0,38,2500.098083
149.0,38,2500.21037
250.0,63,2500.393791
118.0,30,2500.480824
610.0,153,2504.781355
173.0,44,2505.026229
107.0,27,2505.131847
196.0,49,2505.314081
367.0,92,2505.629082
591.0,148,2506.055856
305.0,77,2506.274935
322.0,81,2510.16491
193.0,49,2510.374053
231.0,58,2510.592039
171.0,43,2510.743927
385.0,97,2511.039821
255.0,64,2511.211234
345.0,87,2511.443403
208.0,52,2511.594177
207.0,52,2515.331843
336.0,84,2515.670364
235.0,59,2515.863429
249.0,63,2516.046557
232.0,58,2516.20801
164.0,41,2516.326287
190.0,48,2516.462609
151.0,38,2516.566217
191.0,48,2516.706607
115.0,29,2516.787885
264.0,66,2520.923778
122.0,31,2521.047884
163.0,41,2521.201299
121.0,31,2521.323126
444.0,111,2521.691454
281.0,71,2521.88996
261.0,66,2522.072526
432.0,108,2525.961807
113.0,29,2526.088556
331.0,83,2526.395338
225.0,57,2526.596402
372.0,93,2526.842506
313.0,79,2527.060267
237.0,60,2527.222371
181.0,46,2527.35361
201.0,51,2531.47185
198.0,50,2531.704826
159.0,40,2531.861922
203.0,51,2532.041757
368.0,92,2532.338728
133.0,34,2532.435857
174.0,44,2532.55439
167.0,42,2532.668772
160.0,40,2532.783275
130.0,33,2532.880001
341.0,86,2536.93044
302.0,76,2537.232168
165.0,42,2537.385758
307.0,77,2537.597198
612.0,153,2538.015362
148.0,37,2538.123706
227.0,57,2538.288635
136.0,34,2542.32655
153.0,39,2542.545862
310.0,78,2542.836852
441.0,111,2543.185881
202.0,51,2543.329659
288.0,72,2543.538726
274.0,69,2543.735644
126.0,32,2543.832014
177.0,45,2549.284203
292.0,73,2549.679314
302.0,76,2549.986061
214.0,54,2550.192885
127.0,32,2550.360206
307.0,77,2550.727156
168.0,42,2550.90178
156.0,39,2551.081254
266.0,67,2551.298284
218.0,55,2555.051722
205.0,52,2555.290305
244.0,61,2555.511743
191.0,48,2555.684341
142.0,36,2555.810997
131.0,33,2555.910998
149.0,38,2556.016398
205.0,52,2556.162041
192.0,48,2556.31666
332.0,83,2556.555509
133.0,34,2563.065895
508.0,127,2563.65412
121.0,31,2563.776639
152.0,38,2563.921449
257.0,65,2564.127811
219.0,55,2564.283938
245.0,62,2564.469047
127.0,32,2564.562526
312.0,78,2564.778867
191.0,48,2568.539069
157.0,40,2568.703285
158.0,40,2568.852126
469.0,118,2569.201715
378.0,95,2569.476336
131.0,33,2569.571677
110.0,28,2569.655295
624.0,156,2574.034692
147.0,37,2574.178052
349.0,88,2574.490466
244.0,61,2574.687598
196.0,49,2574.834755
136.0,34,2574.935825
110.0,28,2575.020685
324.0,81,2575.262725
124.0,31,2575.355203
137.0,35,2575.456497
112.0,28,2579.361907
163.0,41,2579.532331
187.0,47,2579.713681
470.0,118,2580.101864
283.0,71,2580.32129
219.0,55,2580.480362
188.0,47,2580.615433
190.0,48,2580.759485
113.0,29,2580.844196
284.0,71,2585.771311
334.0,84,2586.087593
243.0,61,2586.312072
713.0,179,2586.821388
403.0,101,2587.117195
172.0,43,2591.151632
724.0,181,2591.812875
140.0,35,2591.918531
167.0,42,2592.036266
174.0,44,2592.155687
148.0,37,2592.261477
131.0,33,2592.358716
143.0,36,2592.461509
286.0,72,2592.65738
288.0,72,2598.12679
283.0,71,2598.410656
151.0,38,2598.560704
182.0,46,2598.73197
178.0,45,2598.87903
164.0,41,2598.993597
181.0,46,2599.129811
222.0,56,2599.29555
441.0,111,2605.534338
181.0,46,2605.731589
122.0,31,2605.846689
271.0,68,2606.108552
185.0,47,2606.283655
250.0,63,2606.478651
112.0,28,2606.594828
179.0,45,2606.729526
197.0,50,2606.868469
268.0,67,2607.047463
162.0,41,2611.32437
221.0,56,2611.610133
125.0,32,2611.728696
130.0,33,2611.848049
112.0,28,2611.952036
228.0,57,2612.113552
408.0,102,2612.398633
142.0,36,2612.509813
201.0,51,2612.658467
259.0,65,2612.84104
281.0,71,2616.784019
336.0,84,2617.094203
110.0,28,2617.204383
296.0,74,2617.454708
210.0,53,2617.619802
231.0,58,2617.787067
298.0,75,2617.995117
285.0,72,2618.240237
335.0,84,2625.19405
248.0,62,2625.430874
135.0,34,2625.563969
190.0,48,2625.738927
290.0,73,2625.950083
425.0,107,2626.232387
112.0,28,2626.332201
275.0,69,2626.532466
142.0,36,2630.323168
263.0,66,2630.578201
350.0,88,2630.901314
233.0,59,2631.081013
323.0,81,2631.306117
339.0,85,2631.542837
329.0,83,2631.794663
388.0,97,2640.100303
243.0,61,2640.34424
134.0,34,2640.466093
181.0,46,2640.63781
146.0,37,2640.769385
157.0,40,2640.881374
222.0,56,2641.03875
211.0,53,2641.191431
136.0,34,2641.291252
112.0,28,2641.376332
286.0,72,2645.173491
516.0,129,2645.659867
181.0,46,2645.816014
173.0,44,2645.969485
274.0,69,2646.173401
241.0,61,2646.354111
195.0,49,2646.501489
184.0,46,2646.65035
176.0,44,2654.442219
217.0,55,2654.695441
351.0,88,2655.016769
169.0,43,2655.175289
265.0,67,2655.365083
223.0,56,2655.533945
213.0,54,2655.686724
182.0,46,2655.819821
193.0,49,2655.955747
391.0,98,2663.108751
127.0,32,2663.231022
179.0,45,2663.398909
220.0,55,2663.596984
249.0,63,2663.768457
187.0,47,2663.900726
127.0,32,2663.999701
286.0,72,2664.214883
142.0,36,2664.32798
261.0,66,2668.214772
248.0,62,2668.45724
235.0,59,2668.678308
133.0,34,2668.804455
240.0,60,2669.007332
131.0,33,2669.114286
225.0,57,2669.277962
109.0,28,2669.363467
188.0,47,2669.505164
214.0,54,2669.655361
317.0,80,2675.902046
163.0,41,2676.070662
208.0,52,2676.297125
362.0,91,2676.625057
191.0,48,2676.758851
200.0,50,2676.907338
179.0,45,2677.028371
164.0,41,2677.145072
113.0,29,2677.231727
253.0,64,2681.162549
460.0,115,2681.652506
215.0,54,2681.828574
459.0,115,2682.144916
151.0,38,2682.268
181.0,46,2682.398647
144.0,36,2682.509455
207.0,52,2682.667646
305.0,77,2686.757492
355.0,89,2687.096487
206.0,52,2687.288554
239.0,60,2687.47059
146.0,37,2687.591871
292.0,73,2687.803145
125.0,32,2687.895996
222.0,56,2688.04958
151.0,38,2688.173091
230.0,58,2692.145418
125.0,32,2692.272425
217.0,55,2692.479618
125.0,32,2692.601058
193.0,49,2692.776117
236.0,59,2692.942017
116.0,29,2693.027988
319.0,80,2693.245028
626.0,157,2697.952653
133.0,34,2698.129931
143.0,36,2698.314194
181.0,46,2698.556537
155.0,39,2698.747025
176.0,44,2698.975472
196.0,49,2699.256179
130.0,33,2699.440047
285.0,72,2699.841133
421.0,106,2700.409097
213.0,54,2706.365123
149.0,38,2706.596297
299.0,75,2706.976514
133.0,34,2707.154741
121.0,31,2707.312755
243.0,61,2707.620566
261.0,66,2707.874444
142.0,36,2708.017601
187.0,47,2708.203251
121.0,31,2708.329973
158.0,40,2712.41223
172.0,43,2712.61681
229.0,58,2712.848323
167.0,42,2713.010315
194.0,49,2713.208128
333.0,84,2713.489517
106.0,27,2713.576836
183.0,46,2713.728279
145.0,37,2713.856477
340.0,85,2714.112024
256.0,64,2718.089537
547.0,137,2718.699301
275.0,69,2719.04315
240.0,60,2719.280442
373.0,94,2719.597422
184.0,46,2719.726656
131.0,33,2719.820009
307.0,77,2727.541586
245.0,62,2727.774771
296.0,74,2728.033005
157.0,40,2728.1697
194.0,49,2728.308662
196.0,49,2728.445034
368.0,92,2728.689461
333.0,84,2732.433249
188.0,47,2732.65942
178.0,45,2732.833165
300.0,75,2733.120239
340.0,85,2733.404112
193.0,49,2733.562025
185.0,47,2733.695052
223.0,56,2733.848351
308.0,77,2734.057423
138.0,35,2737.71981
124.0,31,2737.860013
219.0,55,2738.07771
472.0,118,2738.514961
274.0,69,2738.727882
110.0,28,2738.815268
118.0,30,2738.911629
331.0,83,2739.144248
211.0,53,2739.302323
160.0,40,2742.924848
377.0,95,2743.266712
126.0,32,2743.386681
197.0,50,2743.568902
483.0,121,2743.935486
284.0,71,2744.133221
252.0,63,2744.306671
249.0,63,2750.073591
165.0,42,2750.257962
125.0,32,2750.382735
191.0,48,2750.560303
145.0,37,2750.696329
187.0,47,2750.836461
136.0,34,2750.935014
115.0,29,2751.036958
105.0,27,2751.113914
189.0,48,2751.251254
165.0,42,2751.37156
194.0,49,2751.512402
208.0,52,2755.184544
173.0,44,2755.407413
356.0,89,2755.73296
282.0,71,2755.978006
169.0,43,2756.099454
335.0,84,2756.334705
264.0,66,2756.519605
214.0,54,2756.672989
414.0,104,2760.681837
271.0,68,2760.934027
191.0,48,2761.109053
244.0,61,2761.277661
148.0,37,2761.389283
381.0,96,2761.650544
138.0,35,2761.756417
256.0,64,2761.956379
152.0,38,2765.890065
179.0,45,2766.079458
207.0,52,2766.291133
279.0,70,2766.55865
465.0,117,2766.966926
188.0,47,2767.095155
207.0,52,2767.245849
265.0,67,2767.434985
196.0,49,2773.460898
159.0,40,2773.688099
110.0,28,2773.809859
202.0,51,2774.004007
154.0,39,2774.156665
172.0,43,2774.310088
386.0,97,2774.577861
252.0,63,2774.757144
172.0,43,2774.869929
328.0,82,2775.11135
192.0,48,2779.864752
165.0,42,2780.032621
225.0,57,2780.243225
192.0,48,2780.39363
140.0,35,2780.489827
151.0,38,2780.602928
160.0,40,2780.718776
148.0,37,2780.821886
136.0,34,2780.921589
149.0,38,2781.029171
251.0,63,2781.202775
181.0,46,2785.223735
214.0,54,2785.459599
108.0,27,2785.570576
198.0,50,2785.750564
154.0,39,2785.896916
218.0,55,2786.074505
351.0,88,2786.320977
341.0,86,2786.571946
131.0,33,2786.668347
193.0,49,2792.067664
235.0,59,2792.369691
185.0,47,2792.570701
217.0,55,2792.782452
181.0,46,2792.947726
206.0,52,2793.135028
146.0,37,2793.242111
364.0,91,2793.491648
216.0,54,2793.647238
390.0,98,2797.912202
384.0,96,2798.263413
295.0,74,2798.487702
238.0,60,2798.679646
187.0,47,2798.813913
250.0,63,2798.981619
238.0,60,2799.171673
151.0,38,2799.288399
151.0,38,2802.954926
319.0,80,2803.305727
178.0,45,2803.483655
296.0,74,2803.74669
176.0,44,2803.871641
259.0,65,2804.051495
185.0,47,2804.190518
197.0,50,2804.329275
375.0,94,2809.711351
146.0,37,2809.91866
184.0,46,2810.102478
163.0,41,2810.25448
145.0,37,2810.387346
181.0,46,2810.545536
339.0,85,2810.789634
285.0,72,2810.98113
340.0,85,2811.218609
442.0,111,2815.274555
182.0,46,2815.447043
174.0,44,2815.607829
301.0,76,2815.843237
187.0,47,2815.971463
146.0,37,2816.080104
235.0,59,2816.239089
149.0,38,2816.352467
124.0,31,2816.442706
352.0,88,2821.373511
161.0,41,2821.533557
130.0,33,2821.656698
160.0,40,2821.808994
136.0,34,2821.93979
252.0,63,2822.146944
199.0,50,2822.288009
148.0,37,2822.396193
465.0,117,2822.707369
243.0,61,2826.475616
113.0,29,2826.593626
198.0,50,2826.780086
205.0,52,2826.97888
130.0,33,2827.108486
204.0,51,2827.247998
277.0,70,2827.454947
473.0,119,2827.798516
338.0,85,2831.749722
151.0,38,2831.952455
142.0,36,2832.099958
165.0,42,2832.266915
226.0,57,2832.48049
176.0,44,2832.648617
106.0,27,2832.74225
237.0,60,2832.906993
169.0,43,2833.035658
245.0,62,2833.208784
452.0,113,2837.396092
227.0,57,2837.65773
386.0,97,2837.983897
443.0,111,2838.291228
133.0,34,2838.383967
245.0,62,2838.576989
239.0,60,2838.754065
163.0,41,2838.877333
223.0,56,2842.891153
160.0,40,2843.047474
151.0,38,2843.18978
139.0,35,2843.352577
214.0,54,2843.570932
131.0,33,2843.700288
146.0,37,2843.813853
124.0,31,2843.920547
388.0,97,2844.191761
192.0,48,2844.329481
91.0,23,2844.400551
199.0,50,2848.243624
118.0,30,2848.381078
145.0,37,2848.521603
198.0,50,2848.719263
290.0,73,2848.961644
404.0,101,2849.240203
178.0,45,2849.37644
129.0,33,2849.501324
157.0,40,2849.621504
228.0,57,2854.426708
310.0,78,2854.818136
112.0,28,2854.934293
193.0,49,2855.135672
161.0,41,2855.290284
267.0,67,2855.528561
323.0,81,2855.775459
130.0,33,2855.88093
121.0,31,2855.988976
178.0,45,2856.130094
115.0,29,2856.217643
230.0,58,2861.106338
269.0,68,2861.374969
275.0,69,2861.635732
157.0,40,2861.796306
173.0,44,2861.952519
151.0,38,2862.086644
199.0,50,2862.245965
129.0,33,2862.353752
216.0,54,2862.530702
353.0,89,2866.946679
351.0,88,2867.339555
362.0,91,2867.698659
182.0,46,2867.870407
136.0,34,2867.985683
219.0,55,2868.162623
153.0,39,2868.279324
295.0,74,2868.481563
400.0,100,2872.572183
142.0,36,2872.747722
495.0,124,2873.301563
172.0,43,2873.510415
180.0,45,2873.685852
345.0,87,2874.029101
119.0,30,2874.132248
171.0,43,2874.257586
265.0,67,2878.621198
174.0,44,2878.840777
152.0,38,2878.985899
239.0,60,2879.208487
281.0,71,2879.460779
217.0,55,2879.620009
133.0,34,2879.717053
205.0,52,2879.859688
260.0,65,2880.053915
311.0,78,2883.948562
179.0,45,2884.162874
152.0,38,2884.314621
116.0,29,2884.42917
382.0,96,2884.755707
434.0,109,2885.060848
134.0,34,2885.162724
154.0,39,2885.271787
194.0,49,2885.4139
289.0,73,2889.660789
121.0,31,2889.793832
116.0,29,2889.905216
314.0,79,2890.197519
178.0,45,2890.348984
341.0,86,2890.586716
185.0,47,2890.746462
112.0,28,2890.834921
124.0,31,2890.927433
145.0,37,2891.050454
140.0,35,2891.15943
193.0,49,2896.105646
167.0,42,2896.281214
149.0,38,2896.422325
812.0,203,2897.034674
130.0,33,2897.133423
337.0,85,2897.407753
109.0,28,2897.504699
146.0,37,2904.189233
166.0,42,2904.461534
158.0,40,2904.712752
280.0,70,2905.067118
393.0,99,2905.544211
551.0,138,2906.218318
170.0,43,2906.404044
145.0,37,2906.549809
391.0,98,2911.15317
205.0,52,2911.358021
112.0,28,2911.503431
109.0,28,2911.648629
106.0,27,2911.790617
541.0,136,2912.452896
347.0,87,2912.893235
132.0,33,2913.061188
300.0,75,2919.011172
164.0,41,2919.272258
226.0,57,2919.566003
371.0,93,2920.035287
161.0,41,2920.240852
384.0,96,2920.713837
219.0,55,2920.994961
155.0,39,2921.186633
302.0,76,2926.789522
408.0,102,2927.262466
552.0,138,2927.693084
163.0,41,2927.812535
227.0,57,2927.975494
104.0,26,2928.05127
187.0,47,2928.20561
119.0,30,2928.294999
257.0,65,2935.326059
289.0,73,2935.651191
119.0,30,2935.776863
339.0,85,2936.090618
203.0,51,2936.247902
169.0,43,2936.379148
335.0,84,2936.674933
206.0,52,2936.91253
176.0,44,2937.112823
139.0,35,2942.602347
286.0,72,2943.021629
200.0,50,2943.284367
236.0,59,2943.599382
372.0,93,2944.107128
812.0,203,2949.153501
194.0,49,2949.430235
278.0,70,2949.774244
198.0,50,2950.035173
398.0,100,2950.527077
118.0,30,2950.675274
212.0,53,2950.938249
181.0,46,2951.182354
431.0,108,2957.252117
118.0,30,2957.445789
285.0,72,2957.856403
420.0,105,2958.395087
106.0,27,2958.53239
380.0,95,2959.011828
128.0,32,2959.17785
137.0,35,2959.362288
203.0,51,2959.621526
608.0,152,2967.10022
113.0,29,2967.250237
271.0,68,2967.596914
143.0,36,2967.78466
243.0,61,2968.092757
183.0,46,2968.335366
369.0,93,2968.788374
314.0,79,2973.221856
140.0,35,2973.365956
299.0,75,2973.657255
169.0,43,2973.821482
337.0,85,2974.13339
176.0,44,2974.274002
142.0,36,2974.391393
178.0,45,2974.528199
186.0,47,2974.675607
161.0,41,2974.802116
489.0,123,2981.25384
230.0,58,2981.547293
163.0,41,2981.758185
142.0,36,2981.943897
139.0,35,2982.126333
206.0,52,2982.3878
156.0,39,2982.583145
136.0,34,2982.761284
589.0,148,2988.052995
181.0,46,2988.239383
315.0,79,2988.551542
382.0,96,2989.017827
346.0,87,2989.444811
353.0,89,2989.884524
145.0,37,2990.064091
144.0,36,2995.614113
192.0,48,2995.874284
124.0,31,2996.012569
418.0,105,2996.390165
169.0,43,2996.526891
331.0,83,2996.762163
203.0,51,2996.901611
186.0,47,2997.055468
279.0,70,2997.360693
134.0,34,3005.827409
217.0,55,3006.154624
351.0,88,3006.591147
280.0,70,3006.950022
608.0,152,3007.695876
202.0,51,3007.941242
148.0,37,3008.127358
183.0,46,3012.422392
113.0,29,3012.576868
406.0,102,3013.077343
451.0,113,3013.644477
209.0,53,3013.907043
230.0,58,3014.209833
420.0,105,3014.616386
447.0,112,3019.23403
148.0,37,3019.380392
182.0,46,3019.563779
283.0,71,3019.834391
188.0,47,3019.97303
143.0,36,3020.099848
221.0,56,3020.276783
338.0,85,3020.602176
342.0,86,3026.625654
227.0,57,3026.85294
139.0,35,3026.98893
106.0,27,3027.098121
307.0,77,3027.381319
190.0,48,3027.53877
145.0,37,3027.651445
121.0,31,3027.750085
349.0,88,3028.015894
258.0,65,3032.343599
225.0,57,3032.607043
151.0,38,3032.756119
412.0,103,3033.152128
188.0,47,3033.318608
156.0,39,3033.43785
323.0,81,3033.690493
169.0,43,3033.821881
232.0,58,3034.002529
182.0,46,3038.360875
158.0,40,3038.541138
269.0,68,3038.809069
133.0,34,3038.946965
154.0,39,3039.091654
253.0,64,3039.285617
411.0,103,3039.557241
251.0,63,3039.747807
118.0,30,3039.843573
109.0,28,3043.546939
107.0,27,3043.679331
269.0,68,3043.948847
366.0,92,3044.291945
276.0,69,3044.534495
236.0,59,3044.715361
172.0,43,3044.837944
288.0,72,3045.044295
348.0,87,3050.894023
245.0,62,3051.265368
261.0,66,3051.585463
231.0,58,3051.83021
209.0,53,3052.081917
228.0,57,3052.337452
194.0,49,3052.528283
215.0,54,3052.736258
177.0,45,3052.91974
328.0,82,3056.848302
180.0,45,3057.034593
130.0,33,3057.164171
195.0,49,3057.354243
226.0,57,3057.571723
273.0,69,3057.805856
604.0,151,3058.269734
184.0,46,3062.732048
315.0,79,3063.142374
229.0,58,3063.358202
429.0,108,3063.71791
148.0,37,3063.828839
198.0,50,3063.985748
240.0,60,3064.155981
183.0,46,3064.27959
158.0,40,3064.391865
223.0,56,3070.020571
243.0,61,3070.326464
160.0,40,3070.477341
276.0,69,3070.698627
225.0,57,3070.857774
222.0,56,3071.010995
262.0,66,3071.231617
324.0,81,3071.449321
253.0,64,3075.239144
351.0,88,3075.67086
138.0,35,3075.824429
246.0,62,3076.089006
338.0,85,3076.48008
207.0,52,3076.715833
157.0,40,3076.903808
484.0,121,3083.78838
191.0,48,3084.091944
447.0,112,3084.639364
241.0,61,3084.919881
187.0,47,3085.130335
157.0,40,3085.312585
165.0,42,3085.499653
257.0,65,3085.790045
377.0,95,3090.772219
271.0,68,3091.050905
206.0,52,3091.244731
192.0,48,3091.419122
371.0,93,3091.671816
155.0,39,3091.788583
233.0,59,3091.949
169.0,43,3092.070193
142.0,36,3092.187622
188.0,47,3095.93499
169.0,43,3096.1332
197.0,50,3096.328318
345.0,87,3096.647382
235.0,59,3096.854911
488.0,122,3097.186656
275.0,69,3097.382583
403.0,101,3100.954677
340.0,85,3101.303574
387.0,97,3101.668563
124.0,31,3101.764885
161.0,41,3101.898297
198.0,50,3102.047188
285.0,72,3102.257574
318.0,80,3102.479648
222.0,56,3106.335088
306.0,77,3106.63231
613.0,154,3107.147245
220.0,55,3107.314477
352.0,88,3107.582599
195.0,49,3107.731807
372.0,93,3113.090642
309.0,78,3113.412422
329.0,83,3113.687859
185.0,47,3113.827747
246.0,62,3114.003241
107.0,27,3114.100273
192.0,48,3114.246387
174.0,44,3114.38008
185.0,47,3118.239432
384.0,96,3118.665369
385.0,97,3119.014398
230.0,58,3119.177387
107.0,27,3119.259421
257.0,65,3119.445586
311.0,78,3119.653859
202.0,51,3119.79641
148.0,37,3125.244711
133.0,34,3125.433383
145.0,37,3125.574203
181.0,46,3125.758606
196.0,49,3125.94127
200.0,50,3126.109606
163.0,41,3126.233317
310.0,78,3126.461123
107.0,27,3126.543445
108.0,27,3126.625356
178.0,45,3126.749854
186.0,47,3126.887203
253.0,64,3131.111212
225.0,57,3131.325756
195.0,49,3131.502067
278.0,70,3131.767488
145.0,37,3131.881389
155.0,39,3131.995755
266.0,67,3132.180254
110.0,28,3132.267719
175.0,44,3132.398926
365.0,92,3136.050285
462.0,116,3136.478997
367.0,92,3136.765314
252.0,63,3136.944268
318.0,80,3137.162075
366.0,92,3137.413878
183.0,46,3141.388233
350.0,88,3141.715128
125.0,32,3141.83545
160.0,40,3141.981491
195.0,49,3142.125441
318.0,80,3142.34194
118.0,30,3142.435165
368.0,92,3142.700027
329.0,83,3148.527811
459.0,115,3148.969404
181.0,46,3149.141009
385.0,97,3149.423929
124.0,31,3149.513989
173.0,44,3149.651686
377.0,95,3149.935552
157.0,40,3150.051484
292.0,73,3154.114912
221.0,56,3154.327331
175.0,44,3154.492221
362.0,91,3154.782006
237.0,60,3154.956322
197.0,50,3155.103201
216.0,54,3155.253704
157.0,40,3155.363516
198.0,50,3159.105111
184.0,46,3159.307967
454.0,114,3159.73235
277.0,70,3159.938869
283.0,71,3160.151219
116.0,29,3160.236469
145.0,37,3160.341963
250.0,63,3160.516083
337.0,85,3164.457907
136.0,34,3164.634938
140.0,35,3164.776082
320.0,80,3165.067885
290.0,73,3165.364564
221.0,56,3165.528355
333.0,84,3165.761426
155.0,39,3165.876433
112.0,28,3165.96063
115.0,29,3166.044712
279.0,70,3171.21029
405.0,102,3171.583311
328.0,82,3171.853037
332.0,83,3172.075315
215.0,54,3172.227428
190.0,48,3172.360399
319.0,80,3176.065161
200.0,50,3176.294415
127.0,32,3176.422971
130.0,33,3176.551916
136.0,34,3176.688097
246.0,62,3176.912226
247.0,62,3177.11063
230.0,58,3177.269761
327.0,82,3177.494292
309.0,78,3177.723008
248.0,62,3181.647511
351.0,88,3181.972779
276.0,69,3182.178306
182.0,46,3182.314018
201.0,51,3182.454736
224.0,56,3182.611892
112.0,28,3182.694788
139.0,35,3182.802264
143.0,36,3182.907009
142.0,36,3183.010321
342.0,86,3186.980355
296.0,74,3187.23276
173.0,44,3187.357766
293.0,74,3187.563082
128.0,32,3187.659147
333.0,84,3187.889947
396.0,99,3188.155559
344.0,86,3192.183899
363.0,91,3192.511639
530.0,133,3192.891214
167.0,42,3193.007346
180.0,45,3193.135787
118.0,30,3193.223762
202.0,51,3193.374191
218.0,55,3197.313607
225.0,57,3197.546672
251.0,63,3197.780526
117.0,30,3197.863974
110.0,28,3197.946622
173.0,44,3198.07067
313.0,79,3198.289274
248.0,62,3198.452371
100.0,25,3198.531017
260.0,65,3198.705774
139.0,35,3205.146088
475.0,119,3205.643467
197.0,50,3205.81462
116.0,29,3205.898165
234.0,59,3206.075736
189.0,48,3206.212889
251.0,63,3206.385918
483.0,121,3210.443448
367.0,92,3210.830148
115.0,29,3210.94099
185.0,47,3211.114969
152.0,38,3211.236322
201.0,51,3211.383256
142.0,36,3211.486445
320.0,80,3211.702897
306.0,77,3211.916703
173.0,44,3212.04182
156.0,39,3217.289382
300.0,75,3217.6123
222.0,56,3217.821699
185.0,47,3218.063595
286.0,72,3218.419231
147.0,37,3218.606076
232.0,58,3218.881501
325.0,82,3219.203826
225.0,57,3223.346868
625.0,157,3223.963657
237.0,60,3224.179185
185.0,47,3224.313678
195.0,49,3224.450012
106.0,27,3224.530463
308.0,77,3224.739946
197.0,50,3224.884618
362.0,91,3229.146146
208.0,52,3229.350737
300.0,75,3229.617607
193.0,49,3229.777674
223.0,56,3229.94851
391.0,98,3230.263627
397.0,100,3234.789957
268.0,67,3235.115718
210.0,53,3235.322682
291.0,73,3235.609976
241.0,61,3235.836635
323.0,81,3236.083054
121.0,31,3236.188828
196.0,49,3236.339202
209.0,53,3236.50155
406.0,102,3241.153085
270.0,68,3241.401086
252.0,63,3241.618601
311.0,78,3241.835014
221.0,56,3241.99204
147.0,37,3242.094611
195.0,49,3242.239264
252.0,63,3242.42891
483.0,121,3247.582148
176.0,44,3247.749866
316.0,79,3248.023686
223.0,56,3248.193467
322.0,81,3248.438008
400.0,100,3248.717088
288.0,72,3253.04412
219.0,55,3253.266169
91.0,23,3253.362965
191.0,48,3253.550954
416.0,104,3253.907047
304.0,76,3254.150048
501.0,126,3254.532216
380.0,95,3259.07764
179.0,45,3259.248651
454.0,114,3259.648876
119.0,30,3259.738276
519.0,130,3260.11909
336.0,84,3260.36888
497.0,125,3266.774263
237.0,60,3267.002459
235.0,59,3267.230772
402.0,101,3267.531759
334.0,84,3267.764095
372.0,93,3268.027128
166.0,42,3274.181573
193.0,49,3274.368317
170.0,43,3274.531285
274.0,69,3274.783139
184.0,46,3274.933136
322.0,81,3275.182001
107.0,27,3275.270782
300.0,75,3275.494005
189.0,48,3275.639998
293.0,74,3279.814869
219.0,55,3280.035148
151.0,38,3280.179256
124.0,31,3280.326726
157.0,40,3280.52812
275.0,69,3280.802058
186.0,47,3281.000122
522.0,131,3281.578539
118.0,30,3281.678612
121.0,31,3286.559506
133.0,34,3286.751647
425.0,107,3287.179987
205.0,52,3287.377048
201.0,51,3287.608451
218.0,55,3287.884763
275.0,69,3288.217301
271.0,68,3288.551884
353.0,89,3298.712476
229.0,58,3299.063827
195.0,49,3299.311233
311.0,78,3299.698574
442.0,111,3300.255653
282.0,71,3300.61558
178.0,45,3300.793406
506.0,127,3308.522161
407.0,102,3308.890354
131.0,33,3309.001338
473.0,119,3309.315658
157.0,40,3309.422582
162.0,41,3309.550177
147.0,37,3309.651506
332.0,83,3313.558991
325.0,82,3313.862123
319.0,80,3314.094751
447.0,112,3314.398337
263.0,66,3314.58204
157.0,40,3314.694107
227.0,57,3314.850291
184.0,46,3318.737477
170.0,43,3318.912085
274.0,69,3319.165997
224.0,56,3319.366219
156.0,39,3319.481872
174.0,44,3319.62252
231.0,58,3319.797074
420.0,105,3320.079508
197.0,50,3320.224052
173.0,44,3327.732283
199.0,50,3328.030204
229.0,58,3328.314383
191.0,48,3328.566818
341.0,86,3328.999493
432.0,108,3329.484067
462.0,116,3329.871665
321.0,81,3334.105041
115.0,29,3334.22131
286.0,72,3334.499693
255.0,64,3334.743808
196.0,49,3334.918405
420.0,105,3335.343859
296.0,74,3335.546392
164.0,41,3341.220113
398.0,100,3341.792514
364.0,91,3342.206643
224.0,56,3342.422089
291.0,73,3342.703403
251.0,63,3342.902418
262.0,66,3343.11374
181.0,46,3349.436449
161.0,41,3349.686213
238.0,60,3349.942613
173.0,44,3350.119501
161.0,41,3350.293676
338.0,85,3350.598328
166.0,42,3350.739866
121.0,31,3350.835592
201.0,51,3351.007004
188.0,47,3351.165282
161.0,41,3351.296779
286.0,72,3355.454024
185.0,47,3355.642911
107.0,27,3355.756832
248.0,62,3355.990166
165.0,42,3356.15075
131.0,33,3356.257911
113.0,29,3356.350538
246.0,62,3356.562785
125.0,32,3356.672099
167.0,42,3356.821916
413.0,104,3365.327472
185.0,47,3365.580977
337.0,85,3365.908611
181.0,46,3366.090618
122.0,31,3366.205976
370.0,93,3366.535084
367.0,92,3366.819385
528.0,132,3371.402964
287.0,72,3371.690739
324.0,81,3371.983824
522.0,131,3372.402618
193.0,49,3372.55815
341.0,86,3372.82491
221.0,56,3376.520634
360.0,90,3376.868115
269.0,68,3377.114626
200.0,50,3377.252655
172.0,43,3377.378516
213.0,54,3377.528749
640.0,160,3382.190513
301.0,76,3382.515796
170.0,43,3382.672607
399.0,100,3383.027837
276.0,69,3383.226589
102.0,26,3383.302148
269.0,68,3383.493148
253.0,64,3383.673837
464.0,116,3389.651714
209.0,53,3389.854292
289.0,73,3390.138032
134.0,34,3390.233948
254.0,64,3390.409891
217.0,55,3390.570541
294.0,74,3390.775621
125.0,32,3390.869821
137.0,35,3390.973022
441.0,111,3395.367805
365.0,92,3395.710351
323.0,81,3395.932434
232.0,58,3396.098444
379.0,95,3396.361021
238.0,60,3396.529758
184.0,46,3400.539117
254.0,64,3400.809048
414.0,104,3401.182711
261.0,66,3401.399013
243.0,61,3401.571882
213.0,54,3401.718372
113.0,29,3401.809883
289.0,73,3402.018945
205.0,52,3405.925891
163.0,41,3406.080868
157.0,40,3406.233907
261.0,66,3406.473749
306.0,77,3406.699937
274.0,69,3406.890723
332.0,83,3407.235992
215.0,54,3407.466067
119.0,30,3407.603628
280.0,70,3411.87904
200.0,50,3412.083947
240.0,60,3412.318813
342.0,86,3412.617934
197.0,50,3412.779269
155.0,39,3412.897011
533.0,134,3413.301892
195.0,49,3417.337823
165.0,42,3417.505874
313.0,79,3417.800587
285.0,72,3418.056535
169.0,43,3418.194634
130.0,33,3418.300404
112.0,28,3418.389942
263.0,66,3418.596996
519.0,130,3423.484722
273.0,69,3423.766849
171.0,43,3423.924142
443.0,111,3424.282571
195.0,49,3424.419406
187.0,47,3424.569863
145.0,37,3424.673875
106.0,27,3424.763569
212.0,53,3424.915713
227.0,57,3429.024074
232.0,58,3429.271426
336.0,84,3429.581274
282.0,71,3429.826138
316.0,79,3430.043364
209.0,53,3430.19051
266.0,67,3430.382547
285.0,72,3436.255111
478.0,120,3436.780093
254.0,64,3436.982121
204.0,51,3437.128723
175.0,44,3437.248847
140.0,35,3437.354285
189.0,48,3437.485393
170.0,43,3437.609971
353.0,89,3437.86044
186.0,47,3445.80712
208.0,52,3446.093531
136.0,34,3446.266837
388.0,97,3446.766266
251.0,63,3447.075118
159.0,40,3447.281623
133.0,34,3447.462203
202.0,51,3447.725658
169.0,43,3447.936166
371.0,93,3453.790318
181.0,46,3454.001334
196.0,49,3454.190186
200.0,50,3454.385531
253.0,64,3454.603703
146.0,37,3454.720626
268.0,67,3454.929238
160.0,40,3455.054263
479.0,120,3462.322646
167.0,42,3462.556916
348.0,87,3462.997264
119.0,30,3463.156772
116.0,29,3463.305674
142.0,36,3463.493638
118.0,30,3463.646985
457.0,115,3464.264884
253.0,64,3464.605343
297.0,75,3469.524969
171.0,43,3469.695222
168.0,42,3469.846428
275.0,69,3470.09192
352.0,88,3470.355525
490.0,123,3470.745418
356.0,89,3471.007782
212.0,53,3477.123923
328.0,82,3477.433328
169.0,43,3477.597956
134.0,34,3477.725135
160.0,40,3477.867253
231.0,58,3478.043602
295.0,74,3478.269114
112.0,28,3478.361109
329.0,83,3478.613407
103.0,26,3484.717845
177.0,45,3484.953822
444.0,111,3485.385137
264.0,66,3485.627008
149.0,38,3485.758721
162.0,41,3485.885975
113.0,29,3485.972025
397.0,100,3486.246543
585.0,147,3490.430246
391.0,98,3490.767116
325.0,82,3491.000822
260.0,65,3491.183749
143.0,36,3491.292511
158.0,40,3491.404257
358.0,90,3491.646394
719.0,180,3496.638073
286.0,72,3496.868922
174.0,44,3497.00968
311.0,78,3497.218718
282.0,71,3497.415743
215.0,54,3497.567961
204.0,51,3504.291741
256.0,64,3504.530941
182.0,46,3504.701442
257.0,65,3504.923635
150.0,38,3505.030984
133.0,34,3505.139831
486.0,122,3505.468817
304.0,76,3505.682374
234.0,59,3511.751746
238.0,60,3511.972798
602.0,151,3512.463865
386.0,97,3512.726815
234.0,59,3512.895295
125.0,32,3513.015265
277.0,70,3519.631522
187.0,47,3519.840071
157.0,40,3519.993332
157.0,40,3520.143541
354.0,89,3520.46482
341.0,86,3520.704199
312.0,78,3520.964326
232.0,58,3521.144916
148.0,37,3521.251212
536.0,134,3528.967864
203.0,51,3529.132039
172.0,43,3529.258054
278.0,70,3529.453547
107.0,27,3529.549359
184.0,46,3529.68789
160.0,40,3529.806062
409.0,103,3533.973339
307.0,77,3534.296653
175.0,44,3534.459013
196.0,49,3534.631078
185.0,47,3534.774396
137.0,35,3534.875623
350.0,88,3535.105253
266.0,67,3535.284496
251.0,63,3535.452551
198.0,50,3538.977945
156.0,39,3539.148387
191.0,48,3539.328728
369.0,93,3539.613693
311.0,78,3539.82594
112.0,28,3539.907463
223.0,56,3540.060888
260.0,65,3540.237967
151.0,38,3540.352997
197.0,50,3544.166881
139.0,35,3544.33907
349.0,88,3544.655775
376.0,94,3544.933474
238.0,60,3545.102399
159.0,40,3545.213716
477.0,120,3545.529497
