#{"t_start": 1720458983.9578722, "env_id": "VizdoomDefendCenter-v0"}
r,l,t
0.0,77,3.660254
3.0,127,3.695161
1.0,77,3.716411
0.0,82,3.739008
-1.0,78,3.761256
1.0,83,3.783871
0.0,86,3.80744
2.0,107,3.83726
1.0,73,3.857514
3.0,103,3.885664
0.0,66,3.903924
0.0,93,3.929866
-1.0,63,3.94731
0.0,78,3.968636
2.0,112,3.999131
0.0,54,4.014081
0.0,77,4.035297
1.0,81,4.057446
1.0,107,4.086458
0.0,96,4.112653
-1.0,68,4.131431
-1.0,53,4.146122
-1.0,74,4.16635
0.0,100,4.193825
0.0,57,4.209608
-1.0,58,4.225718
3.0,106,4.254653
-1.0,52,4.269048
-1.0,58,4.285134
1.0,99,4.31197
-1.0,78,4.333251
0.0,88,4.357056
0.0,90,4.381831
-1.0,64,4.399376
0.0,80,4.421188
0.0,77,4.442281
1.0,102,4.470656
-1.0,78,4.492022
0.0,64,4.509557
-1.0,68,4.528215
-1.0,78,4.549634
-1.0,82,4.571968
0.0,103,4.600722
1.0,82,4.62315
1.0,107,4.652364
0.0,77,4.673507
-1.0,78,4.694757
1.0,97,4.720944
-1.0,96,4.747163
0.0,96,4.773456
0.0,59,4.789722
0.0,67,4.808202
1.0,81,4.830722
0.0,81,4.852766
0.0,60,4.869222
-1.0,78,4.890542
0.0,74,4.910767
1.0,82,4.933172
1.0,117,4.964949
0.0,82,4.987401
0.0,86,5.011042
-1.0,90,8.123372
0.0,74,8.144209
0.0,72,8.164008
-1.0,68,8.182796
0.0,79,8.204484
-1.0,73,8.224518
0.0,84,8.24731
-1.0,65,8.265277
-1.0,73,8.285304
-1.0,61,8.302159
0.0,69,8.320994
-1.0,69,8.339954
-1.0,80,8.361832
0.0,87,8.385969
1.0,73,8.405827
1.0,85,8.429089
0.0,70,8.448214
0.0,79,8.46985
0.0,81,8.491978
0.0,85,8.515112
1.0,103,8.542929
1.0,82,8.565325
1.0,77,8.586382
-1.0,90,8.611041
0.0,94,8.63694
-1.0,81,8.659699
-1.0,53,8.674413
-1.0,59,8.690803
2.0,109,8.720553
2.0,90,8.745003
-1.0,70,8.764145
1.0,86,8.787899
1.0,114,8.819034
-1.0,70,8.838332
1.0,89,8.862563
2.0,89,8.886854
1.0,89,8.91106
2.0,115,8.942251
1.0,105,8.97071
-1.0,70,8.990122
1.0,103,9.018146
0.0,96,9.044308
-1.0,70,9.063499
0.0,61,9.080458
1.0,81,9.102601
0.0,80,9.124437
0.0,96,9.1505
1.0,103,9.178589
-1.0,80,9.20048
1.0,76,9.221259
1.0,84,9.244256
0.0,52,9.258807
0.0,79,9.280525
0.0,72,9.300232
0.0,94,9.325752
0.0,92,9.350924
0.0,62,9.367989
1.0,89,9.392266
1.0,109,9.421926
-1.0,58,9.438069
0.0,65,9.455974
1.0,93,10.109139
0.0,83,10.132247
-1.0,66,10.150568
-1.0,65,10.168443
0.0,90,10.193489
1.0,90,10.21806
0.0,100,10.245627
1.0,77,10.266589
-1.0,59,10.282818
-1.0,77,10.303805
1.0,82,10.326409
0.0,77,10.347475
-1.0,66,10.365565
-1.0,61,10.382336
0.0,100,10.409543
-1.0,76,10.430262
0.0,52,10.444679
1.0,96,10.47067
-1.0,56,10.486206
1.0,100,10.513418
0.0,86,10.536785
1.0,97,10.563378
0.0,70,10.582725
-1.0,81,10.604816
0.0,100,10.631988
0.0,100,10.65918
2.0,98,10.686126
0.0,62,10.703355
0.0,78,10.724689
0.0,81,10.746724
-1.0,64,10.764408
1.0,88,10.788923
1.0,109,10.818641
2.0,122,10.851744
0.0,85,10.875068
0.0,85,10.898186
0.0,62,10.915285
1.0,105,10.943878
-1.0,84,10.966969
1.0,99,10.99386
0.0,76,11.014827
0.0,73,11.034911
2.0,107,11.064052
0.0,88,11.088057
-1.0,65,11.105976
0.0,74,11.126334
0.0,76,11.147345
1.0,68,11.16594
1.0,97,11.19241
0.0,70,11.211558
-1.0,88,11.235772
0.0,76,11.256535
2.0,122,11.289562
-1.0,71,11.308994
-1.0,74,11.329386
0.0,58,11.345283
1.0,101,11.372845
1.0,112,11.403468
1.0,61,11.420474
2.0,115,11.451566
1.0,65,11.913023
-1.0,54,11.928185
0.0,76,11.949368
1.0,91,11.974427
1.0,87,11.998282
0.0,77,12.019316
-1.0,71,12.039224
-1.0,83,12.061852
3.0,110,12.091651
0.0,58,12.107642
-1.0,62,12.124844
0.0,84,12.147655
-1.0,73,12.168004
-1.0,59,12.184332
1.0,70,12.203652
-1.0,57,12.219389
-1.0,81,12.241736
0.0,83,12.264371
1.0,92,12.289571
0.0,101,12.317132
0.0,85,12.340371
1.0,81,12.362654
-1.0,69,12.381701
0.0,92,12.406835
2.0,111,12.437076
2.0,81,12.459185
1.0,84,12.482234
0.0,73,12.502649
-1.0,88,12.527412
0.0,86,12.551048
-1.0,74,12.571406
-1.0,70,12.590593
-1.0,56,12.606089
0.0,89,12.630147
0.0,74,12.650775
1.0,102,12.678717
0.0,78,12.700012
0.0,98,12.726549
1.0,88,12.750688
1.0,105,12.779078
0.0,73,12.799024
1.0,78,12.820366
0.0,76,12.841313
1.0,69,12.860182
-1.0,58,12.87624
2.0,97,12.902456
0.0,95,12.929194
-1.0,84,12.95225
1.0,83,12.974879
1.0,82,12.997267
2.0,91,13.022266
-1.0,79,13.043827
0.0,67,13.062212
-1.0,71,13.081707
1.0,100,13.10909
-1.0,52,13.123512
-1.0,58,13.139481
1.0,102,13.167382
-1.0,66,13.185671
-1.0,74,13.205958
0.0,57,13.221683
-1.0,57,13.237436
0.0,68,13.256291
1.0,56,13.27174
0.0,69,13.688677
0.0,77,13.710097
0.0,81,13.732577
0.0,63,13.750083
2.0,120,13.782749
1.0,70,13.802021
1.0,94,13.827772
0.0,67,13.846274
0.0,70,13.865517
1.0,82,13.887774
1.0,97,13.914311
-1.0,66,13.932482
-1.0,72,13.952221
1.0,100,13.97951
0.0,83,14.002487
0.0,97,14.029022
0.0,100,14.056077
-1.0,55,14.071779
1.0,103,14.100223
1.0,66,14.118464
1.0,110,14.148276
1.0,111,14.178376
-1.0,76,14.199354
0.0,96,14.225522
0.0,67,14.243933
0.0,72,14.263726
2.0,105,14.292557
0.0,70,14.311999
-1.0,62,14.329146
0.0,92,14.354403
0.0,51,14.368612
1.0,81,14.390804
0.0,74,14.411009
0.0,80,14.43288
-1.0,83,14.455701
0.0,71,14.475256
-1.0,73,14.495203
-1.0,62,14.51228
1.0,112,14.542957
-1.0,62,14.560107
1.0,84,14.582954
0.0,90,14.60762
0.0,90,14.632326
0.0,74,14.653106
1.0,78,14.674491
-1.0,78,14.695852
-1.0,67,14.714395
0.0,54,14.729416
0.0,73,14.749408
0.0,86,14.772873
0.0,71,14.792794
-1.0,58,14.809032
0.0,75,14.830063
0.0,81,14.852233
2.0,110,14.882458
0.0,81,14.904792
-1.0,68,14.923464
0.0,69,14.9424
-1.0,57,14.958299
0.0,87,14.982007
-1.0,75,15.002978
-1.0,74,15.023244
0.0,60,15.039838
0.0,85,15.459248
-1.0,68,15.47815
1.0,93,15.503518
0.0,94,15.529246
1.0,76,15.550035
-1.0,73,15.570312
0.0,60,15.586821
-1.0,87,15.610608
-1.0,65,15.628458
-1.0,58,15.645208
-1.0,73,15.665272
1.0,104,15.693745
0.0,64,15.711305
0.0,92,15.736927
1.0,98,15.763619
0.0,87,15.787612
0.0,92,15.812597
-1.0,76,15.833354
0.0,80,15.855223
1.0,77,15.876379
1.0,91,15.901402
0.0,105,15.92996
1.0,95,15.95576
-1.0,80,15.977743
0.0,53,15.992642
1.0,83,16.015346
1.0,91,16.040091
1.0,98,16.067091
-1.0,81,16.089224
3.0,109,16.118957
1.0,79,16.140678
-1.0,62,16.157959
-1.0,72,16.177752
1.0,106,16.206589
2.0,115,16.237882
1.0,89,16.26248
1.0,81,16.284714
1.0,97,16.310936
5.0,148,16.351256
0.0,92,16.376559
1.0,77,16.397784
1.0,114,16.428725
0.0,74,16.449022
1.0,91,16.473925
0.0,59,16.490144
-1.0,74,16.510465
-1.0,76,16.531291
-1.0,79,16.553117
0.0,75,16.573661
0.0,74,16.593932
0.0,85,16.617224
0.0,62,16.634385
0.0,91,16.659177
0.0,69,16.678095
0.0,83,16.700899
0.0,61,16.717891
0.0,83,16.74074
1.0,83,16.76337
0.0,84,16.786795
3.0,110,16.816956
1.0,98,17.272991
1.0,87,17.29709
0.0,85,17.320508
-1.0,69,17.339591
1.0,95,17.365559
0.0,68,17.384178
-1.0,86,17.407643
2.0,104,17.436111
0.0,81,17.458199
0.0,60,17.474834
-1.0,72,17.49459
2.0,117,17.526441
0.0,76,17.547483
2.0,99,17.574605
-1.0,64,17.592194
0.0,70,17.611534
1.0,73,17.631571
0.0,90,17.656749
0.0,76,17.677649
1.0,84,17.700688
1.0,69,17.719649
-1.0,56,17.735094
0.0,99,17.762053
0.0,73,17.782265
0.0,90,17.806874
-1.0,62,17.823991
0.0,75,17.844485
-1.0,77,17.865612
1.0,102,17.89347
0.0,62,17.910658
1.0,99,17.937495
0.0,93,17.962919
0.0,85,17.986138
0.0,80,18.008058
0.0,65,18.025931
1.0,56,18.041491
0.0,95,18.067374
-1.0,73,18.087376
0.0,66,18.10561
0.0,81,18.127969
1.0,84,18.151014
1.0,100,18.178225
-1.0,83,18.200961
-1.0,61,18.217868
-1.0,68,18.236568
0.0,83,18.259407
0.0,67,18.277912
0.0,97,18.304458
0.0,71,18.323962
0.0,52,18.338345
0.0,68,18.356891
0.0,82,18.37943
-1.0,76,18.400192
1.0,75,18.420703
1.0,82,18.443168
0.0,82,18.465677
-1.0,64,18.483345
-1.0,71,18.502852
1.0,95,18.528709
1.0,102,18.556621
0.0,89,18.580861
1.0,92,18.605984
-1.0,64,18.623672
0.0,64,19.073043
0.0,81,19.095321
0.0,86,19.11893
-1.0,68,19.137604
0.0,104,19.165982
1.0,90,19.190483
1.0,83,19.213292
0.0,96,19.23963
0.0,64,19.257337
0.0,73,19.277452
0.0,71,19.296959
1.0,111,19.327337
1.0,86,19.350943
-1.0,79,19.372676
1.0,73,19.392616
0.0,72,19.412259
0.0,89,19.436724
-1.0,66,19.45491
0.0,91,19.479701
0.0,104,19.507953
1.0,86,19.531523
-1.0,58,19.547538
-1.0,83,19.57016
1.0,98,19.596834
0.0,70,19.616085
0.0,89,19.640181
0.0,89,19.66475
-1.0,81,19.686934
-1.0,79,19.708812
-1.0,66,19.727011
-1.0,69,19.745984
0.0,64,19.76361
-1.0,59,19.78009
-1.0,50,19.794082
-1.0,62,19.811225
-1.0,74,19.831489
1.0,86,19.855217
-1.0,78,19.87654
1.0,94,19.902161
2.0,107,19.931256
1.0,64,19.949204
-1.0,57,19.965108
1.0,98,19.991787
-1.0,75,20.012339
1.0,97,20.039145
0.0,78,20.060533
-1.0,74,20.080813
-1.0,54,20.095853
0.0,99,20.12277
0.0,84,20.145754
-1.0,79,20.167344
0.0,67,20.185742
0.0,51,20.199974
1.0,91,20.224654
2.0,102,20.252316
0.0,95,20.278352
0.0,83,20.301201
0.0,89,20.325588
-1.0,83,20.348259
0.0,74,20.368485
0.0,99,20.395634
-1.0,75,20.416144
-1.0,54,20.904009
3.0,131,20.939701
-1.0,69,20.958917
-1.0,79,20.980529
0.0,103,21.008518
-1.0,94,21.03411
1.0,82,21.05714
0.0,100,21.084389
0.0,79,21.105922
0.0,70,21.125132
-1.0,69,21.144238
-1.0,69,21.163178
2.0,93,21.188575
2.0,83,21.211285
0.0,93,21.23679
1.0,107,21.265744
0.0,76,21.286548
-1.0,60,21.303104
-1.0,58,21.319202
1.0,93,21.344442
2.0,85,21.367725
0.0,70,21.386999
0.0,67,21.405589
-1.0,48,21.418971
-1.0,58,21.434932
-1.0,82,21.457304
2.0,107,21.48657
-1.0,58,21.502611
-1.0,62,21.519623
0.0,91,21.544509
1.0,95,21.570505
1.0,62,21.58766
-1.0,78,21.608962
0.0,74,21.629275
-1.0,62,21.646497
0.0,68,21.66539
-1.0,75,21.692408
1.0,100,21.72364
-1.0,67,21.742196
1.0,90,21.766602
0.0,86,21.79012
-1.0,72,21.809865
0.0,73,21.829894
0.0,85,21.853022
0.0,80,21.874715
1.0,76,21.895383
0.0,68,21.914354
0.0,84,21.937265
-1.0,63,21.954663
0.0,82,21.977173
0.0,84,22.000108
-1.0,63,22.017484
2.0,103,22.0455
-1.0,56,22.061047
3.0,124,22.094856
1.0,99,22.121778
0.0,69,22.140756
0.0,81,22.162869
-1.0,55,22.178205
1.0,116,22.209654
-1.0,82,22.232098
0.0,70,22.251222
-1.0,76,22.272117
1.0,72,22.726684
-1.0,58,22.743082
0.0,86,22.766632
-1.0,104,22.795235
0.0,101,22.822766
1.0,88,22.846808
-1.0,65,22.865384
1.0,90,22.890169
0.0,69,22.909063
0.0,64,22.92662
1.0,96,22.952797
-1.0,61,22.969751
0.0,78,22.991032
-1.0,85,23.01442
-1.0,62,23.031492
0.0,111,23.061682
0.0,89,23.087097
0.0,86,23.111242
0.0,81,23.133517
-1.0,72,23.153346
1.0,104,23.181519
1.0,95,23.207246
0.0,80,23.229059
1.0,81,23.251265
-1.0,81,23.273284
0.0,77,23.294266
0.0,94,23.319763
0.0,65,23.337939
0.0,72,23.357829
1.0,102,23.385628
0.0,68,23.404285
1.0,79,23.426039
1.0,59,23.442354
1.0,68,23.460948
3.0,102,23.488992
0.0,84,23.512278
1.0,108,23.54179
0.0,84,23.564937
1.0,103,23.593112
1.0,102,23.621248
0.0,73,23.641388
1.0,62,23.65904
-1.0,65,23.677008
0.0,77,23.698163
0.0,76,23.718984
-1.0,70,23.738239
-1.0,54,23.753124
2.0,107,23.782277
0.0,59,23.798507
-1.0,68,23.817226
1.0,91,23.842017
1.0,89,23.866305
-1.0,57,23.882007
0.0,69,23.900963
0.0,69,23.919779
-1.0,76,23.940574
0.0,61,23.957401
3.0,110,23.987374
0.0,80,24.009366
0.0,81,24.031609
0.0,77,24.052644
0.0,72,24.07236
-1.0,53,24.087102
1.0,76,24.511735
0.0,54,24.526871
0.0,68,24.545597
1.0,101,24.573207
4.0,122,24.606811
-1.0,70,24.626012
1.0,92,24.651304
0.0,83,24.674127
0.0,83,24.6972
-1.0,69,24.716157
0.0,79,24.737716
0.0,106,24.766672
1.0,93,24.792059
0.0,97,24.818483
1.0,95,24.844443
0.0,76,24.865209
-1.0,56,24.880761
-1.0,78,24.902108
-1.0,76,24.922948
0.0,82,24.945402
0.0,82,24.96796
1.0,69,24.986849
1.0,71,25.006175
-1.0,82,25.028741
2.0,96,25.054994
-1.0,68,25.07373
0.0,84,25.096783
1.0,95,25.122536
0.0,88,25.146681
-1.0,58,25.162652
0.0,71,25.182017
-1.0,55,25.197361
-1.0,65,25.215308
0.0,82,25.237789
0.0,77,25.258888
-1.0,70,25.278085
1.0,85,25.301427
-1.0,80,25.323222
1.0,94,25.348965
-1.0,56,25.364573
-1.0,61,25.381562
-1.0,61,25.398366
-1.0,71,25.417986
1.0,82,25.440352
0.0,58,25.456279
1.0,77,25.477198
0.0,95,25.50276
-1.0,58,25.518601
-1.0,70,25.537649
0.0,67,25.555866
-1.0,99,25.582594
2.0,96,25.60842
0.0,96,25.634475
-1.0,62,25.651359
-1.0,61,25.66799
0.0,66,25.686125
0.0,75,25.70663
0.0,70,25.725585
0.0,57,25.741161
0.0,85,25.764232
3.0,125,25.798067
-1.0,87,25.821554
0.0,70,25.8406
-1.0,56,25.855962
2.0,128,26.283124
3.0,112,26.313537
0.0,80,26.335264
1.0,84,26.357986
2.0,109,26.38751
0.0,60,26.403982
1.0,100,26.431152
-1.0,72,26.450717
0.0,87,26.474428
1.0,86,26.497558
-1.0,85,26.520536
-1.0,62,26.537372
1.0,115,26.56834
1.0,89,26.592307
-1.0,61,26.60916
-1.0,62,26.626109
-1.0,70,26.645391
0.0,95,26.671201
0.0,86,26.694645
-1.0,60,26.711051
1.0,93,26.736161
1.0,94,26.76143
-1.0,78,26.78254
0.0,93,26.807611
-1.0,77,26.829277
1.0,104,26.857517
2.0,98,26.88417
-1.0,71,26.903566
0.0,63,26.921072
1.0,88,26.944726
-1.0,52,26.958963
0.0,52,26.973368
0.0,76,26.994206
1.0,104,27.022194
2.0,112,27.053903
-1.0,64,27.076083
1.0,103,27.10773
0.0,87,27.131255
0.0,83,27.154213
0.0,95,27.18087
1.0,82,27.203376
0.0,69,27.222095
0.0,81,27.244233
0.0,77,27.265018
-1.0,49,27.278666
-1.0,76,27.299281
0.0,75,27.319722
1.0,74,27.339821
1.0,101,27.367257
1.0,98,27.393717
0.0,64,27.41118
-1.0,62,27.428068
-1.0,66,27.446212
0.0,99,27.472924
-1.0,63,27.490269
2.0,114,27.521045
1.0,106,27.549767
-1.0,76,27.570464
1.0,112,27.600603
0.0,76,27.621322
2.0,108,28.08938
0.0,71,28.108775
0.0,85,28.13186
0.0,66,28.149734
0.0,83,28.172306
0.0,91,28.19694
0.0,70,28.216081
1.0,105,28.244628
0.0,68,28.26334
1.0,86,28.286791
-1.0,71,28.306064
2.0,89,28.330352
0.0,82,28.352769
1.0,82,28.375023
1.0,89,28.399036
0.0,67,28.417385
0.0,80,28.439129
0.0,60,28.455735
0.0,66,28.4736
-1.0,64,28.491081
1.0,69,28.509944
-1.0,68,28.528447
-1.0,69,28.547248
0.0,78,28.568444
0.0,53,28.58314
0.0,80,28.604857
1.0,97,28.630965
0.0,73,28.651031
0.0,93,28.676754
1.0,62,28.694388
0.0,67,28.712635
-1.0,81,28.73463
0.0,102,28.762176
0.0,98,28.788768
-1.0,63,28.805975
2.0,110,28.83555
0.0,73,28.85541
1.0,105,28.883777
-1.0,81,28.905791
0.0,62,28.92273
0.0,92,28.947798
0.0,68,28.966452
1.0,103,28.994282
1.0,88,29.018139
1.0,105,29.046734
0.0,73,29.066618
1.0,105,29.095011
0.0,64,29.112529
1.0,84,29.135376
0.0,63,29.152534
-1.0,65,29.170228
0.0,68,29.188792
-1.0,65,29.206679
-1.0,65,29.224434
0.0,64,29.241921
0.0,73,29.261802
-1.0,67,29.280236
1.0,94,29.305529
0.0,68,29.323995
0.0,106,29.352379
0.0,95,29.378226
0.0,102,29.405771
1.0,103,29.818095
0.0,63,29.835907
0.0,81,29.858107
1.0,75,29.878541
1.0,109,29.907739
0.0,65,29.925627
0.0,69,29.944576
-1.0,75,29.964973
2.0,100,29.991916
0.0,75,30.012226
0.0,80,30.033916
-1.0,77,30.054776
1.0,104,30.082953
1.0,80,30.104632
-1.0,56,30.120132
0.0,73,30.139872
-1.0,62,30.156809
2.0,98,30.183295
3.0,109,30.212736
1.0,74,30.232897
-1.0,78,30.25389
0.0,64,30.27143
1.0,84,30.294282
0.0,71,30.313706
0.0,82,30.335788
0.0,80,30.357591
3.0,108,30.386936
0.0,106,30.415641
-1.0,70,30.434707
2.0,87,30.458318
0.0,81,30.480475
-1.0,72,30.500114
1.0,98,30.526738
-1.0,63,30.545648
2.0,105,30.574995
0.0,84,30.59782
0.0,90,30.622016
0.0,70,30.641819
-1.0,71,30.661411
1.0,86,30.68496
-1.0,68,30.703454
-1.0,67,30.721898
0.0,72,30.741848
0.0,72,30.761398
-1.0,64,30.778846
1.0,85,30.801851
-1.0,85,30.825149
0.0,90,30.849425
0.0,73,30.869164
1.0,100,30.896207
1.0,99,30.923128
0.0,66,30.941059
1.0,93,30.96609
1.0,96,30.992072
0.0,58,31.007988
1.0,73,31.027768
-1.0,59,31.043965
0.0,64,31.061318
2.0,80,31.083069
1.0,98,31.110376
0.0,71,31.130629
0.0,78,31.151717
-1.0,77,31.172666
-1.0,61,31.59928
1.0,100,31.626452
0.0,72,31.646102
-1.0,70,31.665303
1.0,58,31.681747
1.0,98,31.708892
1.0,101,31.73625
0.0,92,31.761287
0.0,90,31.785653
0.0,73,31.805542
-1.0,62,31.822422
0.0,76,31.84308
0.0,64,31.860555
0.0,79,31.881972
-1.0,60,31.898419
3.0,98,31.925148
0.0,103,31.953588
-1.0,80,31.975231
1.0,90,31.999612
1.0,79,32.02128
-1.0,81,32.043353
-1.0,61,32.060037
0.0,47,32.072995
0.0,75,32.093409
0.0,80,32.11503
1.0,65,32.132752
1.0,82,32.155084
0.0,72,32.174877
2.0,97,32.201039
0.0,70,32.220133
0.0,93,32.245186
1.0,108,32.274379
-1.0,87,32.297938
0.0,75,32.318167
-1.0,75,32.33855
0.0,73,32.35853
-1.0,66,32.376487
1.0,112,32.406545
0.0,99,32.43322
-1.0,52,32.44764
-1.0,59,32.463791
0.0,78,32.484945
0.0,69,32.503646
1.0,65,32.521554
0.0,68,32.540125
-1.0,71,32.559426
1.0,82,32.58169
0.0,97,32.608019
2.0,101,32.635189
1.0,88,32.658993
-1.0,91,32.684017
0.0,72,32.704372
2.0,117,32.73596
0.0,71,32.755442
-1.0,71,32.774894
0.0,71,32.794335
1.0,76,32.81502
-1.0,73,32.834876
0.0,84,32.857665
0.0,76,32.878529
-1.0,82,32.900821
1.0,77,32.921701
0.0,74,32.941812
0.0,70,33.376865
0.0,90,33.40183
0.0,99,33.428466
0.0,52,33.442796
1.0,104,33.471179
0.0,82,33.493333
-1.0,93,33.51854
0.0,65,33.537073
-1.0,78,33.55839
1.0,114,33.589662
-1.0,65,33.607476
0.0,81,33.629539
1.0,78,33.650746
0.0,101,33.677897
0.0,71,33.697204
1.0,84,33.719902
0.0,80,33.741755
-1.0,80,33.763417
0.0,91,33.788215
0.0,79,33.81014
-1.0,77,33.831515
0.0,78,33.852886
1.0,76,33.873596
-1.0,76,33.894236
0.0,80,33.916144
-1.0,77,33.937004
1.0,98,33.964438
2.0,102,33.992558
-1.0,85,34.016532
1.0,94,34.041899
0.0,81,34.063932
-1.0,74,34.084154
0.0,75,34.105117
-1.0,70,34.124374
1.0,81,34.146531
0.0,84,34.169427
2.0,115,34.200464
0.0,66,34.218405
1.0,105,34.246804
1.0,93,34.272351
0.0,75,34.292937
0.0,72,34.312378
0.0,83,34.334694
0.0,80,34.356297
1.0,72,34.37595
0.0,80,34.397532
0.0,87,34.420925
-1.0,87,34.444397
1.0,102,34.47266
1.0,81,34.49587
1.0,113,34.527218
0.0,106,34.558826
0.0,68,34.577703
0.0,102,34.605209
0.0,81,34.627234
0.0,74,34.647341
0.0,69,34.66626
0.0,69,34.685135
-1.0,72,34.704739
1.0,78,34.725945
2.0,114,35.199783
0.0,70,35.219056
0.0,59,35.235282
1.0,89,35.259454
1.0,63,35.276921
1.0,70,35.295959
0.0,65,35.313733
0.0,74,35.333866
0.0,82,35.356316
-1.0,92,35.381182
1.0,105,35.409632
0.0,100,35.436877
-1.0,62,35.453966
0.0,71,35.473347
-1.0,58,35.489282
1.0,86,35.512578
1.0,104,35.540702
1.0,81,35.562724
-1.0,65,35.580494
0.0,69,35.599314
-1.0,72,35.619033
0.0,58,35.63493
-1.0,80,35.656702
0.0,82,35.679127
1.0,106,35.708454
-1.0,83,35.731187
-1.0,83,35.753744
0.0,82,35.776084
1.0,80,35.798397
-1.0,73,35.818337
0.0,85,35.84181
1.0,79,35.863868
1.0,67,35.882519
0.0,67,35.900833
0.0,94,35.926351
2.0,97,35.952547
1.0,103,35.980678
0.0,88,36.004466
0.0,90,36.029363
-1.0,77,36.050371
3.0,102,36.07803
-1.0,76,36.098769
1.0,70,36.117884
-1.0,63,36.135131
-1.0,72,36.15488
-1.0,61,36.171661
0.0,76,36.192309
0.0,74,36.212433
-1.0,66,36.230699
0.0,100,36.257764
-1.0,73,36.277612
1.0,93,36.302823
0.0,89,36.327018
-1.0,56,36.342428
0.0,82,36.364843
-1.0,66,36.38288
2.0,107,36.412038
3.0,113,36.442955
1.0,80,36.464781
0.0,67,36.483
0.0,75,36.503441
0.0,90,36.52775
0.0,91,36.928669
1.0,110,36.959842
-1.0,82,36.982469
1.0,85,37.005593
0.0,82,37.02782
-1.0,57,37.043495
1.0,79,37.065002
-1.0,53,37.079557
0.0,78,37.100648
0.0,69,37.119537
0.0,74,37.139844
0.0,93,37.165215
0.0,85,37.188246
0.0,95,37.213957
1.0,81,37.23607
-1.0,75,37.256416
1.0,101,37.28378
0.0,56,37.303264
-1.0,70,37.324974
0.0,73,37.345006
0.0,70,37.364245
0.0,71,37.383885
-1.0,60,37.400652
1.0,80,37.422517
0.0,95,37.448113
0.0,86,37.471383
1.0,73,37.49145
-1.0,76,37.512103
-1.0,73,37.532009
2.0,105,37.560312
1.0,84,37.583228
1.0,101,37.61048
0.0,77,37.631371
-1.0,67,37.649689
1.0,51,37.663826
-1.0,61,37.680515
1.0,91,37.705112
1.0,110,37.734647
1.0,78,37.756021
1.0,94,37.781462
0.0,91,37.806314
1.0,109,37.835736
2.0,106,37.864703
-1.0,59,37.88097
0.0,89,37.906161
0.0,75,37.926878
2.0,120,37.959342
3.0,116,37.990504
0.0,68,38.012969
0.0,79,38.039957
-1.0,70,38.06053
0.0,98,38.08721
1.0,88,38.110904
-1.0,74,38.131507
0.0,60,38.14801
1.0,83,38.170357
0.0,53,38.184922
0.0,68,38.203501
0.0,79,38.224999
1.0,90,38.249214
-1.0,78,38.270308
-1.0,63,38.287559
1.0,91,38.722177
1.0,94,38.748075
0.0,75,38.768661
-1.0,63,38.786659
1.0,108,38.815938
1.0,86,38.839408
0.0,76,38.86007
0.0,105,38.888387
1.0,91,38.913188
0.0,67,38.93179
0.0,87,38.955374
0.0,73,38.975492
0.0,77,38.996471
-1.0,68,39.015025
0.0,64,39.032441
0.0,89,39.056534
-1.0,65,39.07442
0.0,86,39.097946
1.0,103,39.125794
-1.0,79,39.147327
-1.0,92,39.172398
-1.0,56,39.187768
1.0,104,39.21592
-1.0,70,39.235108
1.0,106,39.264043
0.0,76,39.284813
0.0,101,39.312706
0.0,76,39.333984
-1.0,84,39.356959
-1.0,86,39.380209
0.0,76,39.400956
1.0,94,39.426314
2.0,98,39.453066
0.0,83,39.475525
0.0,90,39.499848
0.0,70,39.518909
1.0,80,39.540695
-1.0,58,39.556607
1.0,94,39.582081
0.0,57,39.597725
0.0,82,39.620136
0.0,95,39.646064
0.0,64,39.663521
0.0,65,39.681194
1.0,90,39.705803
1.0,58,39.722317
1.0,89,39.746265
2.0,107,39.775301
3.0,102,39.803221
0.0,89,39.827253
-1.0,71,39.846496
0.0,81,39.868299
0.0,63,39.885552
0.0,62,39.902411
0.0,82,39.924586
-1.0,74,39.944594
-1.0,66,39.96266
-1.0,72,39.982173
1.0,92,40.007179
0.0,65,40.024812
0.0,105,40.053256
-1.0,64,40.070747
1.0,83,40.505211
-1.0,76,40.525937
2.0,92,40.551003
-1.0,62,40.568068
1.0,74,40.588127
0.0,101,40.615279
0.0,95,40.641084
0.0,99,40.667804
-1.0,71,40.687083
0.0,83,40.709516
0.0,73,40.729426
1.0,114,40.760504
-1.0,74,40.780603
1.0,113,40.81111
0.0,78,40.832556
0.0,92,40.857391
-1.0,88,40.881337
0.0,79,40.902713
0.0,79,40.92427
0.0,65,40.941944
0.0,60,40.958337
0.0,77,40.979281
-1.0,75,40.999805
0.0,65,41.017524
2.0,99,41.044094
-1.0,77,41.065113
-1.0,56,41.080656
0.0,64,41.098065
1.0,107,41.127015
0.0,86,41.150284
1.0,79,41.171766
1.0,68,41.190217
-1.0,64,41.207637
1.0,93,41.232793
0.0,70,41.252014
-1.0,66,41.269998
1.0,75,41.290352
-1.0,77,41.311144
1.0,90,41.335685
-1.0,62,41.352622
2.0,113,41.382835
0.0,87,41.40631
0.0,71,41.425759
0.0,67,41.443953
0.0,79,41.465463
0.0,83,41.487991
0.0,52,41.502329
0.0,65,41.519971
0.0,63,41.537202
0.0,59,41.553422
0.0,83,41.575999
2.0,106,41.604434
0.0,72,41.623969
0.0,58,41.63975
1.0,111,41.669605
2.0,107,41.698382
1.0,87,41.724336
1.0,95,41.749887
1.0,109,41.779407
-1.0,71,41.798726
-1.0,68,41.817194
1.0,92,41.842045
-1.0,90,45.597225
0.0,60,45.649975
0.0,69,45.712502
1.0,76,45.778319
0.0,81,45.846898
-1.0,80,45.913583
-1.0,68,45.975321
0.0,59,46.035978
1.0,95,46.118093
2.0,107,46.208226
1.0,98,46.291523
-1.0,90,46.367218
0.0,78,46.437776
0.0,64,46.493135
-1.0,71,46.550933
0.0,66,46.606692
1.0,94,46.687027
1.0,90,46.762161
1.0,120,46.863539
2.0,126,46.970582
2.0,100,47.05423
1.0,100,47.138263
1.0,104,47.225317
3.0,110,47.316108
1.0,87,47.389669
1.0,89,47.465939
-1.0,86,47.538556
1.0,83,47.609548
0.0,65,47.664576
0.0,93,47.74293
1.0,100,47.829047
0.0,84,47.900807
-1.0,72,47.962606
1.0,91,48.038191
-1.0,63,48.090772
0.0,68,48.148715
-1.0,64,48.202501
0.0,65,48.256106
-1.0,71,48.315583
0.0,106,48.40341
-1.0,75,48.464865
0.0,91,48.539798
-1.0,77,48.602943
1.0,85,48.676907
1.0,82,48.745539
1.0,100,48.829061
3.0,93,48.909184
1.0,91,48.987249
2.0,103,49.07213
1.0,82,49.142859
0.0,85,49.216443
0.0,53,49.259982
0.0,66,49.314805
0.0,63,49.366993
1.0,115,49.464609
0.0,76,49.530961
1.0,83,49.603465
0.0,64,49.657948
3.0,120,49.758417
6.0,143,50.303106
-1.0,62,50.357238
-1.0,75,50.422403
-1.0,72,50.484357
1.0,76,50.550398
-1.0,68,50.608746
0.0,66,50.662831
1.0,86,50.735959
0.0,63,50.789156
-1.0,64,50.844541
1.0,92,50.922262
0.0,81,50.992304
0.0,93,51.072824
3.0,114,51.170596
-1.0,55,51.218487
1.0,97,51.301907
-1.0,75,51.367118
-1.0,81,51.437439
-1.0,66,51.494122
0.0,56,51.542889
0.0,72,51.60322
0.0,71,51.665156
3.0,120,51.766722
-1.0,67,51.822628
0.0,52,51.867067
-1.0,63,51.920887
-1.0,70,51.982279
1.0,86,52.054705
0.0,65,52.110462
-1.0,67,52.168209
0.0,55,52.215305
1.0,85,52.289454
0.0,104,52.377944
1.0,101,52.464641
1.0,72,52.52572
3.0,98,52.609611
1.0,87,52.683738
2.0,101,52.772721
2.0,96,52.858705
2.0,113,52.953009
-1.0,87,53.029027
1.0,73,53.090747
1.0,89,53.165097
0.0,68,53.222741
0.0,53,53.269152
0.0,48,53.308554
2.0,93,53.388599
5.0,141,53.509526
0.0,92,53.588926
0.0,61,53.640735
3.0,104,53.734314
2.0,89,53.811388
1.0,61,53.863334
1.0,74,53.922604
1.0,85,53.994817
3.0,106,54.084329
2.0,84,54.155432
0.0,60,54.206793
0.0,78,54.273804
1.0,81,54.340409
1.0,102,54.425213
2.0,113,54.96187
1.0,70,55.018275
1.0,114,55.11776
3.0,124,55.222399
3.0,64,55.279275
0.0,83,55.349706
0.0,59,55.400953
3.0,107,55.492369
-1.0,63,55.547772
2.0,104,55.63779
0.0,88,55.713034
3.0,111,55.808441
1.0,84,55.878868
2.0,96,55.960525
1.0,75,56.025012
-1.0,77,56.090862
-1.0,62,56.144188
0.0,74,56.208073
1.0,104,56.298338
1.0,97,56.382607
0.0,86,56.454891
1.0,87,56.530807
4.0,109,56.625479
0.0,74,56.689478
0.0,74,56.751473
2.0,98,56.83646
1.0,76,56.899181
0.0,77,56.962183
0.0,60,57.014711
3.0,106,57.103745
0.0,69,57.163933
0.0,80,57.232889
0.0,68,57.291014
0.0,74,57.352772
2.0,97,57.434129
3.0,122,57.539373
5.0,129,57.648172
3.0,94,57.727307
3.0,115,57.825076
0.0,91,57.902239
2.0,64,57.956826
0.0,81,58.023903
2.0,116,58.123704
1.0,82,58.192468
3.0,112,58.288376
0.0,60,58.339897
2.0,89,58.415794
0.0,90,58.491772
4.0,119,58.591923
3.0,121,58.693474
2.0,109,58.786487
0.0,67,58.845068
2.0,116,58.943333
4.0,128,59.055864
0.0,69,59.113681
1.0,71,59.175247
2.0,73,59.774866
4.0,110,59.869523
5.0,156,60.005764
5.0,124,60.112221
0.0,80,60.181265
3.0,94,60.263443
-1.0,81,60.332965
1.0,84,60.403568
7.0,153,60.529974
0.0,73,60.5939
1.0,93,60.673755
0.0,75,60.7373
4.0,136,60.852151
1.0,94,60.929953
0.0,77,60.993592
1.0,79,61.069068
4.0,109,61.170779
1.0,102,61.257554
0.0,66,61.314359
1.0,86,61.388583
0.0,103,61.478221
0.0,81,61.546243
2.0,88,61.623275
0.0,83,61.694873
-1.0,68,61.755167
3.0,97,61.837703
0.0,65,61.894939
0.0,69,61.953793
0.0,61,62.006552
7.0,152,62.137589
2.0,105,62.225944
0.0,69,62.283307
2.0,78,62.350348
2.0,84,62.424239
0.0,52,62.46986
0.0,74,62.531407
1.0,106,62.623739
0.0,68,62.680433
1.0,85,62.753622
3.0,121,62.860318
2.0,84,62.931928
5.0,123,63.037067
1.0,105,63.12812
3.0,112,63.221397
0.0,78,63.28847
0.0,69,63.346807
4.0,118,63.449673
1.0,69,63.510613
1.0,97,63.593348
6.0,166,63.732062
3.0,108,63.824877
4.0,107,63.916992
4.0,128,64.483658
2.0,96,64.566391
5.0,99,64.65204
4.0,117,64.753205
1.0,109,64.847091
2.0,98,64.929502
3.0,96,65.012168
3.0,93,65.09297
2.0,90,65.170288
6.0,172,65.321188
0.0,57,65.37007
1.0,97,65.452173
1.0,89,65.528068
1.0,76,65.594935
0.0,61,65.64711
0.0,81,65.716906
0.0,102,65.803631
0.0,68,65.862774
4.0,133,65.978391
2.0,76,66.044672
4.0,136,66.1647
4.0,121,66.269016
1.0,88,66.34357
1.0,100,66.430954
4.0,114,66.530377
4.0,116,66.629667
4.0,123,66.735918
0.0,66,66.793422
4.0,129,66.905269
0.0,62,66.958252
1.0,93,67.04228
1.0,88,67.119573
4.0,125,67.228067
2.0,113,67.324111
1.0,79,67.394706
0.0,67,67.455126
1.0,69,67.513175
6.0,115,67.611993
5.0,117,67.713751
6.0,193,67.887225
4.0,133,68.000839
1.0,78,68.068512
1.0,76,68.133381
1.0,106,68.221315
6.0,133,68.336545
6.0,136,68.454371
2.0,75,68.517401
0.0,64,68.573428
4.0,110,68.66957
1.0,95,68.752581
2.0,76,69.246358
3.0,106,69.337952
6.0,126,69.448804
5.0,131,69.559119
0.0,75,69.623846
1.0,89,69.700884
0.0,81,69.771334
4.0,127,69.881631
1.0,80,69.950805
2.0,98,70.038471
0.0,89,70.113773
5.0,142,70.234778
6.0,155,70.367426
3.0,110,70.463239
4.0,116,70.565239
5.0,122,70.672544
3.0,86,70.747441
3.0,80,70.817001
10.0,184,70.976331
6.0,158,71.111147
0.0,64,71.167515
0.0,67,71.227187
2.0,81,71.297991
3.0,106,71.39191
4.0,117,71.491695
8.0,198,71.665064
6.0,155,71.799195
4.0,120,71.904193
1.0,71,71.967295
6.0,161,72.106775
0.0,63,72.161884
1.0,76,72.228791
5.0,122,72.335442
3.0,89,72.414545
1.0,71,72.476037
-1.0,72,72.541457
0.0,68,72.601285
6.0,122,72.707492
4.0,130,72.820374
8.0,181,72.976915
3.0,93,73.059292
7.0,163,73.201224
4.0,113,73.300663
2.0,86,73.378272
6.0,127,73.489521
1.0,71,73.553797
4.0,110,74.145181
6.0,161,74.286099
5.0,134,74.401252
5.0,119,74.505933
1.0,63,74.562378
5.0,115,74.661973
4.0,85,74.736432
4.0,106,74.828723
5.0,140,74.949178
5.0,125,75.061733
3.0,101,75.149641
3.0,101,75.23653
5.0,127,75.346837
1.0,62,75.39978
3.0,117,75.502829
2.0,96,75.586086
1.0,76,75.654737
3.0,70,75.717078
3.0,124,75.824666
5.0,127,75.937414
3.0,109,76.034681
3.0,100,76.122
0.0,54,76.16958
4.0,115,76.267272
5.0,130,76.38025
0.0,70,76.440461
4.0,129,76.553594
0.0,61,76.607862
7.0,190,76.773831
10.0,153,76.909101
2.0,94,76.991855
3.0,95,77.076888
0.0,47,77.12004
2.0,66,77.176478
1.0,91,77.257519
3.0,106,77.349389
5.0,132,77.46541
7.0,141,77.592062
3.0,92,77.675402
5.0,132,77.792542
2.0,66,77.850336
0.0,74,77.916713
0.0,62,77.970623
4.0,126,78.081984
6.0,174,78.233901
2.0,73,78.297629
1.0,88,78.375134
5.0,161,79.120064
5.0,114,79.219501
3.0,124,79.329296
2.0,129,79.444231
3.0,121,79.551893
5.0,125,79.663717
3.0,102,79.75214
4.0,122,79.861454
3.0,98,79.947463
4.0,100,80.036846
0.0,76,80.1039
1.0,78,80.171975
4.0,84,80.245948
3.0,86,80.319916
3.0,83,80.393866
5.0,103,80.485249
1.0,83,80.558733
6.0,155,80.695946
5.0,120,80.803212
6.0,131,80.920126
4.0,65,80.978636
3.0,93,81.061765
8.0,169,81.210726
3.0,106,81.303787
5.0,109,81.402536
6.0,124,81.51143
4.0,122,81.619283
6.0,140,81.74289
0.0,71,81.806699
2.0,69,81.86827
3.0,111,81.966247
8.0,125,82.07571
4.0,127,82.188365
3.0,97,82.272235
0.0,53,82.320232
6.0,143,82.446676
0.0,54,82.49495
6.0,145,82.623199
4.0,129,82.734505
4.0,129,82.855813
1.0,89,82.93515
4.0,116,83.039622
2.0,112,83.137815
2.0,107,83.230543
6.0,157,83.370553
1.0,73,83.435415
1.0,61,83.489974
0.0,81,83.997485
6.0,159,84.136831
2.0,76,84.204053
7.0,144,84.330752
6.0,129,84.44469
8.0,172,84.595521
13.0,272,84.835366
9.0,199,85.012511
3.0,126,85.124757
7.0,164,85.269033
1.0,62,85.323424
10.0,200,85.501541
5.0,115,85.604211
3.0,126,85.716019
5.0,124,85.825956
11.0,234,86.034683
7.0,143,86.161489
5.0,154,86.297041
6.0,110,86.396414
2.0,61,86.451272
10.0,169,86.600231
2.0,59,86.652505
6.0,148,86.785309
5.0,119,86.895063
7.0,213,87.085095
3.0,76,87.153108
6.0,142,87.281532
11.0,209,87.471244
9.0,199,87.648194
7.0,187,87.818359
7.0,140,87.941931
6.0,132,88.060838
11.0,204,88.244415
1.0,77,88.314684
9.0,164,89.233334
6.0,163,89.380936
2.0,60,89.436049
1.0,71,89.50052
10.0,217,89.694665
5.0,128,89.809765
6.0,121,89.917991
7.0,149,90.055114
1.0,84,90.130742
3.0,98,90.217729
4.0,110,90.314466
4.0,86,90.391007
6.0,156,90.529229
2.0,82,90.604325
10.0,219,90.80289
7.0,149,90.937909
0.0,68,91.001235
7.0,146,91.135985
1.0,60,91.190499
11.0,220,91.392337
11.0,240,91.610111
3.0,97,91.697952
5.0,123,91.809766
12.0,197,91.987541
5.0,119,92.096369
6.0,126,92.213712
5.0,115,92.318194
7.0,147,92.452678
3.0,80,92.525894
8.0,145,92.656884
0.0,79,92.72952
2.0,76,92.798698
9.0,200,92.981171
9.0,193,93.156611
9.0,173,93.31621
4.0,114,93.419999
1.0,81,93.496045
4.0,102,93.591219
11.0,189,94.927756
3.0,103,95.022681
11.0,190,95.196051
10.0,209,95.386161
11.0,220,95.587983
10.0,137,95.709842
2.0,67,95.771841
5.0,104,95.864757
6.0,165,96.015416
7.0,128,96.132903
10.0,184,96.300769
2.0,70,96.365143
5.0,123,96.477973
12.0,246,96.699162
1.0,56,96.751294
3.0,92,96.835907
3.0,79,96.907081
5.0,138,97.031807
15.0,272,97.277442
3.0,113,97.38967
8.0,152,97.529158
12.0,216,97.724169
6.0,133,97.84602
9.0,224,98.048689
10.0,191,98.223452
11.0,188,98.393574
12.0,251,98.624198
11.0,258,98.859203
2.0,79,98.949041
11.0,184,99.118302
13.0,213,99.313189
2.0,83,99.389138
10.0,219,100.944678
12.0,264,101.186457
6.0,139,101.31361
4.0,95,101.398336
5.0,122,101.508575
8.0,188,101.674357
10.0,216,101.869455
2.0,69,101.931706
5.0,106,102.028747
12.0,224,102.232093
11.0,190,102.403121
2.0,90,102.485592
8.0,191,102.657132
11.0,225,102.86339
9.0,171,103.01678
10.0,188,103.186264
1.0,70,103.251674
10.0,185,103.41972
13.0,217,103.614771
3.0,93,103.700492
2.0,79,103.772073
9.0,180,103.938624
10.0,206,104.128061
0.0,53,104.176838
2.0,64,104.235409
7.0,140,104.363599
7.0,156,104.507936
7.0,142,104.640321
6.0,141,104.7698
2.0,73,104.837734
5.0,137,104.96454
10.0,202,105.149937
6.0,154,105.292152
9.0,189,106.097203
5.0,134,106.220862
15.0,234,106.438461
10.0,212,106.633951
8.0,123,106.747108
9.0,191,106.924399
13.0,217,107.124487
6.0,128,107.244256
0.0,58,107.299608
8.0,193,107.475884
13.0,201,107.661734
5.0,101,107.754957
13.0,229,107.967159
6.0,199,108.150851
9.0,180,108.318111
4.0,85,108.3975
10.0,163,108.549517
9.0,196,108.7305
6.0,132,108.854746
3.0,93,108.939963
6.0,143,109.072917
12.0,226,109.281785
5.0,128,109.401021
6.0,122,109.515822
10.0,189,109.689173
15.0,298,109.964838
6.0,125,110.083633
3.0,65,110.144786
4.0,111,110.248049
16.0,284,110.510682
14.0,261,111.708772
8.0,183,111.880348
1.0,55,111.930401
9.0,218,112.13797
4.0,125,112.270773
13.0,186,112.449832
14.0,208,112.643071
11.0,227,112.855147
4.0,111,112.960064
14.0,225,113.170511
1.0,73,113.240708
9.0,191,113.419987
9.0,181,113.591479
6.0,130,113.713951
6.0,118,113.825977
8.0,149,113.966715
11.0,235,114.188272
12.0,228,114.404457
9.0,190,114.578988
14.0,241,114.801681
9.0,172,114.961963
9.0,140,115.091738
4.0,116,115.199718
10.0,189,115.37671
8.0,143,115.509472
11.0,176,115.672606
7.0,217,115.879932
9.0,198,116.067594
13.0,213,116.27082
17.0,282,117.843671
12.0,199,118.02885
12.0,213,118.227266
2.0,82,118.303198
14.0,202,118.491686
7.0,111,118.595364
13.0,219,118.797822
15.0,242,119.022636
4.0,86,119.101911
8.0,132,119.224625
13.0,221,119.430092
6.0,112,119.534164
8.0,116,119.642207
17.0,280,119.901983
7.0,178,120.067742
14.0,252,120.303897
10.0,170,120.463472
10.0,182,120.633287
12.0,212,120.831449
6.0,134,120.972833
9.0,175,121.133421
5.0,101,121.227654
18.0,333,121.532728
7.0,150,121.670285
16.0,262,121.911404
15.0,254,122.144979
16.0,263,123.755585
5.0,115,123.862422
7.0,142,123.993793
3.0,119,124.10591
15.0,232,124.323472
7.0,134,124.450587
6.0,116,124.559351
10.0,211,124.75615
10.0,151,124.898745
10.0,164,125.052034
16.0,280,125.314179
15.0,223,125.520289
9.0,167,125.675489
7.0,179,125.840092
11.0,184,126.009773
7.0,140,126.14018
13.0,210,126.335268
7.0,150,126.474136
12.0,178,126.640442
6.0,103,126.737227
7.0,149,126.875547
15.0,260,127.116866
12.0,183,127.287603
8.0,173,127.447786
7.0,155,127.58961
13.0,261,127.830018
7.0,133,127.954653
12.0,272,128.205293
12.0,207,129.273695
5.0,100,129.366066
9.0,177,129.529775
7.0,139,129.659833
11.0,218,129.860626
6.0,151,130.000694
5.0,91,130.086463
8.0,131,130.208247
11.0,226,130.416859
10.0,176,130.580398
1.0,71,130.647047
1.0,88,130.728405
8.0,181,130.895309
14.0,224,131.103354
9.0,164,131.25319
7.0,133,131.374525
9.0,194,131.554025
1.0,67,131.61694
2.0,59,131.67155
1.0,60,131.727501
5.0,126,131.845363
7.0,133,131.968854
10.0,172,132.128395
5.0,120,132.241721
13.0,198,132.426514
5.0,120,132.539376
6.0,119,132.649376
5.0,109,132.753036
8.0,183,132.923302
0.0,66,132.98622
7.0,185,133.157575
11.0,170,133.317613
7.0,170,133.476294
9.0,152,133.619606
10.0,193,133.801329
11.0,175,134.591768
8.0,189,134.769702
12.0,194,134.952109
14.0,226,135.161511
7.0,169,135.321038
1.0,55,135.372234
13.0,210,135.570161
4.0,79,135.645165
4.0,129,135.766146
13.0,243,135.994802
8.0,183,136.166567
8.0,157,136.315477
4.0,112,136.42075
4.0,106,136.519194
13.0,251,136.75439
2.0,74,136.823176
4.0,75,136.894366
13.0,227,137.107978
1.0,66,137.169291
14.0,263,137.413888
5.0,127,137.534222
6.0,132,137.65813
13.0,217,137.860194
10.0,196,138.043719
15.0,247,138.275977
5.0,91,138.362165
11.0,201,138.548647
2.0,70,138.614151
5.0,120,138.725735
11.0,215,138.923382
4.0,102,139.020577
0.0,59,139.075011
9.0,166,139.808433
6.0,126,139.925915
3.0,93,140.014618
7.0,154,140.159361
0.0,62,140.219008
5.0,132,140.343855
12.0,200,140.531181
8.0,145,140.667303
6.0,126,140.785943
7.0,112,140.892299
6.0,134,141.019684
2.0,90,141.104148
18.0,284,141.370675
15.0,225,141.583182
21.0,340,141.902201
14.0,212,142.101833
7.0,148,142.243404
2.0,88,142.333349
6.0,129,142.464332
7.0,152,142.605989
12.0,182,142.785244
13.0,187,142.960017
0.0,68,143.024221
15.0,273,143.279677
9.0,166,143.435475
9.0,167,143.593656
13.0,232,143.812511
13.0,196,143.996673
5.0,135,144.122223
12.0,181,144.294388
7.0,127,144.413718
9.0,155,145.578484
5.0,107,145.679578
13.0,223,145.888032
8.0,120,146.000729
17.0,268,146.246845
4.0,99,146.33641
6.0,121,146.449734
17.0,260,146.690902
4.0,86,146.76967
15.0,246,146.997084
6.0,110,147.098968
13.0,202,147.286538
18.0,264,147.531285
9.0,166,147.685712
14.0,185,147.857982
14.0,210,148.054653
9.0,177,148.219678
6.0,106,148.319623
11.0,191,148.497881
14.0,202,148.686973
4.0,127,148.80619
7.0,127,148.923893
6.0,154,149.069043
18.0,266,149.316958
14.0,237,149.539551
16.0,261,149.783351
11.0,185,149.953394
5.0,127,150.070203
13.0,210,150.840782
9.0,173,151.001584
12.0,255,151.237081
6.0,129,151.358162
16.0,278,151.615253
7.0,171,151.775134
13.0,203,151.965226
12.0,234,152.18409
2.0,72,152.252438
2.0,67,152.316124
8.0,171,152.47743
12.0,203,152.668116
7.0,133,152.794425
11.0,170,152.953977
5.0,88,153.037527
10.0,185,153.218018
9.0,150,153.359643
7.0,130,153.480034
3.0,116,153.587445
9.0,136,153.715349
4.0,98,153.808096
11.0,184,153.980687
10.0,187,154.157986
6.0,128,154.278527
4.0,90,154.362627
6.0,128,154.483691
7.0,134,154.610768
8.0,132,154.735456
13.0,202,154.924313
12.0,169,155.082892
4.0,89,155.168612
7.0,144,155.30453
10.0,183,156.134997
4.0,72,156.203768
4.0,103,156.305959
8.0,168,156.461831
3.0,86,156.542773
10.0,165,156.695431
5.0,132,156.818967
0.0,76,156.890647
9.0,152,157.033111
14.0,206,157.227561
8.0,109,157.331784
9.0,151,157.470861
8.0,174,157.633066
10.0,183,157.804763
6.0,131,157.927556
8.0,152,158.070285
10.0,182,158.244381
2.0,79,158.320611
6.0,123,158.436792
10.0,157,158.587224
7.0,162,158.74065
14.0,202,158.934093
2.0,75,159.00544
9.0,182,159.178591
10.0,172,159.340435
3.0,71,159.407321
9.0,155,159.5497
11.0,226,159.761432
6.0,134,159.885715
12.0,240,160.107559
12.0,218,160.312914
11.0,236,160.533894
11.0,190,160.712204
8.0,170,162.113599
21.0,316,162.41316
6.0,137,162.543
18.0,276,162.804117
1.0,62,162.864516
15.0,255,163.106334
7.0,146,163.246134
12.0,241,163.477525
15.0,233,163.696725
10.0,158,163.847301
12.0,237,164.071186
6.0,122,164.190008
9.0,137,164.318422
15.0,204,164.509685
11.0,172,164.671035
17.0,247,164.89927
2.0,76,164.970079
5.0,120,165.082632
14.0,238,165.305259
0.0,56,165.358321
10.0,200,165.54574
4.0,90,165.631146
9.0,142,165.764046
10.0,140,165.895814
11.0,203,166.086699
15.0,260,166.338647
2.0,53,166.388595
15.0,269,166.642783
10.0,172,167.577593
4.0,75,167.649472
5.0,133,167.77491
9.0,146,167.914334
3.0,113,168.020641
9.0,170,168.181379
10.0,213,168.381683
13.0,225,168.59236
11.0,185,168.765668
7.0,129,168.888539
6.0,136,169.016634
2.0,63,169.075857
12.0,241,169.30498
10.0,201,169.494259
4.0,69,169.559162
13.0,225,169.770074
5.0,72,169.838876
3.0,98,169.932842
8.0,154,170.077583
4.0,93,170.166855
10.0,162,170.318721
17.0,297,170.597467
7.0,164,170.751724
20.0,290,171.026085
7.0,131,171.150709
8.0,143,171.284909
13.0,208,171.495031
9.0,158,171.642921
15.0,239,171.865845
8.0,132,171.989684
10.0,179,172.154294
11.0,242,173.732005
9.0,215,173.93223
12.0,191,174.110603
14.0,249,174.344152
9.0,131,174.466315
5.0,79,174.540937
16.0,271,174.79462
12.0,235,175.014294
12.0,218,175.218487
12.0,192,175.397685
12.0,245,175.627066
16.0,304,175.909525
7.0,143,176.042441
12.0,233,176.26015
6.0,118,176.371662
9.0,145,176.506684
3.0,108,176.607009
6.0,104,176.705056
7.0,145,176.839781
8.0,162,176.992437
9.0,138,177.121771
4.0,89,177.203695
9.0,212,177.413384
16.0,222,177.627813
12.0,191,177.804235
4.0,116,177.911027
3.0,81,177.985617
11.0,186,178.158645
3.0,93,178.244954
4.0,123,179.344749
15.0,251,179.581301
7.0,124,179.699841
7.0,118,179.810132
14.0,239,180.03211
2.0,64,180.092885
10.0,163,180.244411
6.0,124,180.3609
18.0,288,180.629027
7.0,115,180.737855
18.0,307,181.024552
13.0,198,181.209092
13.0,247,181.440002
12.0,239,181.66233
3.0,94,181.749392
13.0,242,181.974817
17.0,256,182.213325
5.0,97,182.304069
12.0,257,182.546384
10.0,238,182.771324
10.0,197,182.95637
14.0,195,183.140472
11.0,147,183.278789
16.0,263,183.519094
14.0,196,183.699039
7.0,124,183.81425
14.0,260,184.659481
18.0,268,184.906773
11.0,169,185.063767
9.0,130,185.184078
11.0,163,185.335081
12.0,207,185.526378
15.0,255,185.759475
2.0,65,185.820587
11.0,207,186.009719
10.0,200,186.203059
10.0,189,186.380753
14.0,245,186.606255
3.0,99,186.698512
9.0,135,186.821831
12.0,184,186.99227
17.0,266,187.234108
12.0,214,187.431841
8.0,129,187.551883
7.0,116,187.658632
13.0,199,187.840492
11.0,208,188.032451
9.0,133,188.155831
9.0,159,188.300842
6.0,149,188.439818
7.0,154,188.582232
9.0,160,188.730744
16.0,290,188.998454
10.0,155,189.140319
5.0,139,189.929491
8.0,162,190.079694
16.0,232,190.293067
4.0,98,190.383818
13.0,210,190.578718
15.0,229,190.788619
10.0,177,190.951079
6.0,128,191.06737
8.0,176,191.227584
6.0,133,191.349441
18.0,294,191.61987
17.0,231,191.833776
12.0,200,192.020012
9.0,179,192.186643
6.0,106,192.287034
20.0,296,192.562443
11.0,159,192.710485
9.0,160,192.859395
7.0,151,192.998385
8.0,137,193.126898
6.0,128,193.24594
11.0,176,193.409062
12.0,175,193.570431
3.0,110,193.67232
16.0,285,193.932475
9.0,180,194.098522
7.0,132,194.220085
11.0,194,194.400473
10.0,199,195.959095
13.0,213,196.158521
17.0,293,196.428757
8.0,115,196.536623
7.0,199,196.721069
9.0,159,196.86859
12.0,206,197.060439
4.0,104,197.157876
7.0,113,197.263546
5.0,88,197.345127
4.0,77,197.416728
17.0,213,197.615792
12.0,186,197.789636
13.0,230,198.003556
15.0,216,198.204349
3.0,76,198.273886
14.0,272,198.520598
16.0,263,198.765395
17.0,248,198.996089
13.0,188,199.171298
15.0,223,199.378783
13.0,218,199.581402
7.0,137,199.709537
12.0,183,199.878769
7.0,133,200.003368
15.0,268,200.252327
11.0,170,200.41075
6.0,136,201.455002
14.0,255,201.694052
5.0,129,201.814856
12.0,185,201.985812
4.0,105,202.08494
8.0,134,202.209009
4.0,117,202.319769
10.0,153,202.462305
7.0,116,202.569571
3.0,76,202.639201
12.0,231,202.850861
9.0,153,202.992331
11.0,166,203.144764
5.0,106,203.2434
6.0,113,203.347243
5.0,95,203.435851
18.0,292,203.704165
17.0,267,203.95237
14.0,242,204.177537
15.0,259,204.417862
4.0,107,204.51734
12.0,214,204.71756
12.0,177,204.882143
13.0,206,205.074695
8.0,155,205.218001
9.0,161,205.367387
7.0,113,205.471096
9.0,159,205.617952
17.0,250,205.845058
12.0,180,206.70435
9.0,183,206.87322
13.0,208,207.064783
10.0,157,207.208512
8.0,204,207.402306
12.0,193,207.582817
16.0,240,207.812361
7.0,146,207.947305
7.0,151,208.087398
9.0,129,208.207774
17.0,261,208.449218
10.0,238,208.670709
13.0,231,208.885922
11.0,190,209.080099
8.0,146,209.216339
5.0,122,209.332175
16.0,274,209.588498
14.0,186,209.765446
10.0,202,209.956107
11.0,207,210.152712
8.0,165,210.307973
7.0,139,210.44097
5.0,102,210.538175
10.0,140,210.670838
4.0,95,210.759497
9.0,153,210.902691
15.0,227,211.113646
3.0,102,211.211848
8.0,149,211.347776
8.0,194,212.564224
16.0,260,212.806548
9.0,195,212.987929
5.0,124,213.102239
10.0,167,213.254767
13.0,187,213.426489
1.0,62,213.483866
5.0,122,213.596735
18.0,248,213.825271
15.0,270,214.072807
13.0,226,214.282353
4.0,82,214.357837
7.0,139,214.487011
5.0,107,214.586543
5.0,110,214.688361
8.0,133,214.812132
10.0,179,214.976601
7.0,140,215.10616
10.0,139,215.236783
8.0,157,215.382134
8.0,150,215.521421
6.0,119,215.632401
14.0,188,215.806638
7.0,97,215.896306
5.0,95,215.994367
9.0,163,216.147196
9.0,140,216.278864
6.0,124,216.394718
6.0,119,216.507714
15.0,257,216.748399
9.0,159,216.897687
10.0,156,217.043557
13.0,228,218.374496
16.0,277,218.633853
9.0,141,218.768451
14.0,244,218.997839
13.0,197,219.182621
15.0,258,219.424157
12.0,173,219.588338
18.0,320,219.889461
18.0,298,220.168232
5.0,124,220.285568
12.0,166,220.442556
14.0,228,220.655456
12.0,192,220.839738
16.0,290,221.104721
15.0,228,221.313479
11.0,192,221.4895
12.0,182,221.656959
11.0,210,221.849474
16.0,254,222.084874
17.0,237,222.304586
18.0,264,222.548714
6.0,152,222.689576
5.0,135,222.815771
11.0,234,224.174705
18.0,269,224.421362
12.0,249,224.651612
9.0,186,224.82336
9.0,167,224.979693
14.0,239,225.201033
10.0,210,225.394873
7.0,116,225.502207
14.0,250,225.733883
20.0,299,226.00811
14.0,206,226.198928
8.0,144,226.33187
7.0,200,226.517086
9.0,176,226.682156
18.0,326,226.986421
13.0,204,227.176576
13.0,215,227.37686
12.0,200,227.563702
17.0,210,227.761426
8.0,156,227.907788
11.0,193,228.086541
7.0,144,228.216849
11.0,216,228.417241
16.0,248,229.626316
17.0,282,229.886244
21.0,306,230.170281
11.0,215,230.370076
5.0,139,230.497275
6.0,143,230.629859
1.0,56,230.682537
8.0,123,230.797457
8.0,216,230.996907
10.0,172,231.154856
18.0,228,231.364935
10.0,151,231.505381
12.0,267,231.750247
8.0,169,231.90497
8.0,145,232.037258
14.0,263,232.279124
15.0,175,232.439881
10.0,157,232.585358
8.0,145,232.718822
6.0,115,232.826097
7.0,117,232.934645
19.0,271,233.18539
9.0,168,233.340935
6.0,127,233.45823
12.0,165,233.610118
15.0,236,233.82932
12.0,280,234.086014
15.0,218,235.423431
17.0,285,235.682406
15.0,235,235.898067
14.0,263,236.140275
14.0,207,236.330587
10.0,199,236.513128
9.0,126,236.630446
15.0,311,236.917532
13.0,209,237.110229
8.0,153,237.250849
14.0,245,237.476165
19.0,318,237.769764
17.0,229,237.980688
8.0,126,238.098629
12.0,206,238.288664
15.0,220,238.492347
14.0,229,238.70664
3.0,88,238.788069
10.0,218,238.988827
6.0,138,239.11617
10.0,212,239.309365
14.0,208,239.499886
19.0,288,239.766349
14.0,245,241.07755
13.0,193,241.254578
13.0,199,241.439838
13.0,207,241.632631
13.0,164,241.784902
11.0,169,241.943749
5.0,91,242.027591
15.0,263,242.272569
9.0,181,242.440614
10.0,234,242.65989
13.0,236,242.880754
11.0,186,243.051369
15.0,279,243.307193
14.0,196,243.488946
14.0,195,243.670377
10.0,179,243.836448
7.0,124,243.950999
15.0,306,244.232166
12.0,198,244.416268
15.0,241,244.642001
3.0,95,244.729998
11.0,179,244.893754
11.0,156,245.03793
15.0,226,245.246558
16.0,234,245.462832
16.0,261,246.875887
12.0,188,247.050725
7.0,144,247.184491
9.0,162,247.333409
15.0,239,247.557226
14.0,212,247.75466
7.0,152,247.917958
6.0,127,248.038828
18.0,273,248.292474
11.0,219,248.493421
14.0,237,248.709594
15.0,266,248.955207
21.0,367,249.291008
15.0,229,249.501337
9.0,177,249.66432
10.0,160,249.810644
15.0,203,249.996668
13.0,244,250.220719
12.0,213,250.416225
9.0,158,250.559103
13.0,277,250.811013
11.0,199,250.995439
17.0,281,251.253204
17.0,252,251.485618
4.0,135,252.922294
10.0,211,253.117622
12.0,205,253.309059
13.0,201,253.496922
11.0,171,253.655414
18.0,319,253.951029
12.0,151,254.091803
17.0,284,254.350308
10.0,128,254.469362
15.0,254,254.70572
17.0,292,254.975345
13.0,195,255.156311
5.0,106,255.253671
9.0,236,255.47019
14.0,241,255.693658
11.0,172,255.852652
15.0,213,256.049439
14.0,232,256.265228
12.0,202,256.450717
16.0,314,256.741098
7.0,120,256.852465
17.0,260,257.091653
15.0,226,257.301752
15.0,243,258.60914
9.0,150,258.750278
14.0,263,258.99318
8.0,173,259.153772
13.0,171,259.311689
13.0,197,259.495742
12.0,207,259.686813
9.0,180,259.853826
12.0,187,260.027002
19.0,284,260.289849
7.0,129,260.409196
20.0,265,260.656465
14.0,246,260.88355
17.0,254,261.120048
19.0,247,261.34822
15.0,230,261.561648
12.0,203,261.74712
13.0,221,261.950482
11.0,204,262.139353
16.0,257,262.378163
15.0,231,262.594808
7.0,133,262.718592
13.0,219,262.921247
18.0,277,264.33034
5.0,103,264.427444
10.0,169,264.586806
16.0,257,264.825814
14.0,239,265.049573
12.0,184,265.222029
16.0,285,265.480801
11.0,183,265.650363
10.0,165,265.802804
15.0,303,266.083075
15.0,259,266.323474
11.0,203,266.511735
12.0,221,266.716243
2.0,88,266.798173
18.0,276,267.053702
13.0,178,267.217404
16.0,297,267.49356
17.0,250,267.725863
11.0,193,267.906102
16.0,294,268.180948
18.0,249,268.412679
14.0,207,268.606864
14.0,230,268.820708
14.0,235,270.179835
9.0,201,270.367313
21.0,334,270.67961
18.0,319,270.978009
11.0,181,271.147037
9.0,138,271.275844
18.0,284,271.541413
17.0,285,271.809466
11.0,198,271.994377
18.0,252,272.228321
13.0,209,272.423309
13.0,229,272.637971
9.0,131,272.758106
13.0,195,272.937029
14.0,211,273.133698
12.0,188,273.309807
17.0,257,273.54931
16.0,256,273.78822
12.0,188,273.963239
8.0,173,274.124476
4.0,79,274.199601
8.0,149,274.338896
5.0,120,274.451366
12.0,204,274.641571
21.0,364,276.11301
7.0,156,276.258986
10.0,172,276.421601
8.0,187,276.594893
18.0,255,276.830972
4.0,110,276.934168
16.0,253,277.169978
8.0,166,277.32381
16.0,257,277.568677
17.0,267,277.819874
16.0,257,278.065069
7.0,153,278.208541
11.0,203,278.396633
10.0,185,278.576438
11.0,219,278.779933
10.0,161,278.946526
4.0,101,279.040725
12.0,212,279.237922
6.0,124,279.354135
16.0,278,279.611859
5.0,101,279.707107
7.0,106,279.805549
13.0,253,280.04168
7.0,129,280.161923
20.0,308,280.45522
12.0,167,281.507515
18.0,296,281.784823
14.0,271,282.040952
9.0,161,282.192689
7.0,133,282.319531
9.0,167,282.475429
6.0,110,282.580391
19.0,220,282.787182
12.0,177,282.954988
18.0,293,283.230031
5.0,101,283.326343
17.0,252,283.564157
8.0,117,283.674106
16.0,278,283.933942
13.0,210,284.129095
21.0,308,284.428499
11.0,181,284.596857
11.0,179,284.763114
15.0,217,284.965735
16.0,325,285.267725
18.0,269,285.51916
18.0,324,285.820645
14.0,222,286.032241
12.0,197,287.119571
9.0,114,287.225651
12.0,194,287.404234
15.0,263,287.648221
5.0,108,287.748852
17.0,296,288.025047
16.0,246,288.25876
12.0,223,288.465668
13.0,180,288.633309
13.0,222,288.841114
11.0,143,288.974782
5.0,105,289.072354
16.0,257,289.311802
15.0,246,289.542189
9.0,156,289.688332
17.0,292,289.960913
10.0,196,290.145165
16.0,264,290.392165
6.0,139,290.520423
12.0,161,290.6715
12.0,193,290.852019
13.0,196,291.035772
6.0,100,291.1292
4.0,89,291.211957
9.0,172,291.374292
19.0,294,291.648079
11.0,178,292.977205
12.0,179,293.143875
12.0,201,293.330242
16.0,263,293.575454
13.0,209,293.768645
17.0,293,294.041101
11.0,185,294.21434
14.0,231,294.427936
14.0,226,294.639361
15.0,216,294.841139
13.0,219,295.048831
2.0,66,295.10805
15.0,208,295.300021
12.0,203,295.490067
15.0,176,295.655381
14.0,220,295.860554
11.0,201,296.04799
16.0,249,296.27925
9.0,136,296.405224
11.0,213,296.604856
14.0,242,296.829008
10.0,170,296.988222
14.0,259,297.230536
13.0,215,297.434462
8.0,141,297.563353
12.0,195,298.738264
19.0,310,299.027503
8.0,138,299.155901
11.0,200,299.345087
6.0,142,299.480147
9.0,126,299.598415
18.0,252,299.836693
11.0,174,300.001661
6.0,135,300.12783
10.0,181,300.299915
2.0,78,300.377542
12.0,180,300.550087
16.0,238,300.775534
9.0,158,300.923161
12.0,191,301.101321
9.0,145,301.236683
9.0,131,301.35958
8.0,122,301.473444
12.0,185,301.647273
17.0,277,301.905458
12.0,165,302.05944
15.0,250,302.29499
3.0,83,302.542447
8.0,125,302.659237
15.0,185,302.830407
15.0,236,303.050453
17.0,265,303.534237
14.0,205,304.855154
16.0,305,305.140626
7.0,149,305.2796
8.0,134,305.403316
14.0,230,305.6184
7.0,124,305.734141
9.0,184,305.90652
6.0,192,306.084673
13.0,233,306.299512
15.0,240,306.517737
13.0,212,306.713165
16.0,276,306.966759
16.0,248,307.19605
14.0,271,307.446506
11.0,203,307.633884
15.0,279,307.898817
7.0,126,308.017078
10.0,156,308.162458
12.0,239,308.383857
11.0,167,308.538051
16.0,227,308.749288
12.0,221,308.954556
14.0,258,309.193526
16.0,234,309.409186
9.0,199,310.668442
14.0,205,310.856857
9.0,175,311.017833
14.0,224,311.222729
10.0,183,311.391132
18.0,258,311.634969
16.0,237,311.857292
15.0,222,312.062983
16.0,235,312.282663
15.0,252,312.517285
15.0,243,312.744112
14.0,201,312.931669
3.0,102,313.025592
16.0,276,313.282328
15.0,221,313.48951
13.0,247,313.734407
12.0,199,313.927094
13.0,178,314.094588
18.0,313,314.390017
4.0,77,314.462273
13.0,201,314.652839
15.0,246,314.884963
12.0,203,315.076473
5.0,106,315.175428
13.0,241,316.557628
6.0,119,316.670563
10.0,199,316.885102
10.0,194,317.066712
17.0,296,317.340848
17.0,247,317.573564
11.0,211,317.770329
17.0,257,318.008899
11.0,192,318.185978
16.0,262,318.427655
10.0,165,318.581104
15.0,213,318.777794
6.0,137,318.9042
11.0,172,319.063895
20.0,338,319.37509
12.0,168,319.529978
9.0,177,319.692765
13.0,196,319.874236
18.0,420,320.260375
11.0,147,320.397201
12.0,186,320.568795
13.0,233,320.785441
14.0,231,320.997802
11.0,166,322.253229
11.0,164,322.405253
11.0,176,322.56872
12.0,158,322.715244
10.0,191,322.893365
12.0,187,323.069882
9.0,157,323.214461
9.0,159,323.361735
8.0,124,323.476305
12.0,173,323.635608
16.0,208,323.827612
11.0,184,323.999423
17.0,229,324.213407
14.0,255,324.451722
14.0,242,324.696341
11.0,193,324.873853
15.0,279,325.131993
12.0,191,325.310816
12.0,183,325.48417
14.0,228,325.695619
15.0,227,325.907321
13.0,207,326.102336
14.0,216,326.303325
12.0,205,326.496273
11.0,172,326.658721
7.0,122,326.773366
15.0,282,328.261367
6.0,138,328.391237
18.0,302,328.67359
10.0,171,328.831573
18.0,301,329.112031
15.0,251,329.347696
13.0,200,329.534824
15.0,227,329.746974
12.0,195,329.928983
17.0,220,330.132436
15.0,224,330.339448
12.0,247,330.567768
12.0,191,330.747397
9.0,140,330.877248
9.0,187,331.050736
11.0,203,331.238072
12.0,165,331.391383
14.0,233,331.609141
13.0,241,331.831948
15.0,229,332.043985
8.0,167,332.19883
13.0,211,332.39396
8.0,191,332.566959
14.0,240,334.08444
12.0,167,334.239226
14.0,245,334.464865
6.0,160,334.637835
14.0,238,334.858515
17.0,241,335.080552
13.0,259,335.320461
14.0,236,335.53806
12.0,185,335.709848
13.0,199,335.898717
18.0,308,336.225048
16.0,191,336.40226
10.0,154,336.545353
13.0,201,336.731846
16.0,223,336.940497
13.0,217,337.146428
15.0,249,337.381929
14.0,253,337.630423
9.0,180,337.797582
14.0,233,338.017242
7.0,114,338.125937
11.0,160,338.275226
10.0,176,338.440233
11.0,184,338.613171
17.0,298,340.133829
11.0,195,340.316386
14.0,237,340.535097
15.0,253,340.767778
12.0,199,340.951339
12.0,196,341.132065
15.0,242,341.355827
15.0,264,341.59904
10.0,158,341.744011
16.0,222,341.948643
14.0,228,342.15883
15.0,204,342.346549
9.0,130,342.46526
12.0,212,342.659715
10.0,171,342.817113
20.0,227,343.026101
15.0,269,343.272282
11.0,188,343.44643
15.0,199,343.661578
10.0,186,343.831089
12.0,208,344.022933
13.0,215,344.223956
16.0,223,344.43084
10.0,186,344.603682
13.0,252,345.890997
5.0,108,345.992321
16.0,273,346.250872
16.0,238,346.474769
11.0,200,346.667876
9.0,164,346.821671
13.0,247,347.05374
11.0,201,347.244282
18.0,300,347.520401
9.0,168,347.679374
14.0,190,347.858266
16.0,216,348.061873
11.0,186,348.238755
15.0,188,348.416885
10.0,184,348.590988
10.0,146,348.727038
12.0,197,348.911349
17.0,315,349.204201
14.0,206,349.397061
8.0,163,349.550576
10.0,183,349.720833
5.0,128,349.841196
10.0,172,350.002481
9.0,163,350.155415
12.0,217,351.618664
4.0,103,351.715925
14.0,213,351.914229
11.0,138,352.043976
13.0,182,352.214481
16.0,224,352.422835
10.0,159,352.57322
10.0,185,352.747723
18.0,237,352.970991
15.0,221,353.178702
12.0,157,353.325738
10.0,164,353.480965
8.0,170,353.6422
10.0,185,353.816219
15.0,285,354.083853
15.0,222,354.29331
10.0,137,354.421963
15.0,218,354.62656
12.0,197,354.808482
14.0,255,355.041435
15.0,320,355.340721
13.0,203,355.533754
8.0,129,355.653224
6.0,83,355.731083
15.0,268,355.979899
14.0,190,356.156871
10.0,189,357.549181
12.0,263,357.79019
18.0,347,358.108951
13.0,220,358.314004
15.0,211,358.509801
13.0,225,358.720874
16.0,213,358.923329
10.0,167,359.079986
13.0,204,359.270593
13.0,179,359.440053
12.0,194,359.622736
8.0,133,359.747312
14.0,259,359.990807
10.0,175,360.152841
9.0,165,360.30714
12.0,204,360.497636
13.0,241,360.720942
11.0,148,360.858744
13.0,188,361.033847
13.0,229,361.251851
17.0,234,361.472935
14.0,228,361.686925
8.0,134,361.812374
13.0,229,362.027992
10.0,197,363.376435
15.0,236,363.597852
16.0,269,363.848949
11.0,199,364.036773
10.0,210,364.234995
11.0,199,364.424138
20.0,284,364.693161
13.0,197,364.879582
8.0,159,365.030799
9.0,129,365.152735
13.0,211,365.353403
4.0,128,365.478454
12.0,196,365.663564
17.0,227,365.875673
15.0,214,366.074196
12.0,168,366.230793
5.0,154,366.377262
16.0,200,366.56606
14.0,229,366.781451
11.0,169,366.940508
9.0,139,367.072128
12.0,184,367.246289
13.0,242,367.473564
13.0,212,367.673415
12.0,153,367.818743
10.0,171,367.978428
14.0,211,369.280807
13.0,211,369.47911
13.0,208,369.673076
11.0,218,369.872024
11.0,240,370.095672
12.0,137,370.224711
14.0,191,370.403317
12.0,195,370.58603
12.0,186,370.759574
16.0,225,370.970243
16.0,232,371.187984
8.0,131,371.310913
9.0,199,371.49592
15.0,238,371.717086
11.0,171,371.875997
16.0,241,372.099972
8.0,130,372.221461
13.0,219,372.427085
14.0,225,372.637703
14.0,221,372.844527
13.0,219,373.047206
14.0,259,373.289711
16.0,271,373.61752
17.0,272,373.870938
10.0,174,375.073364
13.0,189,375.24911
9.0,160,375.397685
10.0,212,375.59353
15.0,233,375.807913
12.0,171,375.96704
16.0,260,376.206672
12.0,180,376.375035
8.0,132,376.498334
13.0,179,376.665066
17.0,257,376.903717
11.0,186,377.078673
10.0,218,377.282146
15.0,202,377.470801
7.0,139,377.601459
17.0,272,377.857095
13.0,194,378.038759
13.0,231,378.255491
15.0,237,378.477792
13.0,217,378.682824
12.0,204,378.874383
14.0,243,379.100579
11.0,191,379.280606
3.0,68,379.344579
13.0,181,379.512944
10.0,185,380.942445
11.0,205,381.132061
11.0,168,381.286873
16.0,226,381.496049
12.0,182,381.665251
13.0,172,381.825146
15.0,243,382.051107
12.0,220,382.255997
11.0,189,382.429353
12.0,212,382.62481
14.0,240,382.852809
7.0,135,382.977166
14.0,205,383.165098
13.0,217,383.364403
16.0,235,383.580776
13.0,166,383.733696
13.0,238,383.95554
14.0,235,384.174917
10.0,178,384.338573
13.0,214,384.534329
15.0,238,384.754512
16.0,244,384.984228
11.0,154,385.129155
10.0,158,385.276952
10.0,191,385.457892
14.0,214,386.891852
12.0,200,387.076339
14.0,195,387.255294
13.0,245,387.482087
13.0,234,387.700101
9.0,175,387.863845
12.0,174,388.025209
15.0,226,388.234333
15.0,238,388.451354
14.0,197,388.633156
9.0,171,388.792363
9.0,160,388.941155
12.0,180,389.108261
12.0,160,389.257075
17.0,286,389.523233
11.0,193,389.702741
12.0,198,389.885764
13.0,200,390.071518
16.0,261,390.314054
15.0,248,390.546079
14.0,241,390.770388
8.0,152,390.911773
12.0,207,391.113211
11.0,151,391.252033
12.0,189,392.59319
13.0,157,392.741006
9.0,172,392.903164
14.0,274,393.160593
10.0,189,393.339621
12.0,209,393.537046
9.0,148,393.676277
13.0,167,393.833721
10.0,131,393.957258
9.0,159,394.106949
12.0,224,394.317771
15.0,276,394.577274
11.0,198,394.765127
15.0,235,394.988861
12.0,207,395.18692
11.0,199,395.37427
9.0,164,395.529089
13.0,220,395.74962
15.0,215,395.950274
12.0,208,396.145995
12.0,213,396.346391
14.0,247,396.581257
13.0,211,396.774944
13.0,206,396.967438
11.0,225,397.175958
11.0,206,398.254541
14.0,230,398.468347
13.0,249,398.700071
17.0,209,398.896295
12.0,149,399.035363
9.0,150,399.175427
11.0,145,399.31213
16.0,262,399.555545
18.0,269,399.804694
14.0,218,400.008169
12.0,196,400.190729
11.0,207,400.38282
11.0,224,400.591067
11.0,186,400.764185
12.0,222,400.972889
9.0,160,401.123316
12.0,197,401.306457
11.0,164,401.459593
13.0,239,401.685025
13.0,241,401.911505
15.0,241,402.137887
13.0,212,402.336958
12.0,234,402.557714
17.0,254,402.796911
16.0,291,404.288683
19.0,316,404.583559
17.0,262,404.828133
13.0,198,405.015088
13.0,242,405.241444
4.0,104,405.339264
11.0,209,405.536796
16.0,260,405.779929
11.0,149,405.919812
14.0,210,406.115704
14.0,227,406.329608
7.0,113,406.435022
13.0,192,406.615653
18.0,272,406.868214
19.0,338,407.176492
12.0,182,407.344279
13.0,179,407.510734
12.0,174,407.673654
14.0,220,407.876635
17.0,277,408.131878
19.0,244,408.358307
16.0,251,408.589731
15.0,228,410.050739
15.0,231,410.26596
12.0,215,410.467176
19.0,351,410.788078
18.0,302,411.065259
16.0,270,411.315931
4.0,106,411.413575
14.0,205,411.604227
12.0,177,411.767867
14.0,193,411.946881
8.0,138,412.076121
14.0,205,412.266355
14.0,204,412.456076
12.0,200,412.641136
11.0,159,412.788627
13.0,230,413.001475
13.0,212,413.198657
20.0,248,413.430212
17.0,263,413.675403
17.0,251,413.909922
16.0,236,414.130022
15.0,211,414.323048
6.0,106,414.420903
19.0,295,416.178863
16.0,272,416.430411
14.0,200,416.61579
15.0,233,416.831513
16.0,235,417.050535
18.0,290,417.318463
12.0,173,417.479394
12.0,185,417.652312
14.0,197,417.832125
13.0,232,418.044178
13.0,196,418.223986
21.0,332,418.531637
14.0,189,418.709038
12.0,166,418.865523
9.0,152,419.009998
18.0,278,419.272247
14.0,245,419.503577
12.0,175,419.670015
11.0,234,419.892221
18.0,253,420.131546
11.0,177,420.298514
13.0,202,420.491824
11.0,223,420.698087
17.0,277,422.23581
7.0,140,422.367593
16.0,217,422.569613
10.0,168,422.734351
18.0,289,423.003723
19.0,244,423.232043
17.0,327,423.537524
12.0,189,423.713612
11.0,204,423.903592
12.0,186,424.078193
20.0,280,424.335752
14.0,250,424.565866
14.0,224,424.7729
12.0,182,424.941885
10.0,185,425.113035
7.0,142,425.2443
14.0,217,425.447733
15.0,217,425.648906
9.0,161,425.79964
9.0,181,425.969543
13.0,202,426.159907
14.0,194,426.340455
8.0,121,426.454628
15.0,246,426.685478
16.0,224,428.063034
11.0,236,428.2841
8.0,176,428.452435
15.0,232,428.669455
13.0,191,428.847897
13.0,215,429.046726
12.0,199,429.230103
14.0,219,429.430125
14.0,262,429.674021
18.0,296,429.946729
15.0,232,430.160922
11.0,154,430.303219
12.0,170,430.459461
13.0,188,430.635501
10.0,172,430.796266
10.0,187,430.968401
17.0,259,431.207317
14.0,248,431.435229
9.0,131,431.559214
12.0,199,431.746187
13.0,227,431.958045
4.0,75,432.029235
15.0,256,432.270207
12.0,196,432.454294
12.0,188,433.812764
14.0,248,434.044345
13.0,200,434.230505
18.0,287,434.497095
11.0,224,434.704768
17.0,318,434.998252
15.0,223,435.205671
11.0,163,435.357041
13.0,207,435.55033
15.0,230,435.76342
14.0,194,435.943863
5.0,103,436.038412
15.0,256,436.2773
14.0,237,436.499685
8.0,145,436.633921
10.0,179,436.798951
15.0,217,436.998122
7.0,170,437.156288
13.0,165,437.311323
7.0,135,437.436605
16.0,247,437.665996
14.0,248,437.896425
13.0,205,438.086416
11.0,158,438.235961
12.0,221,439.778273
15.0,229,439.99288
14.0,208,440.188046
11.0,203,440.378473
10.0,171,440.537891
11.0,182,440.706262
12.0,187,440.882084
13.0,187,441.058109
15.0,233,441.275299
11.0,227,441.487571
11.0,165,441.642045
14.0,217,441.84578
12.0,206,442.039735
12.0,214,442.240659
15.0,270,442.494746
17.0,250,442.729725
11.0,182,442.904018
11.0,232,443.120425
13.0,238,443.346249
11.0,189,443.524486
5.0,105,443.62277
12.0,205,443.814723
10.0,193,443.995453
12.0,189,444.169971
10.0,171,444.325847
14.0,237,445.728649
13.0,233,445.94661
12.0,189,446.128373
14.0,214,446.333363
13.0,209,446.52674
15.0,230,446.739721
11.0,153,446.883909
13.0,233,447.100486
8.0,157,447.246161
13.0,228,447.459115
16.0,253,447.693777
12.0,210,447.886664
11.0,214,448.095891
11.0,182,448.267083
15.0,193,448.448059
12.0,194,448.631617
11.0,153,448.776017
12.0,191,448.956252
11.0,203,449.143478
12.0,234,449.362032
11.0,200,449.548848
12.0,182,449.717997
12.0,157,449.866224
5.0,121,449.979557
12.0,185,450.149299
16.0,236,451.555433
8.0,171,451.715753
9.0,143,451.848755
13.0,204,452.037835
11.0,170,452.194842
13.0,205,452.384102
17.0,237,452.606144
12.0,217,452.808733
9.0,166,452.962726
12.0,212,453.162554
9.0,192,453.349724
11.0,194,453.530846
13.0,209,453.724737
14.0,224,453.928708
15.0,224,454.135016
12.0,218,454.34463
10.0,151,454.482428
14.0,205,454.67136
17.0,253,454.902712
8.0,150,455.03968
9.0,181,455.209182
12.0,213,455.402049
12.0,200,455.585005
11.0,181,455.753533
16.0,213,455.954785
10.0,152,457.065969
10.0,168,457.222185
13.0,227,457.435146
17.0,265,457.679699
11.0,191,457.857981
5.0,120,457.969033
15.0,248,458.197521
16.0,249,458.427162
10.0,192,458.605621
9.0,164,458.75747
11.0,166,458.914582
14.0,207,459.103593
13.0,180,459.26671
12.0,234,459.481566
14.0,233,459.697205
15.0,261,459.942389
6.0,115,460.049191
13.0,248,460.279746
15.0,232,460.496131
12.0,236,460.71647
10.0,182,460.891609
8.0,128,461.010844
15.0,255,461.247952
8.0,115,461.354099
11.0,202,461.543293
11.0,187,462.825284
10.0,150,462.963552
12.0,179,463.132138
9.0,149,463.270877
11.0,181,463.441234
10.0,118,463.553806
15.0,247,463.786172
8.0,147,463.923231
14.0,225,464.134877
11.0,203,464.323861
14.0,222,464.533187
10.0,146,464.669497
15.0,202,464.859897
15.0,220,465.065909
13.0,205,465.2576
15.0,219,465.462475
16.0,233,465.680456
12.0,188,465.857061
12.0,212,466.056217
14.0,225,466.26667
9.0,134,466.397211
17.0,274,466.665459
14.0,269,466.915203
14.0,232,467.130062
12.0,234,467.34689
15.0,212,468.853601
15.0,224,469.06258
10.0,176,469.226446
14.0,215,469.426081
11.0,202,469.612705
13.0,206,469.803483
13.0,202,469.990641
8.0,173,470.152254
12.0,181,470.319152
12.0,232,470.550075
16.0,268,470.800919
14.0,195,470.983688
9.0,173,471.161291
13.0,225,471.371913
11.0,197,471.555697
16.0,243,471.781796
10.0,159,471.930854
11.0,194,472.110586
14.0,254,472.346847
12.0,176,472.51391
13.0,207,472.706715
16.0,253,472.941046
12.0,207,473.154587
13.0,191,473.33077
11.0,186,473.504157
12.0,200,474.65747
8.0,125,474.772325
13.0,223,474.978874
12.0,220,475.183548
9.0,154,475.325561
7.0,130,475.447438
14.0,239,475.670075
13.0,179,475.835399
12.0,227,476.046987
12.0,215,476.248384
17.0,241,476.473019
13.0,198,476.659404
18.0,289,476.929345
11.0,234,477.146847
13.0,180,477.31524
9.0,128,477.438297
12.0,180,477.607915
10.0,152,477.748365
10.0,162,477.901477
12.0,186,478.076555
14.0,238,478.302074
11.0,172,478.464224
14.0,207,478.659342
12.0,219,478.864679
12.0,202,479.055472
15.0,246,480.56403
11.0,177,480.731612
15.0,242,480.958541
13.0,219,481.164962
11.0,202,481.35753
15.0,214,481.55827
7.0,129,481.679201
14.0,228,481.893329
12.0,213,482.093074
8.0,136,482.221547
12.0,200,482.410472
10.0,163,482.563862
11.0,181,482.73425
10.0,187,482.909757
11.0,209,483.105762
12.0,206,483.301122
15.0,238,483.524142
13.0,218,483.730294
15.0,235,483.951078
8.0,150,484.092177
15.0,203,484.282247
11.0,219,484.488445
11.0,162,484.640478
15.0,198,484.827346
11.0,218,485.031899
16.0,219,486.585916
16.0,215,486.789085
6.0,111,486.893234
12.0,207,487.0877
12.0,196,487.27458
11.0,173,487.437425
11.0,163,487.591507
14.0,211,487.790765
10.0,138,487.92033
14.0,225,488.135784
2.0,76,488.207206
8.0,144,488.342005
16.0,276,488.602358
15.0,218,488.806855
9.0,121,488.927679
17.0,232,489.142152
15.0,223,489.350279
10.0,262,489.595561
12.0,198,489.779265
14.0,235,489.998618
16.0,236,490.217527
6.0,145,490.352133
15.0,251,490.58694
15.0,233,490.80271
12.0,245,491.031533
17.0,263,492.471754
17.0,237,492.690905
11.0,177,492.858622
13.0,194,493.040998
12.0,161,493.192478
9.0,134,493.319378
9.0,191,493.498857
10.0,161,493.651431
14.0,196,493.836077
16.0,266,494.081658
12.0,207,494.272436
11.0,199,494.454628
15.0,236,494.670458
8.0,119,494.780964
13.0,204,494.968358
14.0,208,495.159262
15.0,262,495.398791
12.0,168,495.554234
13.0,162,495.705475
7.0,147,495.839876
9.0,158,495.985669
12.0,234,496.199571
14.0,214,496.400517
10.0,167,496.557161
15.0,195,496.739229
12.0,217,496.943234
18.0,270,498.402825
14.0,241,498.626823
5.0,124,498.742566
15.0,251,498.976964
16.0,280,499.238001
13.0,197,499.421249
9.0,221,499.62815
12.0,221,499.834066
12.0,152,499.976752
10.0,155,500.118589
13.0,249,500.346815
16.0,249,500.576947
12.0,208,500.77023
13.0,206,500.962019
13.0,192,501.14074
13.0,231,501.354584
11.0,152,501.49562
7.0,151,501.636772
13.0,200,501.822134
17.0,249,502.052296
13.0,170,502.211693
8.0,150,502.351224
15.0,298,502.629922
9.0,153,502.77252
3.0,72,502.840098
12.0,208,504.145666
16.0,277,504.402884
18.0,295,504.676942
14.0,215,504.876863
15.0,226,505.08673
9.0,172,505.247321
12.0,161,505.399279
9.0,206,505.590281
8.0,164,505.743282
11.0,189,505.918852
15.0,281,506.178875
13.0,265,506.42602
16.0,257,506.663889
8.0,138,506.792825
11.0,167,506.961364
12.0,204,507.148225
14.0,259,507.391227
14.0,236,507.608523
17.0,243,507.832875
14.0,209,508.027003
17.0,280,508.287716
15.0,216,508.487808
9.0,149,508.62636
8.0,129,509.894978
12.0,182,510.066714
17.0,224,510.274333
12.0,188,510.449737
17.0,285,510.71478
12.0,196,510.897844
15.0,272,511.149148
14.0,208,511.338922
14.0,260,511.575792
12.0,199,511.759788
16.0,249,511.988163
14.0,200,512.174305
11.0,209,512.371301
14.0,221,512.578079
13.0,218,512.779863
15.0,219,512.984541
12.0,194,513.165198
7.0,116,513.272764
14.0,220,513.474484
15.0,263,513.716747
13.0,229,513.930228
11.0,171,514.088233
13.0,274,514.340766
13.0,203,515.601081
12.0,186,515.772741
16.0,237,515.992126
8.0,115,516.099049
15.0,191,516.27415
16.0,233,516.488751
10.0,158,516.6358
14.0,236,516.854449
18.0,276,517.108698
13.0,214,517.305242
10.0,151,517.445537
14.0,208,517.638945
10.0,170,517.795555
14.0,221,518.00175
10.0,146,518.136618
6.0,119,518.247353
13.0,222,518.451651
15.0,266,518.694713
7.0,145,518.826576
12.0,212,519.022903
13.0,200,519.207127
17.0,202,519.394249
15.0,229,519.605621
13.0,203,519.793155
10.0,174,519.952912
14.0,262,521.458931
9.0,117,521.567519
16.0,215,521.766652
16.0,223,521.97243
16.0,250,522.20359
14.0,221,522.40538
13.0,183,522.573241
11.0,183,522.742568
13.0,234,522.960297
16.0,246,523.192185
13.0,219,523.398193
18.0,226,523.615767
12.0,196,523.796901
10.0,128,523.915936
3.0,66,523.976539
7.0,112,524.081443
17.0,240,524.305217
8.0,171,524.465678
16.0,286,524.733036
13.0,219,524.936063
11.0,191,525.114819
13.0,224,525.322186
6.0,88,525.404609
10.0,180,525.572899
8.0,140,525.703809
11.0,178,525.870892
10.0,163,526.020428
9.0,178,527.334277
13.0,191,527.513382
8.0,183,527.682911
9.0,206,527.875121
13.0,204,528.065081
13.0,219,528.269086
16.0,257,528.507984
12.0,248,528.73868
18.0,254,528.974978
7.0,140,529.106592
12.0,225,529.318181
9.0,156,529.464178
14.0,195,529.646207
18.0,252,529.87654
11.0,199,530.061833
12.0,197,530.254957
16.0,258,530.496591
13.0,231,530.711942
14.0,261,530.95556
6.0,154,531.098741
15.0,233,531.317014
16.0,235,531.534602
15.0,238,531.757239
16.0,236,533.323469
10.0,199,533.509303
13.0,206,533.698047
10.0,169,533.855055
20.0,269,534.108437
12.0,239,534.332638
15.0,263,534.578425
7.0,120,534.68962
10.0,183,534.861362
14.0,252,535.097341
9.0,163,535.250248
15.0,243,535.478745
12.0,221,535.685654
11.0,168,535.84177
9.0,147,535.97821
13.0,232,536.193879
9.0,175,536.35675
14.0,254,536.592548
12.0,233,536.809299
12.0,205,537.001614
10.0,156,537.148404
9.0,141,537.27733
10.0,141,537.409354
11.0,184,537.583266
14.0,266,537.832577
8.0,137,539.316274
10.0,175,539.481662
14.0,191,539.661723
15.0,221,539.868873
14.0,218,540.074409
14.0,257,540.31636
16.0,247,540.549825
15.0,220,540.757392
16.0,235,540.976635
16.0,201,541.16358
10.0,170,541.321393
13.0,191,541.500265
8.0,141,541.631758
14.0,237,541.851975
7.0,137,541.98236
19.0,321,542.284153
15.0,256,542.523374
11.0,193,542.703558
13.0,191,542.883217
13.0,208,543.07637
8.0,149,543.21436
11.0,154,543.358848
12.0,225,543.568335
13.0,205,543.760595
14.0,234,545.44491
13.0,213,545.645385
13.0,174,545.80894
12.0,196,545.993372
15.0,205,546.186917
12.0,196,546.370791
16.0,235,546.591033
13.0,187,546.767226
12.0,177,546.933364
12.0,219,547.139693
13.0,209,547.336158
12.0,183,547.508458
16.0,321,547.809386
10.0,164,547.964661
9.0,167,548.122749
15.0,195,548.306926
11.0,169,548.464407
16.0,248,548.694481
11.0,149,548.834278
15.0,253,549.073998
13.0,187,549.249383
10.0,247,549.482153
13.0,199,549.67088
16.0,253,549.908423
13.0,218,551.193863
14.0,194,551.374167
14.0,175,551.536854
15.0,238,551.76416
12.0,192,551.944921
13.0,194,552.127529
11.0,187,552.304026
12.0,218,552.51033
11.0,167,552.668608
9.0,186,552.843567
13.0,241,553.071638
10.0,197,553.254495
13.0,190,553.430962
14.0,208,553.62504
13.0,225,553.836438
9.0,163,553.987
18.0,251,554.221481
11.0,207,554.415771
10.0,190,554.592252
15.0,202,554.780096
10.0,137,554.907564
18.0,286,555.173152
10.0,208,555.366382
12.0,207,555.557208
14.0,236,555.77647
15.0,262,557.345356
16.0,246,557.573395
16.0,273,557.827894
13.0,242,558.0523
14.0,217,558.253586
12.0,234,558.470714
12.0,226,558.679885
13.0,171,558.839243
6.0,90,558.924429
12.0,236,559.142645
13.0,202,559.327994
17.0,267,559.5758
12.0,168,559.7303
14.0,202,559.917367
9.0,185,560.095735
10.0,191,560.273558
11.0,189,560.452661
15.0,219,560.657753
11.0,172,560.823525
11.0,176,560.987203
13.0,240,561.211452
11.0,195,561.392052
13.0,188,561.567479
13.0,255,561.804828
15.0,269,563.081248
17.0,221,563.285585
15.0,260,563.523337
16.0,236,563.742481
14.0,225,563.954578
17.0,270,564.207818
13.0,174,564.372927
13.0,218,564.577424
14.0,208,564.774287
10.0,164,564.92893
11.0,195,565.112496
14.0,227,565.32663
18.0,300,565.608867
15.0,241,565.835254
12.0,221,566.043509
12.0,194,566.226403
13.0,220,566.428973
13.0,234,566.646258
11.0,232,566.860866
11.0,194,567.041416
10.0,171,567.198104
13.0,254,567.429544
14.0,218,568.863354
15.0,237,569.088531
11.0,173,569.250626
9.0,149,569.391135
12.0,204,569.582811
10.0,219,569.788621
11.0,227,570.002318
13.0,179,570.169988
13.0,208,570.365274
17.0,238,570.590182
12.0,197,570.775842
13.0,214,570.972459
12.0,231,571.182522
14.0,212,571.377521
9.0,164,571.530881
16.0,232,571.746767
15.0,221,571.953424
14.0,203,572.14198
15.0,246,572.371655
13.0,218,572.573655
13.0,219,572.777279
16.0,296,573.05213
9.0,182,573.222568
11.0,194,573.402092
7.0,136,574.798347
12.0,176,574.962819
13.0,228,575.180636
14.0,238,575.405617
12.0,243,575.633684
10.0,207,575.829915
12.0,247,576.063386
7.0,120,576.179452
15.0,237,576.405233
17.0,194,576.588322
10.0,169,576.747512
13.0,257,576.989338
13.0,202,577.180742
10.0,182,577.351719
15.0,241,577.576385
12.0,192,577.755129
16.0,271,578.007816
8.0,154,578.151094
10.0,175,578.309433
18.0,322,578.604199
11.0,181,578.770828
16.0,260,579.012935
8.0,162,579.165247
11.0,201,579.351719
13.0,257,580.719167
14.0,190,580.901374
13.0,222,581.109516
15.0,229,581.324967
11.0,149,581.466655
17.0,303,581.750118
12.0,200,581.938217
10.0,175,582.100692
10.0,206,582.289267
13.0,209,582.481372
15.0,210,582.673213
14.0,211,582.867375
14.0,230,583.079021
13.0,207,583.268551
14.0,270,583.517552
16.0,251,583.74938
14.0,263,583.991012
17.0,240,584.21124
17.0,242,584.433996
18.0,267,584.679805
4.0,85,584.758435
5.0,92,584.844071
8.0,131,584.96642
14.0,269,586.430382
12.0,241,586.654701
13.0,221,586.860926
12.0,214,587.06151
13.0,228,587.273646
11.0,193,587.471106
10.0,188,587.65008
11.0,208,587.842248
17.0,275,588.097808
13.0,241,588.323326
11.0,206,588.515053
13.0,222,588.720125
15.0,225,588.92856
11.0,204,589.121924
13.0,211,589.331208
11.0,166,589.4856
13.0,243,589.709467
10.0,141,589.841526
10.0,144,589.97659
16.0,225,590.186113
2.0,59,590.242075
15.0,238,590.462726
9.0,192,590.641421
7.0,121,590.755105
14.0,201,590.944011
15.0,231,592.391591
13.0,260,592.635098
7.0,118,592.746404
14.0,230,592.962084
12.0,197,593.153385
11.0,151,593.291377
13.0,183,593.460928
12.0,154,593.606458
14.0,229,593.819884
12.0,173,593.984203
13.0,174,594.14669
14.0,227,594.355596
13.0,187,594.528558
11.0,151,594.668815
8.0,177,594.831929
15.0,203,595.020523
11.0,167,595.176739
14.0,230,595.389213
14.0,215,595.589127
11.0,170,595.747845
12.0,174,595.913705
11.0,190,596.089735
12.0,211,596.286864
11.0,230,596.502308
12.0,215,596.702642
13.0,231,596.915276
11.0,159,598.366681
14.0,172,598.527325
12.0,179,598.694615
15.0,231,598.905989
14.0,216,599.104754
7.0,146,599.240233
15.0,248,599.468068
15.0,242,599.690671
15.0,252,599.922357
9.0,189,600.101728
13.0,194,600.283906
9.0,133,600.409765
16.0,252,600.643483
7.0,122,600.757405
13.0,226,600.972983
10.0,183,601.145388
9.0,141,601.277084
12.0,173,601.439058
13.0,213,601.641675
16.0,258,601.883955
9.0,161,602.040438
9.0,175,602.209851
6.0,113,602.314801
13.0,267,602.559712
15.0,259,602.798979
11.0,204,604.02692
9.0,215,604.225203
12.0,187,604.399079
14.0,240,604.62126
12.0,174,604.780288
18.0,272,605.030053
14.0,238,605.252023
15.0,232,605.466321
15.0,240,605.688609
14.0,195,605.867246
6.0,95,605.955867
12.0,220,606.159104
16.0,242,606.383533
13.0,233,606.597719
11.0,185,606.769026
12.0,185,606.941617
10.0,235,607.163884
8.0,169,607.321125
8.0,140,607.453346
14.0,229,607.671056
15.0,298,607.949812
15.0,197,608.131847
7.0,129,608.252943
13.0,212,608.449293
13.0,209,609.753498
17.0,251,609.987978
11.0,217,610.191256
15.0,237,610.412292
10.0,176,610.57652
16.0,285,610.841757
11.0,188,611.017205
11.0,219,611.221911
9.0,156,611.367136
11.0,171,611.527839
10.0,151,611.669212
14.0,186,611.840392
12.0,195,612.022594
13.0,198,612.210956
7.0,174,612.373818
12.0,182,612.542786
12.0,206,612.737953
11.0,187,612.914522
9.0,174,613.078135
14.0,261,613.323682
17.0,325,613.632357
13.0,239,613.854001
15.0,182,614.024534
14.0,220,614.227817
