#{"t_start": 1721518634.7543004, "env_id": "VizdoomCorridor-v0"}
r,l,t
-93.06041,22,0.481315
-101.740356,29,0.490038
-105.239304,26,0.497893
-115.994308,12,0.501852
-113.480331,22,0.50911
-85.000519,56,0.525184
-99.184265,11,0.52886
-103.025253,28,0.53721
-99.096451,28,0.545605
-93.18602,12,0.549535
-97.533478,20,0.555657
-103.393341,26,0.563434
-115.998306,22,0.57023
-74.331223,11,0.573899
-106.770569,11,0.577518
-115.465622,12,0.581448
-114.298065,37,0.592363
-103.356384,13,0.596563
-96.967499,26,0.604313
-112.08374,29,0.61287
-85.258987,28,0.621285
-108.269638,29,0.630312
-9.4095,31,0.639512
-115.93222,48,0.653343
-83.654297,28,0.661742
-115.997131,21,0.668145
-102.359802,25,0.675669
-53.468094,13,0.67985
21.663193,48,0.693818
-115.981613,28,0.702136
-115.99501,13,0.706356
-77.542191,13,0.710553
-100.690186,28,0.718966
-111.162857,13,0.723116
-57.422943,63,0.740929
-66.790497,37,0.751738
-5.943634,21,0.758214
-71.446426,42,0.77007
-115.994308,29,0.778659
-110.92923,28,0.787005
-101.228531,36,0.797379
-109.275223,13,0.801509
-115.995026,20,0.807611
-28.061005,28,0.815871
-93.83046,19,0.821798
-76.565231,22,0.828402
-75.299606,11,0.832005
-100.760925,12,0.835888
-115.975784,27,0.84394
-82.222504,28,0.852247
-66.002335,28,0.860561
-88.246307,29,0.869525
-97.732376,12,0.873498
-94.167831,27,0.881422
-109.654831,21,0.887799
-93.179855,49,0.901849
-107.762512,21,0.908308
-115.458618,11,0.911961
-105.59935,22,0.918589
-105.705276,20,0.924701
-26.583633,79,0.947619
-106.550354,20,0.954154
-115.966324,12,0.958285
-76.494751,19,0.964243
-115.820114,20,0.970687
-110.792938,27,0.97869
-111.739304,20,0.984776
-107.718262,13,0.98897
-94.65097,22,0.995701
-94.130447,28,1.00405
-115.994537,18,1.009658
-96.064438,20,1.015727
-115.997131,13,1.019974
-94.388565,27,1.028
-97.975342,28,1.036193
-114.47464,26,1.043983
-46.637115,26,1.051899
-111.582581,29,1.060456
-111.914688,46,1.073603
-115.975586,21,1.080017
-82.258469,27,1.088077
-108.052353,21,1.094443
-49.08139,28,1.102731
-71.005112,35,1.112812
176.389847,525,1.254964
-95.256821,46,1.268298
-115.93718,21,1.274691
-115.846085,12,1.278618
-115.264786,20,1.284853
-115.932022,33,1.294547
-112.914566,13,1.29876
-115.993683,80,1.320998
-49.451447,12,1.325005
-50.29245,53,1.340179
-94.147354,20,1.346247
-92.297104,12,1.350122
-109.854279,28,1.358507
-115.997131,28,1.366788
-115.781677,18,1.372404
-52.350525,21,1.378711
-113.808655,19,1.384688
-115.975601,41,1.396593
-114.096786,20,1.402722
-59.061874,20,1.408845
-86.946594,42,1.420999
-53.497681,19,1.42685
-96.721008,29,1.435457
-96.908356,12,1.439344
-106.267975,19,1.445315
-103.711365,29,1.45382
-87.03421,28,1.462113
-110.042496,21,1.468501
-114.343811,12,1.472493
-107.247894,28,1.480776
-21.323654,29,1.489253
-73.123932,21,1.495633
-115.975693,18,1.501238
-115.874695,13,1.505399
-114.467972,11,1.509008
-115.997345,19,1.514805
-115.49353,13,1.519041
-115.975693,21,1.525435
-93.636139,21,1.531803
-72.334335,12,1.535698
-115.992249,20,1.541898
-108.355957,29,1.550428
-52.309555,43,1.56281
-74.10939,50,1.577156
-68.282013,19,1.583147
-36.000641,21,1.589589
-115.960983,21,1.595912
-85.190384,57,1.612144
-114.666458,38,1.623213
-101.165558,20,1.629326
-62.583862,27,1.637367
-114.778839,13,1.641587
-107.892029,50,1.656186
-115.259476,28,1.664935
-115.484955,26,1.673483
-115.975266,22,1.680185
-113.529434,20,1.68644
-115.975586,27,1.694555
-115.976425,20,1.700704
-95.081528,41,1.712566
-105.672455,22,1.719346
-115.973846,20,1.725487
-92.565247,19,1.731359
-87.466171,13,1.735541
-34.455002,20,1.741708
-41.937042,58,1.757831
-98.346359,30,1.766709
-87.16745,41,1.778543
-115.609573,20,1.78479
-80.282364,20,1.790945
-89.424622,13,1.79515
-111.757477,21,1.801856
-115.996445,19,1.807798
-114.134995,56,1.823729
-93.751053,20,1.829878
-103.341049,12,1.833833
-51.798676,26,1.841679
-114.494202,22,1.848291
-50.969467,29,1.856892
-35.215363,41,1.868831
-115.982956,20,1.876762
-115.976974,21,1.884768
-20.7715,19,1.892158
-113.500946,13,1.897234
-47.510452,29,1.905943
-105.636337,48,1.919659
-88.070419,29,1.928252
-48.186905,20,1.934371
-84.000351,28,1.942764
-99.154419,19,1.948614
-72.764847,42,1.960923
-115.996445,37,2.187892
-20.275116,26,2.197935
-64.749588,11,2.201877
-86.944077,267,2.275353
-108.659454,28,2.283549
-61.00235,41,2.295486
-78.937225,30,2.304363
-78.419678,40,2.315965
-96.814667,21,2.322401
-115.975769,30,2.331319
-109.90979,30,2.340137
-80.735764,26,2.347905
-96.71553,22,2.354588
-89.274185,27,2.362743
-38.87442,49,2.376846
-62.296112,42,2.388924
-115.977509,30,2.397797
3.050308,65,2.415339
-42.056015,26,2.423117
-115.997131,21,2.4295
-49.312744,37,2.440301
-115.944702,26,2.448179
-87.273239,28,2.456474
-90.700836,18,2.462034
-86.411087,38,2.473077
-94.044678,27,2.481184
-107.333084,12,2.485093
-106.319702,36,2.495546
-113.776855,18,2.501142
-108.861832,10,2.504571
-100.971832,11,2.508199
-45.559448,30,2.516955
-84.359741,38,2.527955
-30.724579,21,2.53443
-89.90918,20,2.54056
-90.914917,27,2.548657
-113.94252,13,2.552822
-107.165634,19,2.558779
-75.546249,37,2.569543
-111.693161,14,2.573996
-112.942627,20,2.580082
-26.133224,35,2.590399
-115.989929,34,2.600343
-115.991577,18,2.605912
-115.887222,29,2.614433
-69.719971,26,2.622301
-111.289169,28,2.630965
-86.207321,37,2.641829
2.134033,49,2.655875
-115.976334,30,2.664823
-96.203217,19,2.670676
-86.730743,20,2.676795
-59.141296,20,2.682892
-32.035645,21,2.689342
-94.687653,12,2.693233
-86.153702,19,2.699055
-77.295059,13,2.703228
-105.508652,80,2.725711
-108.297134,27,2.733784
-89.786774,30,2.742649
-115.198975,30,2.751476
-52.622406,38,2.762654
-80.11412,35,2.772809
-45.806488,37,2.783576
-85.075821,33,2.793154
-115.120728,20,2.79937
-115.998596,28,2.807621
-8.085754,29,2.816204
309.544617,229,2.878222
-67.799683,36,2.888868
-100.774078,22,2.895548
-95.254852,21,2.901912
-83.625153,29,2.910426
-68.192017,27,2.919245
-113.563293,29,2.936341
-115.97583,21,2.943908
-92.954239,30,2.952851
-73.132843,29,2.96153
-101.652481,13,2.965782
-102.004471,29,2.974399
-98.984528,38,2.985426
-101.132233,30,2.994491
-76.010849,13,2.998676
-115.988983,36,3.009219
-17.485046,41,3.021139
-26.211472,12,3.025213
-90.039154,29,3.033888
-104.555099,20,3.040006
-71.484375,29,3.048659
-72.117096,21,3.055204
-115.984787,21,3.061625
-84.978058,28,3.069999
-66.62944,34,3.080387
-111.825058,19,3.086362
-115.975601,25,3.093807
-106.258484,34,3.103749
-115.975998,13,3.108002
-100.349518,20,3.114198
-86.511902,26,3.121973
-115.999313,29,3.130568
-114.75441,30,3.139336
-115.186447,21,3.145833
-92.461502,21,3.152182
-115.952438,87,3.176569
-115.239197,19,3.182416
-82.770187,26,3.190228
-115.975876,29,3.198891
-106.134293,20,3.20505
-70.109756,56,3.220652
-74.541687,18,3.226318
-56.919998,13,3.230494
-92.094666,34,3.240408
-114.352219,26,3.248213
-82.54631,12,3.252239
-115.991974,19,3.258108
-45.64447,41,3.270054
22.655777,50,3.284508
-101.918823,20,3.290741
-99.643799,29,3.299322
-64.575241,11,3.302992
-71.432114,13,3.307167
-112.065689,20,3.313421
-33.371613,29,3.322041
-115.975693,22,3.328683
-115.09462,13,3.332864
-115.937286,29,3.341545
-74.53688,11,3.345202
-109.360779,19,3.351085
-98.147202,29,3.35967
-50.54245,21,3.366113
-99.28302,29,3.374739
-115.997162,12,3.378694
-100.688171,20,3.384812
-35.125076,45,3.39789
-115.994095,12,3.401827
197.358566,201,3.456573
-115.98526,20,3.462725
-59.292633,94,3.489128
3.008514,72,3.509605
-69.645325,38,3.520685
-115.975586,26,3.528455
-115.626404,12,3.532507
-115.948029,20,3.538621
-98.717255,65,3.557098
-114.383606,12,3.561033
-114.31337,19,3.566933
-115.997238,20,3.57307
-115.716766,21,3.579437
-107.206589,22,3.586097
-76.863541,27,3.594328
-98.522308,13,3.598522
-78.041504,21,3.604966
-92.23938,12,3.60892
-97.781052,12,3.612912
-46.919266,21,3.619328
-108.251083,28,3.627493
-115.997131,64,3.645691
-108.151962,35,3.656138
-108.048264,22,3.662766
-114.346954,26,3.970263
361.986298,21,3.990435
180.169525,18,4.007113
117.182693,12,4.01892
298.748215,17,4.036583
33.922974,12,4.048477
115.708603,12,4.060084
416.763702,23,4.080936
93.460678,21,4.100034
37.070389,12,4.111673
96.571838,12,4.123317
120.211853,12,4.135113
355.028381,19,4.152346
118.908615,12,4.164202
73.958923,12,4.176117
43.942551,12,4.187796
426.590744,20,4.206686
30.079132,12,4.217837
115.830978,19,4.236015
141.685303,13,4.248394
346.602158,19,4.267063
127.545441,19,4.284714
33.032745,11,4.295612
68.598633,12,4.307446
1.38858,12,4.318463
40.935013,12,4.329976
85.40387,12,4.341889
157.316345,13,4.354301
26.658081,12,4.365951
110.339828,13,4.37814
13.988693,12,4.389926
389.149063,29,4.41605
333.917587,20,4.435214
76.421127,12,4.446735
581.295563,28,4.473493
93.913391,13,4.487047
387.427231,22,4.5075
32.412308,11,4.518735
178.583649,13,4.531264
62.715195,12,4.542884
67.955368,11,4.553661
93.746765,13,4.566115
327.729416,17,4.582175
263.426529,20,4.600905
66.07872,12,4.612404
69.045685,13,4.626284
445.638214,24,4.649218
384.318237,21,4.66902
408.824753,20,4.688318
257.307266,20,4.707051
363.162384,21,4.726707
32.087814,12,4.738289
26.844589,12,4.749869
324.361008,17,4.765901
330.744644,19,4.784365
27.325119,12,4.795956
343.520432,22,4.816856
61.959702,13,4.828527
98.935745,13,4.84106
14.513901,12,4.85243
423.675003,22,4.873913
93.295288,13,4.886049
331.161667,16,4.901476
308.834717,19,4.919834
37.020767,11,4.929269
405.835831,21,4.950431
131.743637,12,4.962273
283.451447,19,4.979348
38.959641,12,4.990945
351.29744,18,5.00914
61.99675,11,5.020543
98.218353,12,5.032367
418.273209,20,5.051597
416.811478,19,5.068775
397.492599,20,5.08826
121.101669,12,5.099905
86.567993,13,5.113446
361.114731,19,5.130701
-4.007736,13,5.144149
97.418686,12,5.156029
123.515411,13,5.168206
122.951447,13,5.180652
206.351822,20,5.199635
124.531525,13,5.212086
61.949478,12,5.224031
13.928741,11,5.235324
449.728943,23,5.257641
317.704773,18,5.274365
118.026474,13,5.288179
91.036346,13,5.299894
76.395142,13,5.312508
103.281555,13,5.324938
116.695251,13,5.338685
411.615524,20,5.357749
268.594925,17,5.373273
89.3405,12,5.38518
797.266556,33,5.416512
143.550751,13,5.42852
121.004501,13,5.441887
296.25824,19,5.458066
374.742172,20,5.477271
414.652374,21,5.498001
45.437271,11,5.507978
364.566681,22,5.529482
98.009445,12,5.541332
-98.615753,5,5.546254
4.507767,11,5.557059
73.901993,13,5.56918
110.927628,13,5.582775
119.132584,13,5.598067
28.747452,12,5.611158
361.802994,19,5.627934
107.180878,13,5.641714
242.729141,19,5.658556
142.570343,13,5.672081
56.707764,12,5.683591
405.493408,21,5.703377
96.5737,12,5.715108
29.525635,11,5.726373
92.909622,13,5.738315
407.053925,23,5.760749
66.468887,12,5.772711
87.564468,13,5.785358
395.751709,24,5.808357
479.674133,26,5.832353
94.384186,13,5.845946
67.103836,13,5.858442
369.320892,19,5.877315
293.574554,19,5.894272
345.615631,21,5.915075
522.03804,27,5.939917
56.386032,12,5.951558
83.10939,13,5.966227
109.726883,13,5.97965
94.421173,13,5.992301
54.359283,12,6.004044
32.666534,12,6.015766
350.397034,20,6.03493
94.536636,11,6.046512
105.353897,13,6.05889
83.231384,12,6.070869
130.372375,13,6.083148
102.464523,11,6.094676
153.13121,13,6.107271
74.475021,12,6.119268
217.269943,19,6.13767
795.733322,33,6.168943
60.381454,12,6.180723
-12.247314,12,6.192255
300.881821,21,6.212565
98.002243,13,6.224827
59.51326,13,6.236608
362.927338,21,6.256438
397.715042,20,6.275981
323.295349,26,6.300765
635.19664,32,6.331167
91.448425,12,6.343176
29.883942,12,6.354936
383.27977,20,6.374165
40.439041,12,6.385654
386.442017,19,6.40456
288.513351,19,6.421855
83.47818,13,6.43566
390.257568,19,6.452915
128.914993,13,6.466945
617.886841,25,6.49075
90.215881,13,6.503214
438.158524,26,6.528621
310.729492,20,6.548185
22.697678,11,6.558271
327.132828,22,6.580195
11.575867,13,6.591944
394.601044,19,6.610868
416.764877,20,6.630432
399.156723,25,6.65415
44.220886,11,6.665631
29.501755,12,6.677334
307.342499,19,6.69585
384.212189,19,6.713558
161.584793,13,6.727596
87.641922,11,6.737637
618.161331,26,6.76306
280.009506,20,6.781934
109.293686,13,6.794449
410.863052,24,6.817702
42.763702,13,6.829834
41.963821,11,6.841376
63.654968,11,6.852795
104.215637,12,6.864719
279.689224,17,6.880577
477.754517,24,6.903457
78.473618,12,6.915536
36.922302,12,6.927144
54.833939,13,6.940157
501.177612,25,6.965708
72.757111,12,6.977246
34.96405,13,6.989603
70.324524,11,7.001004
348.854111,17,7.017489
49.028961,12,7.029222
120.917526,13,7.041532
372.432007,21,7.06144
319.539062,19,7.080029
94.422943,11,7.091472
133.52359,13,7.104105
351.419373,17,7.120481
394.19249,19,7.13916
200.725479,19,7.157606
91.317413,13,7.170264
42.013855,12,7.182292
83.894577,13,7.194967
32.416122,11,7.206413
203.052917,21,7.225969
703.881088,32,7.256019
178.102722,19,7.274274
408.351639,21,7.294187
27.977859,13,7.307911
420.827652,22,7.32877
90.922516,13,7.341193
336.633728,19,7.359673
80.98175,13,7.372268
93.979111,13,7.385931
60.560196,12,7.398082
430.155121,25,7.421491
313.501724,19,7.43959
34.441727,13,7.451682
774.024368,31,7.481907
23.160202,12,7.493751
17.000229,12,7.505487
318.505554,19,7.522764
734.205536,32,7.553377
89.489944,13,7.56719
260.037323,16,7.582938
112.489792,13,7.595022
32.058334,13,7.607556
87.023468,12,7.619579
424.153778,20,7.63906
446.555618,22,7.660804
437.791885,24,7.684072
73.353851,12,7.695546
17.655472,12,7.706752
257.452179,19,7.722347
62.25058,13,7.73605
455.79509,21,7.755893
72.510803,13,7.76811
103.661606,12,7.780126
438.869827,22,7.802322
85.706284,12,7.81434
369.040054,18,7.831211
188.244278,16,7.84638
312.245499,18,7.864885
296.39212,18,7.881767
163.458725,13,7.894284
47.820267,11,7.905708
329.84288,16,7.921284
150.951996,20,7.939747
408.715683,22,7.961349
29.262405,12,7.973348
61.027969,13,7.985481
380.347946,19,8.00347
-104.307449,5,8.008297
261.78656,20,8.027388
29.110977,11,8.038315
203.442856,19,8.055244
27.534821,12,8.067307
398.890717,19,8.085592
21.902832,12,8.097413
28.660294,12,8.108832
409.493988,20,8.12803
97.893005,12,8.139973
72.261276,11,8.151506
55.206421,11,8.162869
31.99054,12,8.174704
312.226578,18,8.191259
456.410583,23,8.213651
80.150528,12,8.225381
446.842834,24,8.248184
418.522003,20,8.267382
398.643433,22,8.287852
383.665344,24,8.310791
19.167084,12,8.32278
122.719543,13,8.336744
82.102509,13,8.348872
309.388306,21,8.368086
49.767822,12,8.38004
-82.847763,5,8.384559
315.297699,18,8.402785
409.999329,21,8.422754
411.033691,22,8.444661
90.03215,13,8.457249
56.026001,12,8.469004
743.04364,29,8.496417
395.601547,17,8.512648
399.821686,21,8.53386
385.950699,21,8.553869
-83.154037,4,8.558376
108.458252,12,8.570031
79.32756,12,8.581989
114.651596,13,8.594685
83.472107,12,8.606364
121.370773,12,8.618323
197.888,20,8.637651
81.707901,12,8.649834
82.778961,12,8.661431
56.783997,13,8.673422
392.267227,22,8.695128
374.919037,22,8.715644
329.138733,20,8.734554
53.338242,12,8.746026
356.128311,21,8.767203
460.525116,24,8.790012
80.649017,13,8.927362
158.096573,13,8.939786
524.337662,30,8.968244
-0.655304,12,8.979708
108.798721,12,8.991434
32.128555,12,9.002852
80.255905,13,9.015167
437.565277,21,9.035044
390.802185,22,9.056934
84.004807,13,9.069522
71.237488,11,9.081089
36.391037,12,9.09291
425.448196,21,9.1124
796.679764,35,9.149234
212.159637,19,9.167794
77.082718,12,9.18097
98.851562,12,9.192612
53.0242,13,9.205912
199.667114,20,9.224499
143.065918,13,9.236631
276.356445,16,9.251611
10.607269,12,9.262861
302.938019,20,9.281738
107.726715,13,9.293864
81.890427,13,9.305894
101.270981,12,9.317536
29.195023,11,9.328658
64.266113,11,9.339807
100.190765,13,9.35177
81.772552,13,9.364139
4.341003,11,9.375056
98.635452,13,9.387474
84.306412,12,9.398894
450.554169,22,9.419942
348.523331,21,9.439489
391.49527,23,9.46172
114.948837,13,9.47427
91.201035,12,9.4861
259.677902,16,9.501353
380.833435,23,9.523304
97.881012,12,9.534856
350.095276,22,9.555179
89.04895,13,9.568491
335.114532,17,9.584825
11.673279,12,9.596464
259.283951,19,9.614922
105.954056,19,9.631506
130.842743,13,9.645343
27.080338,12,9.656523
142.847275,13,9.66847
51.387985,11,9.679487
-12.430801,13,9.691358
-29.754242,11,9.701841
253.237747,20,9.720721
102.584991,12,9.732331
405.391678,21,9.75179
68.098419,13,9.763542
390.316666,22,9.784942
100.782928,12,9.796834
74.364014,13,9.809431
421.853729,22,9.829044
45.47673,11,9.840093
421.764847,22,9.861848
59.561722,12,9.873866
360.925217,21,9.893492
127.572861,13,9.905907
144.46283,19,9.923771
86.845551,12,9.935894
4.424744,10,9.945225
113.284668,13,9.958706
112.683212,13,9.970875
497.436615,23,9.993168
77.813995,12,10.00497
333.869385,20,10.024192
149.086456,19,10.04091
416.147095,22,10.062865
487.601578,24,10.085348
34.411804,13,10.097641
59.138733,13,10.109791
120.771332,12,10.121748
359.27417,23,10.143846
63.514771,12,10.155476
255.945496,18,10.173248
344.358368,20,10.192342
236.225906,19,10.209256
56.549347,13,10.222811
411.170792,25,10.245513
58.728714,13,10.257826
232.490967,19,10.27618
336.288132,20,10.295127
401.861771,23,10.317239
71.515808,12,10.328794
128.452087,12,10.340677
419.168884,24,10.36335
365.299896,22,10.383511
296.073349,22,10.404821
377.062393,17,10.420932
223.886627,21,10.440079
80.723083,13,10.452007
96.467102,13,10.465662
133.632172,13,10.478062
345.257401,20,10.497012
42.895691,11,10.50806
418.974808,22,10.528148
342.38562,20,10.546695
101.849594,13,10.558872
63.096237,12,10.570749
77.907501,13,10.584366
307.394485,20,10.603405
281.719543,19,10.620214
347.893723,18,10.638319
86.588226,13,10.650982
468.844833,27,10.676647
-15.972,10,10.685767
-17.090103,12,10.696914
104.254318,13,10.710796
379.199783,23,10.731631
52.879929,11,10.742649
117.064011,13,10.755091
76.46257,12,10.767062
198.120911,17,10.784094
141.226166,13,10.79593
132.048828,12,10.807691
103.227219,13,10.820184
97.939545,13,10.832639
-12.637985,11,10.843323
248.504379,20,10.861901
425.594086,28,10.887679
423.726959,21,10.907465
252.260361,18,10.933133
300.112198,18,10.959381
158.40033,13,10.974998
82.981644,12,10.98707
79.6259,11,10.99709
361.5177,19,11.015714
51.245667,12,11.027327
495.555145,21,11.047364
427.128769,21,11.068654
462.96312,21,11.08851
303.147842,20,11.107551
369.660828,18,11.124228
75.147308,12,11.1362
106.435059,12,11.147899
14.778122,12,11.159293
48.837982,12,11.171205
352.859787,20,11.190408
130.395645,13,11.204113
34.196121,13,11.216554
222.587448,19,11.235111
128.661362,13,11.247332
47.084732,11,11.258427
78.622421,12,11.270135
319.482925,19,11.287558
399.131973,23,11.309942
86.091141,12,11.321869
306.972015,22,11.343462
555.626648,26,11.367901
412.988754,19,11.386862
99.127121,12,11.398584
45.948059,12,11.410749
84.480988,12,11.422104
128.015884,13,11.434649
333.823898,19,11.452928
66.427124,11,11.464186
91.745834,13,11.476496
79.483383,13,11.48882
47.639053,12,11.500878
50.320953,12,11.512712
226.761871,16,11.527864
138.896301,13,11.539843
107.245331,13,11.553547
437.795349,21,11.573128
87.945251,13,11.585709
126.003769,13,11.59795
392.455627,19,11.616144
103.437897,12,11.628271
16.843918,11,11.640146
80.822388,13,11.655006
243.054703,20,11.674407
343.931046,19,11.69317
-11.467087,12,11.704674
60.080109,12,11.716331
33.056747,12,11.727902
69.692795,12,11.739802
336.873184,17,11.755829
209.089493,18,11.773038
115.656967,12,11.784315
290.36084,19,11.80136
344.123596,19,11.81972
73.320007,11,11.830947
67.250092,13,11.842832
415.318054,19,11.861206
358.62355,22,11.881292
335.734406,21,11.901932
100.069916,13,11.914362
155.291702,19,11.93274
158.839966,13,11.945123
374.61055,22,11.965414
611.36792,25,11.990182
108.973358,13,12.002468
59.160233,11,12.013687
441.040497,24,12.036315
381.953064,18,12.052228
65.549316,12,12.06415
103.715942,12,12.075931
373.775406,21,12.095552
299.384705,20,12.113627
391.177292,26,12.13812
30.920471,12,12.149655
372.291016,23,12.171542
68.857651,13,12.183635
420.465988,22,12.203536
290.801773,17,12.220641
362.280685,19,12.237609
468.51268,26,12.262676
-53.885025,12,12.274103
71.723602,12,12.285877
324.630905,22,12.305159
50.059784,12,12.316381
422.856216,20,12.335606
193.312851,16,12.350346
49.159348,11,12.361518
118.098557,13,12.373341
79.425949,13,12.387141
135.037643,12,12.398911
58.054001,12,12.410478
74.222763,12,12.422285
275.996155,20,12.441235
34.925781,12,12.453051
105.32959,13,12.465459
478.959229,22,12.485461
70.863144,11,12.496739
-26.652802,11,12.50776
384.083984,20,12.526532
71.516205,12,12.53805
26.263229,12,12.549728
99.863312,13,12.562078
333.323181,20,12.580748
14.351608,12,12.592026
77.341385,13,12.604234
354.398132,18,12.622202
170.219498,13,12.634784
448.280746,25,12.657442
86.142303,13,12.671299
120.12001,12,12.683159
18.270798,12,12.694485
102.629944,13,12.706566
70.885468,12,12.71849
121.360245,13,12.730875
480.832306,26,12.755555
336.885742,20,12.774591
71.520966,12,12.786085
354.313705,22,12.805872
473.229736,22,12.827293
90.722717,12,12.838896
83.575455,12,12.851259
101.515274,11,12.861082
379.61731,24,12.883
87.607346,13,12.89648
108.056824,13,12.908814
122.433945,13,12.920987
44.231766,13,12.932665
77.610672,13,12.945688
311.11319,20,12.964659
437.956955,25,12.987604
416.451218,21,13.006613
384.704605,21,13.025844
106.784683,13,13.039541
-2.992004,11,13.049062
98.454544,12,13.060617
100.95665,12,13.071664
156.384964,13,13.085373
431.789795,23,13.105282
17.632278,12,13.116919
72.052521,12,13.128244
84.855392,12,13.139647
67.034332,11,13.150663
31.77565,12,13.161992
5.22464,11,13.17283
375.323807,20,13.191779
290.716888,16,13.207244
93.359894,13,13.219619
5.914383,11,13.230859
181.419937,19,13.249095
85.385956,13,13.261605
43.264801,12,13.273403
-26.420471,11,13.284612
126.18605,13,13.297252
-13.02478,11,13.308214
-25.332047,13,13.319897
431.958984,24,13.342497
20.238663,11,13.353453
400.407288,23,13.374153
88.474045,12,13.385637
374.012726,23,13.407848
122.529007,19,13.425764
299.572845,20,13.443907
302.305374,20,13.462675
109.218399,13,13.474826
15.380966,12,13.486551
441.729324,23,13.508868
62.719986,11,13.520032
58.412231,12,13.531067
90.434402,12,13.542996
75.600357,12,13.554766
410.837036,21,13.574032
96.254639,12,13.585926
256.497406,18,13.602436
28.447067,11,13.613534
104.96727,13,13.625665
369.061768,24,13.648005
368.321747,20,13.667009
42.390244,12,13.678635
419.330826,20,13.697816
298.186081,16,13.713002
151.876862,13,13.726808
33.625092,12,13.831778
12.948105,12,13.843222
834.26329,42,13.881264
93.000107,12,13.893282
376.922897,21,13.912864
383.949554,24,13.935473
148.403381,13,13.9492
76.777405,12,13.960923
233.008987,19,13.977967
71.872086,12,13.989531
501.15271,22,14.011217
761.843414,33,14.041881
-3.794174,11,14.052964
441.01825,28,14.078831
259.677887,17,14.094475
35.159439,12,14.105704
113.059967,12,14.117242
611.812683,32,14.145801
144.748901,13,14.158161
126.70842,13,14.171843
108.356903,13,14.184326
89.643036,13,14.196012
110.000854,12,14.207793
84.807999,12,14.219482
29.704559,11,14.230509
84.757828,13,14.242746
357.128525,21,14.262054
57.824356,11,14.273369
366.35817,20,14.292492
311.298248,19,14.310952
264.582306,19,14.329201
47.945786,12,14.340962
238.648621,18,14.35748
140.155975,12,14.369284
70.909271,11,14.380543
347.796005,20,14.399427
33.240662,11,14.410802
103.797607,13,14.423242
84.131699,12,14.435114
107.691635,13,14.4469
365.031754,19,14.465656
423.545746,20,14.484951
74.722229,13,14.497113
14.701431,11,14.508542
55.850082,12,14.519873
412.30954,22,14.540016
74.404648,13,14.553792
2.945663,12,14.565298
314.962051,20,14.584306
-53.860291,12,14.595204
54.444672,13,14.607233
61.457733,13,14.619642
153.927109,20,14.638383
160.541718,17,14.653958
316.838776,20,14.67279
34.122574,11,14.684939
449.747101,22,14.706893
80.478973,11,14.716831
20.137497,12,14.728441
115.033386,13,14.742295
371.552704,24,14.76489
32.411636,13,14.776942
393.273636,22,14.79703
73.036102,11,14.808453
83.319824,13,14.820604
102.200699,13,14.834158
11.174744,10,14.843534
280.970016,21,14.862995
361.338348,21,14.883747
5.029175,12,14.895735
-35.015259,11,14.90511
-6.455093,11,14.916565
71.808655,12,14.928437
63.580276,11,14.939693
305.217239,22,14.959639
107.866425,13,14.973607
9.756561,11,14.983563
126.269608,13,14.99742
522.555099,26,15.02143
78.061005,12,15.033484
322.306747,20,15.052417
89.451691,12,15.064272
236.503601,20,15.083065
27.22049,13,15.095446
428.225082,23,15.117787
21.645752,13,15.12982
12.809616,11,15.141153
42.297546,11,15.152584
-18.319473,12,15.163963
112.394424,13,15.176106
392.717575,25,15.198934
96.224854,13,15.212479
286.829391,21,15.23206
426.814697,27,15.257408
272.928207,20,15.276018
498.077423,23,15.296955
134.657486,12,15.308751
96.037445,13,15.322505
524.374359,24,15.345363
367.468384,17,15.361525
70.220764,13,15.373968
110.244949,13,15.386339
35.4375,13,15.399401
233.554306,20,15.418193
75.3396,13,15.430419
168.436584,13,15.442788
50.793961,13,15.454421
28.528168,12,15.466084
15.097885,11,15.47739
387.737869,22,15.498874
462.099716,20,15.518145
337.590805,18,15.534441
237.023087,22,15.5559
296.062241,19,15.573171
380.570877,23,15.59515
38.217407,13,15.607521
66.956894,13,15.620916
35.893906,12,15.632802
359.357422,23,15.653232
77.473984,13,15.666682
-0.989029,11,15.676234
84.997482,13,15.690029
106.92511,13,15.702015
441.920639,22,15.722614
242.56012,20,15.741203
64.508575,12,15.753057
331.820511,22,15.774639
419.405045,22,15.795265
286.900894,17,15.81244
472.907257,26,15.836366
17.094238,13,15.8483
33.782455,11,15.859727
6.427948,13,15.871891
417.529984,19,15.890218
89.925186,13,15.902443
239.177917,20,15.921263
92.649033,12,15.932909
408.145416,21,15.954167
385.418518,22,15.974374
388.74086,21,15.994143
81.714767,12,16.006022
108.318024,13,16.01988
32.73027,13,16.0319
102.396271,12,16.043771
37.815094,12,16.055637
37.767548,11,16.066656
122.5457,13,16.078808
255.313766,20,16.098218
370.612595,25,16.121248
40.394272,11,16.132349
762.655319,30,16.159866
-38.388916,10,16.170426
459.943771,25,16.194019
373.070297,20,16.213005
98.001022,13,16.22547
386.101257,20,16.244477
234.134338,21,16.265438
253.685379,18,16.281675
73.769226,12,16.29327
112.076187,12,16.305236
351.480164,21,16.324788
242.266495,19,16.342893
67.723511,13,16.355279
94.422943,11,16.366715
287.632401,16,16.381979
97.988434,13,16.394484
77.672699,12,16.406037
62.464813,13,16.419925
74.620346,13,16.431855
139.146118,12,16.443668
71.372757,11,16.454869
390.910263,18,16.471699
296.280243,20,16.490655
125.329834,12,16.502427
1.912872,11,16.513451
612.418503,26,16.537357
458.443832,20,16.556654
72.187912,12,16.568319
38.998566,12,16.580131
10.670227,11,16.591409
-13.448624,12,16.60287
21.229889,11,16.614106
236.365555,21,16.633978
437.033463,25,16.656923
435.193665,24,16.679244
112.65007,13,16.69283
72.133148,13,16.704882
399.433746,25,16.727356
20.521423,11,16.738226
443.467178,22,16.758047
117.521011,13,16.771506
65.463074,12,16.783281
11.739365,12,16.794712
43.225677,11,16.804208
253.962906,20,16.822634
271.810486,22,16.84316
237.358353,20,16.861105
5.82756,12,16.872293
70.767548,13,16.884517
303.515991,21,16.903805
-23.235458,11,16.914877
21.604324,12,16.926804
263.268936,19,16.944552
432.13324,27,16.969898
413.956833,21,16.988962
43.15126,12,17.000237
390.840927,21,17.019131
94.977158,13,17.031047
55.214401,12,17.042489
35.183685,12,17.054007
293.867294,20,17.072327
130.346939,12,17.083616
216.465714,20,17.101921
213.432388,18,17.118571
-17.293747,13,17.130145
269.99411,18,17.147389
319.536469,17,17.162972
246.920975,15,17.177404
57.695862,13,17.189665
70.456909,12,17.201691
203.870377,19,17.22002
6.417542,12,17.231414
-1.057892,12,17.243065
377.956406,21,17.263026
-2.804626,11,17.274343
15.471497,11,17.2843
272.972961,20,17.303502
168.534683,19,17.321773
102.832108,11,17.33311
-7.348267,12,17.344453
131.703323,18,17.360462
76.94664,13,17.373913
73.671677,13,17.386467
275.750137,20,17.405769
24.322311,12,17.417603
258.520111,20,17.437039
427.741028,23,17.459117
10.75972,12,17.470522
-26.864807,13,17.482731
39.150848,12,17.494478
28.468842,13,17.50667
194.455978,19,17.524752
347.191788,22,17.54481
333.018021,21,17.565872
27.756973,20,17.583671
17.244125,12,17.595024
340.747803,18,17.611451
87.852005,13,17.62381
-4.122757,12,17.635397
136.715134,13,17.649143
31.263229,12,17.66077
49.131088,12,17.672828
440.80925,21,17.692731
872.471481,37,17.726752
203.264999,18,17.744396
185.484879,18,17.760769
17.117279,11,17.771569
204.864563,20,17.790827
25.446045,12,17.802157
99.191147,12,17.814145
205.059052,20,17.832853
-33.419876,11,17.843869
151.880707,21,17.863089
40.686111,12,17.874825
92.293884,13,17.887229
44.238068,13,17.899344
359.118439,21,17.920352
365.813873,24,17.943271
7.702209,10,17.952462
-1.231461,12,17.963793
350.893463,20,17.983021
406.835297,21,18.002769
27.694534,11,18.014048
23.237152,12,18.025951
19.766968,12,18.03759
18.586716,12,18.049542
473.083023,26,18.07474
84.221878,13,18.087001
114.102783,13,18.099384
34.1819,12,18.111073
106.543961,13,18.123495
93.930145,12,18.135091
116.064499,11,18.146287
80.39418,12,18.158205
112.571869,13,18.170572
34.586853,12,18.182173
312.81517,20,18.200949
446.305054,23,18.223226
388.98053,20,18.242339
62.509796,13,18.254849
340.438843,18,18.272175
436.508652,24,18.294832
59.766052,12,18.306163
-5.391769,13,18.317541
84.562088,13,18.329701
228.674454,18,18.347979
151.654175,13,18.360125
97.633514,13,18.372245
54.276764,12,18.383635
403.430786,22,18.404662
-4.488892,12,18.415701
86.724777,13,18.427635
430.523193,21,18.447474
392.608307,22,18.469186
303.359879,20,18.488352
85.826157,13,18.500321
72.431717,13,18.512453
77.071518,13,18.526136
20.35556,12,18.537722
215.946014,20,18.55581
277.787949,19,18.57278
94.573456,12,18.584663
350.439774,22,18.732146
68.338943,13,18.744644
48.358902,12,18.756686
-14.30574,11,18.767972
84.988007,13,18.780348
23.026642,11,18.791802
258.787476,20,18.811254
110.753311,13,18.823992
278.456802,16,18.839657
349.239899,20,18.859148
426.429733,25,18.882779
522.456345,27,18.909146
80.701248,13,18.921718
69.958633,12,18.934651
66.198013,13,18.949944
142.419189,12,18.962976
-31.209885,11,18.973111
425.772156,20,18.994652
-6.406311,11,19.007016
167.775421,19,19.027816
385.45256,21,19.049876
35.580154,11,19.06252
438.339737,26,19.090206
105.209,12,19.105191
42.546005,12,19.116748
666.33725,36,19.148615
41.903534,12,19.160495
48.733444,12,19.172473
31.422958,12,19.184309
63.531372,13,19.197781
345.569336,20,19.216911
47.161194,12,19.228667
104.86853,20,19.246537
131.162125,12,19.258076
103.084198,13,19.270509
73.420349,13,19.283091
78.001709,12,19.294948
129.574844,13,19.307127
29.540039,13,19.320618
416.314468,18,19.337816
101.515274,11,19.349964
362.965714,19,19.368538
455.689606,27,19.392696
167.042755,18,19.410458
106.587906,13,19.42244
119.977661,13,19.434621
239.142212,20,19.453349
39.293777,12,19.465079
47.76857,12,19.476728
303.519867,16,19.492253
104.730515,13,19.506068
398.115707,23,19.526486
442.399246,22,19.548303
237.040161,18,19.564713
68.469696,12,19.576619
245.541183,19,19.594889
342.391296,18,19.613013
151.631805,13,19.625354
28.887466,11,19.63654
109.467667,12,19.648268
459.864594,23,19.669035
477.445496,22,19.690546
84.015305,13,19.703023
100.343613,13,19.715552
300.315674,19,19.733903
198.668198,19,19.752391
381.48732,30,19.779993
30.349411,11,19.791483
121.056366,12,19.803051
424.705811,20,19.822355
75.392456,13,19.834585
305.319046,21,19.855186
221.714417,20,19.873959
63.439743,12,19.88585
80.589859,11,19.895764
450.56781,29,19.923391
339.803726,19,19.940723
111.340271,13,19.954599
52.119965,13,19.967076
113.661346,13,19.979663
18.134293,12,19.991518
186.642044,21,20.011164
56.574783,13,20.024906
231.621582,20,20.044271
339.308868,18,20.06113
30.920044,12,20.072825
140.621078,18,20.090742
351.102951,16,20.106204
85.726166,13,20.118692
108.497833,13,20.1311
386.594513,18,20.149149
234.536743,20,20.168024
12.864624,11,20.177693
215.402557,20,20.196689
384.804184,20,20.215876
29.896011,13,20.229243
724.129913,35,20.261156
38.77504,11,20.272534
213.370514,19,20.290869
428.269485,21,20.310859
101.53392,13,20.323155
275.258728,21,20.343162
249.283859,20,20.361238
8.212921,11,20.371143
47.78595,13,20.384459
92.706589,13,20.396449
135.419891,19,20.41404
370.405762,26,20.437435
293.620346,18,20.454855
85.602707,12,20.46649
236.209946,20,20.485126
38.964233,13,20.496905
96.686279,12,20.508558
398.698654,24,20.530751
130.801682,13,20.542926
84.789719,13,20.564209
41.04628,12,20.578506
54.535278,13,20.592249
355.803635,22,20.612705
369.591431,20,20.63209
38.484848,13,20.644566
228.460434,18,20.662926
410.055145,25,20.686572
319.189774,22,20.708764
155.734863,18,20.725281
15.41423,11,20.736683
381.089706,25,20.760016
334.22612,22,20.781721
50.736603,12,20.793782
16.144241,12,20.805241
265.449692,18,20.821589
295.221802,19,20.840398
86.555847,13,20.85282
93.914688,13,20.864895
43.825394,11,20.876377
12.70256,12,20.888566
407.768936,24,20.911027
258.93718,18,20.929181
-14.375397,12,20.940728
193.532944,20,20.961533
40.432556,12,20.975402
426.72287,21,20.995176
339.562607,18,21.011736
344.524429,22,21.032924
381.402466,21,21.052818
85.054428,13,21.064709
53.519501,13,21.07848
99.92244,13,21.090979
89.973557,12,21.102525
67.124817,13,21.114395
44.408905,13,21.126325
387.847977,18,21.144417
-6.511047,13,21.156402
434.294022,20,21.175668
101.017487,18,21.193303
212.710724,20,21.212348
297.801208,20,21.231322
374.594925,21,21.250849
46.355225,11,21.262066
116.980103,13,21.274555
-8.292786,12,21.285844
387.417984,18,21.302482
74.27449,13,21.315962
333.794235,20,21.334746
446.34082,26,21.358715
65.220505,12,21.370224
53.309097,13,21.382559
59.203308,13,21.395902
261.078354,18,21.412047
180.287872,19,21.430608
242.643051,18,21.446682
144.381546,13,21.460606
264.739426,21,21.48007
245.83078,20,21.498764
120.101471,12,21.510299
55.981461,13,21.522543
125.329834,12,21.534025
317.189804,19,21.552376
37.867767,12,21.563941
-89.381378,5,21.569083
281.253586,18,21.586626
334.068405,27,21.610526
81.986526,12,21.622203
89.707336,13,21.635888
33.844742,11,21.645501
278.391449,27,21.670578
375.968536,23,21.692943
35.841248,12,21.704679
73.000763,13,21.717001
341.94249,21,21.736615
-1.653214,12,21.748189
53.796524,13,21.76185
819.799988,38,21.796093
-30.220154,11,21.806946
243.95134,20,21.826142
264.811859,19,21.844278
117.14476,12,21.856089
107.587402,13,21.868408
60.667068,13,21.880636
46.000275,11,21.891732
378.075958,20,21.910866
120.488327,18,21.926715
210.2612,22,21.947639
428.985855,23,21.970468
91.956009,13,21.982852
92.993271,13,21.995
247.020859,20,22.013417
469.441956,25,22.036673
385.812424,25,22.061436
120.181564,18,22.077453
57.12326,13,22.089639
235.638367,20,22.108999
62.700485,12,22.120528
60.92923,12,22.132363
352.736633,18,22.150297
59.873337,11,22.161388
33.534119,12,22.17328
266.308029,18,22.18913
129.091141,13,22.201511
283.405945,17,22.219049
127.739487,12,22.230605
-67.121796,5,22.235631
431.019836,26,22.258886
140.809753,13,22.272692
55.723022,13,22.284281
248.66037,19,22.302428
358.27124,20,22.321644
81.689575,12,22.333339
305.200745,21,22.352789
19.206772,12,22.364125
296.487549,20,22.383347
69.541428,12,22.395075
433.240616,22,22.415299
508.423004,24,22.437585
57.210663,12,22.449427
291.262115,19,22.467839
425.591492,21,22.487586
354.230423,17,22.505085
64.436035,12,22.516632
513.784317,24,22.539445
417.92128,22,22.559382
361.752991,22,22.580358
385.596329,19,22.597612
41.663269,13,22.610922
-17.312057,12,22.623559
87.205093,13,22.637102
131.969986,20,22.657274
291.314011,17,22.673491
60.687042,12,22.685214
418.547348,23,22.707841
413.723816,18,22.724784
143.206436,13,22.738541
79.905365,13,22.751092
494.614395,30,22.779202
257.100784,20,22.798462
323.072372,17,22.816296
73.871567,12,22.828077
250.522339,20,22.846867
316.93399,18,22.863591
389.174179,19,22.882598
75.108887,13,22.894916
429.500336,25,22.918605
7.634857,11,22.930637
90.168793,13,22.946046
432.169266,21,22.967371
309.331802,16,22.983002
268.220657,20,23.001679
204.879578,18,23.018248
390.511765,24,23.040752
422.250229,25,23.064154
433.423401,22,23.085694
27.072601,11,23.096936
109.439514,11,23.106613
88.28212,13,23.119925
49.944031,12,23.131497
322.223434,18,23.148342
69.661758,12,23.160217
0.745834,11,23.171588
94.45723,12,23.183226
88.510376,13,23.195585
377.672745,21,23.215104
463.109299,23,23.237439
103.195435,12,23.24925
117.357803,12,23.261035
364.262787,21,23.280605
27.917557,13,23.294219
39.764099,12,23.306014
73.27652,12,23.318071
27.956787,12,23.329904
102.780273,13,23.342101
59.507004,12,23.353494
80.085999,12,23.365229
326.517273,20,23.38399
66.726379,13,23.396432
-22.935516,12,23.408322
770.114685,32,23.438794
85.808411,12,23.450599
36.310425,12,23.462458
79.595139,12,23.474116
97.639526,13,23.486429
81.254105,12,23.497713
422.553238,20,23.516773
56.293854,12,23.528612
15.681976,12,23.540339
160.026505,13,23.553836
372.883011,21,23.675677
94.918396,13,23.688043
385.500427,22,23.709472
60.150757,13,23.721711
10.126373,11,23.732445
32.181046,12,23.744033
54.522675,12,23.756025
82.818588,13,23.768438
287.143738,16,23.783744
259.857315,19,23.802234
478.258499,29,23.828996
88.915756,13,23.841219
401.391663,19,23.859127
132.790894,12,23.870983
339.440659,21,23.891887
71.777893,12,23.905906
441.938873,19,23.924788
56.958801,12,23.936536
32.416122,11,23.948025
357.151398,18,23.965075
194.201218,20,23.986705
19.550476,12,23.999976
4.74324,11,24.011156
9.472183,11,24.023056
390.622192,19,24.040609
343.185318,19,24.058829
53.397385,13,24.071069
197.619843,22,24.092256
312.037521,16,24.107437
13.784744,12,24.118979
512.573807,23,24.14096
339.732285,22,24.160918
440.457596,25,24.184051
1.37973,11,24.194953
80.452728,11,24.205982
485.49617,24,24.22851
338.864044,21,24.247575
101.319824,12,24.25885
111.555771,13,24.271445
375.823929,17,24.28876
14.025131,11,24.298689
87.360916,13,24.312238
94.422943,11,24.32217
59.142502,12,24.333168
63.2164,12,24.344904
41.014191,11,24.356015
28.915924,12,24.367609
415.722458,20,24.386593
191.177094,19,24.405505
79.008316,12,24.417496
405.132584,24,24.440539
64.625488,12,24.45219
45.049057,12,24.463876
441.349701,23,24.485784
113.661346,13,24.498492
650.802017,32,24.528315
503.825424,25,24.551728
159.464111,13,24.564228
122.150894,19,24.582549
318.135406,18,24.600636
435.283066,21,24.620667
392.995956,24,24.643121
25.787903,12,24.65526
29.433029,12,24.666403
212.437088,19,24.684608
124.409912,13,24.697168
-104.291641,5,24.702433
392.657791,21,24.722372
64.822189,12,24.734041
489.239594,24,24.75687
33.697678,13,24.769983
390.522064,18,24.786605
395.703354,28,24.812732
12.749802,13,24.824705
239.218826,20,24.844158
-10.003265,10,24.854918
42.261444,11,24.866018
92.784637,12,24.877903
25.864197,11,24.887798
356.188248,19,24.906229
52.28627,11,24.917335
123.123016,12,24.929256
115.063263,13,24.942017
15.029968,12,24.953971
-1.178818,11,24.96538
177.666183,20,24.984059
111.215454,12,24.996051
80.771759,11,25.007297
-6.493179,12,25.018962
145.931931,13,25.03152
15.590378,12,25.043575
7.466003,11,25.054874
221.957672,17,25.070755
442.371826,23,25.093308
-3.961563,13,25.105948
370.031998,19,25.124588
25.678818,11,25.134188
165.472626,21,25.155102
516.121109,24,25.178429
129.17392,13,25.191046
404.942352,23,25.213647
19.224258,12,25.225384
394.391357,24,25.247984
349.122986,19,25.265585
95.682404,13,25.279177
195.853394,21,25.298548
146.218552,13,25.311207
370.946533,24,25.333933
360.7061,23,25.356166
412.146362,23,25.378638
45.160461,11,25.388363
96.98613,12,25.400263
694.674896,38,25.436418
107.139481,12,25.448377
96.051605,12,25.460435
9.700058,11,25.471771
10.348282,12,25.48375
326.507309,21,25.503458
58.031158,13,25.515642
236.545502,21,25.535346
104.153076,12,25.547029
374.653473,19,25.565825
79.89209,12,25.650906
387.525833,27,25.678474
74.800919,13,25.690669
43.809814,12,25.702389
-42.323608,11,25.713413
294.983459,21,25.733324
54.391357,12,25.745017
14.221924,11,25.756186
41.028473,11,25.7674
111.063492,12,25.779104
95.616501,12,25.790765
407.806168,23,25.81093
50.422867,13,25.82469
272.422699,21,25.844589
381.028992,20,25.863722
93.57515,13,25.876008
32.556366,11,25.887276
59.166611,11,25.89862
349.961746,21,25.918721
206.733871,21,25.937664
60.572021,12,25.949251
301.678604,16,25.964908
54.172058,12,25.976628
87.613007,12,25.988506
360.518555,18,26.006847
50.388336,12,26.018501
464.006958,29,26.045078
98.438171,12,26.057071
91.742432,12,26.069221
415.502853,24,26.092751
179.149323,19,26.111695
328.503311,20,26.130734
81.701324,12,26.142652
214.046356,19,26.159273
366.143692,18,26.176897
125.829712,13,26.189214
32.126633,13,26.201517
209.947586,20,26.220471
139.871124,12,26.232202
138.042831,13,26.245566
395.705612,20,26.264776
329.861313,23,26.285324
322.8452,21,26.306201
218.258148,20,26.325028
330.247055,20,26.343457
46.123703,13,26.355297
116.454926,18,26.371274
90.811142,13,26.385067
161.241882,19,26.40132
61.471725,11,26.412254
8.013596,12,26.423591
281.336655,19,26.441625
104.288788,13,26.453793
63.895477,13,26.466117
208.68866,21,26.486745
46.560928,13,26.499204
307.740723,18,26.515895
355.13475,19,26.534093
356.375336,20,26.552845
439.505753,23,26.574745
86.316757,13,26.587318
251.448929,21,26.60688
292.406815,20,26.6251
111.232117,19,26.642934
840.976669,33,26.673899
-82.728027,5,26.680268
53.657181,13,26.692583
45.847458,11,26.703698
203.10527,19,26.72042
382.129242,18,26.738197
56.062592,11,26.749383
7.207947,11,26.758982
57.2724,12,26.770407
10.421173,13,26.783281
88.12558,13,26.795582
564.112534,25,26.818853
406.170883,25,26.84189
77.37915,12,26.853124
26.834808,11,26.863944
74.265335,13,26.875904
108.932465,13,26.889193
-12.541855,11,26.898727
69.331268,13,26.912393
491.512619,21,26.932127
78.035187,13,26.944491
35.084869,11,26.955513
422.403687,24,26.97821
387.528427,26,27.001748
75.061249,13,27.014878
302.84964,20,27.033582
84.078552,13,27.045586
108.035004,12,27.057216
24.378036,12,27.068933
16.560318,11,27.08016
59.114822,19,27.096719
371.022537,19,27.115342
52.009064,12,27.127389
61.086304,11,27.138364
216.204819,21,27.157939
-22.950684,11,27.168962
10.244476,12,27.181063
-8.555771,11,27.192169
96.38295,13,27.204683
71.868408,13,27.217143
456.702896,27,27.243216
64.273712,12,27.254855
77.176605,11,27.265876
34.234329,13,27.277587
118.407013,13,27.290179
87.219101,11,27.301435
198.769409,17,27.317255
99.040909,12,27.329132
287.586243,18,27.347267
338.165558,22,27.367218
-37.580078,12,27.378592
43.844208,11,27.389483
356.456375,21,27.409435
291.421188,20,27.427894
91.836014,13,27.440292
85.166504,12,27.452101
121.986526,13,27.465732
491.957489,25,27.4891
77.151169,12,27.501045
32.935608,12,27.512848
388.723343,19,27.531631
60.753067,12,27.543216
62.545059,12,27.554814
19.963898,11,27.56476
304.349579,18,27.582989
223.068542,18,27.599164
83.613586,13,27.612712
65.206879,13,27.624929
43.666519,11,27.63641
387.814194,22,27.656231
73.52684,11,27.667573
52.77449,12,27.679209
65.98732,13,27.691448
376.165115,18,27.709228
63.446701,13,27.721723
97.176682,13,27.733878
68.731918,13,27.746624
449.621475,26,27.771235
330.213562,19,27.788703
94.520157,13,27.800663
123.296997,13,27.81292
70.336777,13,27.824642
85.269562,13,27.837613
103.538025,13,27.849866
332.842072,21,27.868967
334.593521,20,27.887523
21.557175,12,27.8989
439.003647,22,27.920186
125.083664,13,27.932515
122.14238,12,27.943832
108.322479,13,27.956021
488.242355,25,27.978861
344.782486,20,27.998159
92.032455,13,28.011322
42.31012,11,28.0206
55.240219,13,28.033791
256.258316,20,28.052086
15.757248,11,28.061325
185.092056,19,28.079304
351.641647,20,28.098093
112.134613,11,28.10949
407.20845,19,28.128126
238.471573,19,28.145451
107.139481,12,28.157048
385.591507,21,28.178407
429.369766,25,28.201267
379.625565,21,28.221152
306.480988,18,28.238942
62.051773,11,28.248967
30.468796,12,28.260462
260.220688,20,28.279423
405.605637,23,28.301518
337.036972,19,28.320282
397.988052,20,28.339321
28.740005,11,28.350572
30.556839,11,28.360448
129.705612,13,28.374379
134.990829,13,28.386811
24.556671,11,28.398013
111.681595,12,28.409767
86.069641,12,28.421458
298.514679,20,28.440356
-6.549591,11,28.450072
295.810028,20,28.469026
20.493729,13,28.482725
99.575668,12,28.494518
76.70134,13,28.506729
113.371109,12,28.518338
153.492355,13,28.530581
404.480728,20,28.549519
19.758514,12,28.664229
239.912277,20,28.682858
118.588745,13,28.695469
191.060471,19,28.713714
171.136688,19,28.732179
208.09935,18,28.748018
382.511002,19,28.766724
190.39418,13,28.779157
409.874359,31,28.807944
37.309586,12,28.819768
28.698624,12,28.831517
35.737793,11,28.842739
18.634384,11,28.85374
307.042542,20,28.872743
57.016251,12,28.884285
49.610733,13,28.896518
359.049927,20,28.915519
80.799973,13,28.927915
89.172455,13,28.940208
79.98645,12,28.952019
720.707031,32,28.981779
305.968994,17,28.999355
345.430389,18,29.015708
279.423538,20,29.034705
435.825272,22,29.056472
219.937531,21,29.075246
15.683167,13,29.087136
456.717148,25,29.110497
52.067368,13,29.123749
76.191956,13,29.135784
307.171173,20,29.154886
447.762161,28,29.181375
276.461594,18,29.198073
86.217056,11,29.209353
88.333084,13,29.22156
228.075012,21,29.242199
382.021561,19,29.259418
65.623825,12,29.271074
403.784393,22,29.292524
52.371628,13,29.304499
61.161316,13,29.316988
312.899673,21,29.338164
352.030579,21,29.359167
126.466003,13,29.371788
47.377609,13,29.383798
42.860168,12,29.394918
296.186981,19,29.412974
193.444901,21,29.432481
23.176071,13,29.446093
63.133545,11,29.456023
69.930084,11,29.467356
95.352173,12,29.478909
27.568512,13,29.490866
290.705048,20,29.509676
114.157364,13,29.523283
82.977921,13,29.534953
378.332703,19,29.553293
23.375458,13,29.565262
439.382584,23,29.587587
69.808456,13,29.599808
75.144485,12,29.611638
113.473053,12,29.623353
86.722458,13,29.635859
86.283478,12,29.647586
427.342926,24,29.669894
15.968033,11,29.680968
83.937958,12,29.692918
19.539215,13,29.705074
102.524872,13,29.717163
326.296661,19,29.735515
143.435257,13,29.747761
36.335663,11,29.75899
441.237991,23,29.781298
393.504517,19,29.799657
72.901443,12,29.811378
263.218369,21,29.830815
100.393677,13,29.8432
55.879944,13,29.854777
185.684479,19,29.873231
386.641418,27,29.899152
370.699265,21,29.918916
10.743912,12,29.930779
-9.128677,11,29.942144
195.158127,20,29.96071
48.591385,12,29.972262
415.627151,21,29.992005
82.184784,12,30.003999
755.409805,36,30.03717
91.833969,13,30.049641
23.298691,13,30.063165
187.864685,21,30.082314
91.279648,12,30.093932
261.708511,17,30.109859
90.955246,13,30.122029
431.954681,22,30.143783
151.441666,13,30.156268
27.335114,11,30.167529
-108.171478,4,30.172003
105.935501,19,30.189527
115.743652,13,30.201988
431.367279,22,30.222384
402.544083,19,30.240445
17.104355,13,30.252272
288.441071,18,30.270323
106.239456,13,30.282743
74.215408,13,30.294888
134.796326,13,30.308664
103.555786,12,30.320515
73.416458,12,30.332379
134.851868,13,30.344821
14.687119,12,30.356461
359.979538,24,30.378855
466.83934,21,30.39864
137.834091,13,30.411058
64.874191,13,30.424878
322.964874,18,30.441143
376.576889,22,30.462373
169.446457,19,30.479118
436.476501,26,30.5038
308.873993,20,30.522633
130.971451,13,30.53503
61.066284,13,30.547154
49.880432,11,30.558544
66.187698,12,30.570438
23.463333,12,30.581727
218.093536,22,30.603108
19.135254,11,30.613225
323.567764,19,30.631509
415.195648,24,30.654107
19.019043,11,30.665257
347.472122,21,30.684611
343.717819,21,30.703872
385.77684,19,30.722418
75.75827,12,30.733913
83.366516,13,30.745883
115.13826,13,30.759418
386.203766,24,30.781797
68.992096,13,30.793945
76.66832,12,30.805953
110.207001,13,30.818331
255.248825,17,30.833931
358.578018,21,30.854408
102.122574,13,30.866776
323.298859,21,30.886135
135.492401,13,30.898289
65.083755,12,30.909794
-14.364716,12,30.92177
98.429123,12,30.933542
38.402054,12,30.945111
119.792496,12,30.956976
378.827087,19,30.975798
132.667755,13,30.988126
37.522186,12,30.999383
97.810089,13,31.012355
77.664139,13,31.024553
413.946915,25,31.047823
86.502594,13,31.060291
66.910751,12,31.071918
112.766815,11,31.083278
51.039886,11,31.094317
48.867126,12,31.106206
330.447556,21,31.126105
5.887665,11,31.137525
359.107452,19,31.155945
271.584885,18,31.171911
86.492676,12,31.183537
271.827209,19,31.202131
331.886139,20,31.221211
81.407272,13,31.233355
382.785538,20,31.252652
351.034897,17,31.268197
84.323395,12,31.279804
312.300888,21,31.300377
363.033279,20,31.319724
324.155151,19,31.336885
324.372879,20,31.355959
123.786942,13,31.369724
319.961914,20,31.389043
62.722321,12,31.400753
277.242386,21,31.419823
454.335068,30,31.446945
29.329651,13,31.459935
-19.384003,10,31.4699
204.10968,19,31.488305
27.185318,13,31.500087
103.650421,12,31.511687
72.596252,11,31.522877
33.347305,12,31.534312
405.588882,25,31.55695
447.831192,25,31.579616
333.032715,22,31.600389
481.300674,24,31.622453
68.067474,13,31.634404
130.646484,12,31.64601
362.703827,19,31.664514
5.188278,11,31.675383
126.626709,13,31.687609
18.646912,12,31.699325
402.854355,22,31.719658
96.929657,13,31.732691
94.648605,13,31.744659
387.3237,21,31.764121
60.624207,12,31.775568
324.305756,21,31.794952
375.599243,22,31.815979
42.259293,12,31.82781
777.470673,32,31.857894
368.106064,22,31.877706
49.663788,12,31.889498
329.442429,18,31.907451
42.90596,12,31.91894
76.615936,12,31.930742
4.213165,12,31.941758
138.412491,12,31.953232
25.250702,12,31.964613
-27.29512,11,31.975077
76.609955,12,31.98722
99.522308,13,31.999331
251.502975,19,32.01756
50.121292,12,32.029472
66.419586,12,32.041299
34.355316,11,32.051255
89.634338,12,32.063022
139.52269,13,32.076804
54.94722,12,32.088639
108.412201,13,32.100631
72.833649,11,32.112098
59.194412,12,32.123654
37.367035,12,32.135258
66.6745,11,32.144742
33.186417,11,32.15599
313.454163,17,32.172053
11.047287,13,32.185403
52.164597,11,32.195448
334.151886,19,32.213762
41.34935,12,32.22547
383.413712,20,32.244711
7.091858,12,32.25659
71.41716,13,32.269197
371.123413,18,32.287
280.837708,19,32.305711
167.748367,19,32.322222
343.829819,20,32.341618
131.465927,12,32.353447
111.974091,13,32.367249
97.71991,12,32.379058
64.226624,12,32.390992
157.99939,19,32.407791
52.75058,12,32.419646
475.664032,21,32.44089
86.495972,11,32.450974
331.986237,21,32.471629
348.636215,19,32.488775
231.932327,20,32.507379
94.113464,13,32.521318
271.904999,20,32.540334
74.997757,12,32.552258
123.084259,13,32.56445
95.593323,13,32.577025
321.571716,23,32.59935
115.535355,13,32.611865
57.967072,12,32.623706
298.836533,19,32.642329
282.040939,20,32.661106
98.623581,13,32.673624
49.422653,12,32.685531
63.316803,11,32.69696
400.785904,19,32.715706
46.131165,11,32.725642
348.818497,22,32.747117
42.97261,11,32.758053
67.159119,13,32.770275
66.078445,12,32.781882
21.118851,11,32.79294
423.182648,26,32.81631
78.322937,11,32.827703
346.477493,18,32.844433
492.730774,22,32.866304
27.369339,11,32.877261
86.509979,13,32.889449
-19.072968,11,32.900507
323.887329,17,32.916441
99.775772,13,32.929045
456.838074,28,32.955059
51.687073,13,32.967514
312.358658,20,32.986807
281.997192,20,33.005811
118.554901,19,33.02357
471.328415,24,33.046561
29.590469,12,33.058411
54.341919,13,33.070746
106.809616,13,33.084483
23.088181,12,33.096373
85.761047,11,33.106319
259.955963,20,33.125369
87.624817,11,33.136656
13.821091,12,33.148042
138.789215,12,33.159879
57.729782,12,33.17189
62.4617,12,33.183736
137.895508,12,33.195583
372.36937,23,33.217385
-77.738785,5,33.222566
35.0168,12,33.234141
430.910843,19,33.2527
344.007721,19,33.270554
67.955582,11,33.280602
273.866348,20,33.29929
75.157791,12,33.311141
101.422729,12,33.322988
294.0065,16,33.338656
65.1689,13,33.352415
128.310562,12,33.36431
-114.834885,5,33.369365
104.813293,12,33.381026
46.587036,13,33.392974
300.447281,17,33.408847
83.283951,12,33.420714
292.903046,20,33.439819
57.885834,13,33.541686
470.891495,25,33.565069
132.790894,12,33.577027
121.243561,12,33.588983
331.325958,22,33.60849
229.942001,19,33.626972
349.872253,20,33.646106
77.44191,12,33.658223
264.587799,20,33.677353
795.558685,31,33.706716
443.265442,20,33.725777
322.908981,20,33.744759
28.076797,12,33.756665
743.881744,30,33.784308
277.168976,19,33.803012
22.838242,12,33.81484
120.151917,13,33.827331
90.186996,12,33.839146
71.428314,12,33.851009
77.365021,12,33.862758
421.950302,21,33.883627
58.646545,12,33.895262
55.441727,13,33.907449
71.812042,12,33.919187
406.47554,19,33.937751
99.300873,13,33.950258
22.612808,13,33.96224
35.773102,12,33.974012
447.958206,25,33.996869
82.182297,12,34.008494
384.707748,20,34.027479
36.427124,11,34.038878
103.008514,12,34.050198
153.587448,13,34.062681
331.767517,18,34.080697
144.876892,13,34.093274
77.17981,13,34.105415
780.352295,31,34.134807
270.293594,18,34.152848
849.149597,34,34.18455
255.358551,18,34.202468
51.166763,12,34.214403
44.795914,12,34.226221
236.845291,20,34.245191
343.688187,18,34.262005
63.654968,11,34.273319
61.733017,12,34.285196
47.867935,13,34.297603
77.358032,13,34.309574
36.894165,12,34.321359
222.613403,19,34.339868
5.60408,11,34.350865
83.612991,12,34.362471
58.017487,12,34.373922
383.325165,20,34.393308
136.938766,12,34.405306
83.032501,13,34.417487
73.09082,11,34.428745
118.856674,12,34.440601
383.929657,18,34.457209
266.649506,20,34.475911
311.728256,20,34.494709
434.164246,23,34.516601
282.307175,21,34.536345
384.706818,20,34.555317
56.114075,12,34.566924
377.492905,22,34.588835
354.977097,19,34.60749
402.606552,23,34.628051
-6.56395,12,34.639747
95.962463,12,34.651549
188.978775,19,34.670018
112.817947,13,34.68266
322.06842,17,34.699913
59.537216,12,34.711487
73.061035,13,34.724097
66.669037,11,34.735406
140.223404,12,34.747247
66.926361,12,34.759173
40.66774,13,34.771582
181.952789,21,34.790882
406.389481,24,34.813583
363.072662,22,34.835182
82.887268,13,34.847761
84.581589,13,34.860229
243.827621,19,34.878644
1.492828,12,34.890261
88.163162,11,34.901714
63.980164,12,34.913576
96.325272,12,34.925172
226.105682,20,34.944115
-10.081192,12,34.956366
55.137238,12,34.968263
108.191879,12,34.980136
21.003754,12,34.992121
345.861847,20,35.011547
55.712723,12,35.022948
133.514252,12,35.034784
389.217865,23,35.055577
469.91954,22,35.077502
66.978943,13,35.089482
437.636292,26,35.115001
77.211075,12,35.126938
221.911514,21,35.145885
144.154343,13,35.158043
121.570953,12,35.169674
31.630966,11,35.18103
419.643677,23,35.20377
229.43634,19,35.220369
54.210526,13,35.233893
433.643036,22,35.253676
382.821701,19,35.272125
108.498764,13,35.284311
364.587982,18,35.302014
377.391739,18,35.318373
108.608231,13,35.330747
43.3582,11,35.341771
354.365067,21,35.360939
284.56694,20,35.379245
74.397415,12,35.390932
102.412231,13,35.40412
80.401199,12,35.41577
39.440552,11,35.425056
125.936539,13,35.438337
98.611572,12,35.449673
287.176025,16,35.464875
429.589615,27,35.488832
140.550949,13,35.50256
348.941284,19,35.519366
42.442963,11,35.530426
407.014908,19,35.548745
359.141571,17,35.564664
263.533478,20,35.583112
185.385605,18,35.600515
381.794037,27,35.624423
55.410172,12,35.636193
298.401535,18,35.654192
1.817444,11,35.665217
91.222961,12,35.677264
431.44487,21,35.69738
55.957443,12,35.709296
20.571503,11,35.720549
84.851318,12,35.732335
73.836212,13,35.74478
39.164352,11,35.756018
452.012817,22,35.776475
45.777191,12,35.787834
374.452271,18,35.80602
174.42952,13,35.818435
85.866318,12,35.830209
386.311279,21,35.849552
528.203583,26,35.874527
114.910995,13,35.886498
453.303116,22,35.906857
369.203415,24,35.929383
182.624771,19,35.947949
480.930817,24,35.970775
150.204712,13,35.983217
279.783249,18,36.001204
143.865173,13,36.013791
120.236481,13,36.025881
335.013077,20,36.044645
94.630325,11,36.055644
333.770432,17,36.0718
310.952545,22,36.092901
203.189606,19,36.111193
51.313675,13,36.123424
19.166016,11,36.134838
42.98175,13,36.147153
83.711655,12,36.158998
76.213776,12,36.170628
390.378998,29,36.196952
132.810226,13,36.209314
80.745743,11,36.220542
55.75798,12,36.231803
60.582611,13,36.244292
109.547058,13,36.257743
65.049927,13,36.270031
23.868256,13,36.282223
328.832916,21,36.30178
40.184052,11,36.312982
390.285843,25,36.335897
74.124908,13,36.349653
261.174606,20,36.36855
59.379028,13,36.38069
347.550568,20,36.399297
154.614197,13,36.411461
10.009354,11,36.422596
468.803482,25,36.445736
11.306488,12,36.457405
468.968216,21,36.477051
52.769135,13,36.490496
75.096344,13,36.502896
422.965729,25,36.526145
92.426178,12,36.537687
323.955688,19,36.556097
108.725784,13,36.568336
360.314392,21,36.587871
76.381638,12,36.599494
105.449982,13,36.612974
42.909485,11,36.622912
108.275986,13,36.636534
18.826508,12,36.647579
353.346451,20,36.666469
484.493286,25,36.690118
60.165924,12,36.701436
103.661606,12,36.713209
271.742783,18,36.729403
135.583847,13,36.74308
74.99855,12,36.754356
122.811844,13,36.766803
57.694382,13,36.779177
437.104156,20,36.798048
117.186462,12,36.809888
127.278351,13,36.82203
374.861786,19,36.840718
42.306412,12,36.851779
77.468582,12,36.863371
106.491882,12,36.875265
112.918335,13,36.887747
357.837845,17,36.905111
87.720428,12,36.916955
715.433945,34,36.94802
400.663147,22,36.969441
56.177521,11,36.979361
69.724472,13,36.993086
93.656555,13,37.005617
101.933212,13,37.01793
38.141235,11,37.029186
384.687332,26,37.052667
33.573715,11,37.06391
384.275864,26,37.088701
412.865097,18,37.105318
21.503815,11,37.116616
32.904541,13,37.128814
338.179947,18,37.146906
236.807144,21,37.165502
426.157455,22,37.185739
38.569794,12,37.19741
344.98703,21,37.218257
31.38768,12,37.229984
92.60321,13,37.242379
95.326721,13,37.254776
401.810989,19,37.273105
23.186737,12,37.284389
434.555573,23,37.306619
249.279617,19,37.323628
357.569275,21,37.344341
94.031219,12,37.356044
210.925934,18,37.372509
226.896683,20,37.391118
9.289185,11,37.402446
770.78334,35,37.435397
86.540649,12,37.447165
406.228149,19,37.464214
25.686096,13,37.477591
95.321808,13,37.490005
302.275101,17,37.505611
80.838028,13,37.517986
360.470993,21,37.538901
270.507767,16,37.554236
74.547897,12,37.565879
31.60376,12,37.577446
47.982559,12,37.589132
423.79924,23,37.609537
59.268707,11,37.620543
436.708633,29,37.647244
15.450943,11,37.658387
102.23703,13,37.670544
316.272903,19,37.688881
62.857132,11,37.699913
7.318954,11,37.711003
303.404404,21,37.730792
334.014999,20,37.749804
495.363693,24,37.772582
411.641708,20,37.791756
44.517014,13,37.804108
49.880432,11,37.815377
78.439041,12,37.827225
96.345612,11,37.838224
448.298035,24,37.860867
436.48584,21,37.880383
402.081223,22,37.900513
376.568161,21,37.921344
78.045471,12,37.933124
14.209061,12,37.944497
359.914246,20,37.963362
202.355865,18,37.979643
469.129395,26,38.004846
394.645966,24,38.027213
435.746918,25,38.050376
233.10202,19,38.068343
121.071228,13,38.080806
363.957947,22,38.101123
118.333969,12,38.112411
52.945068,13,38.125833
290.280502,20,38.144519
-0.326828,11,38.154242
239.709549,19,38.172527
65.361038,12,38.1843
23.194382,12,38.19589
66.458054,12,38.207433
373.528046,21,38.226719
348.025482,21,38.247439
430.43396,27,38.270706
571.25058,25,38.295513
74.549332,12,38.30736
40.853439,11,38.31716
61.165512,11,38.328167
236.951279,18,38.441166
315.812363,17,38.457087
43.013367,12,38.46903
272.763733,21,38.488523
139.205673,12,38.50035
18.586685,11,38.511333
270.146988,17,38.527601
318.433456,19,38.545824
285.798508,18,38.562494
212.760773,19,38.580727
454.741959,21,38.600597
24.431488,11,38.611857
7.635605,13,38.622993
61.733017,12,38.634984
441.452759,23,38.657415
134.796326,13,38.669852
62.170258,11,38.681321
74.998779,13,38.693521
114.66922,13,38.707098
309.803406,18,38.723495
290.695572,21,38.742464
37.17337,11,38.753236
93.661697,12,38.765177
456.992783,25,38.78833
101.092941,13,38.8018
380.953003,21,38.821537
148.572937,13,38.834064
361.074814,20,38.852881
373.243927,21,38.87233
353.902679,19,38.890797
366.287552,23,38.912438
420.548111,22,38.932478
93.527374,13,38.946058
71.874634,12,38.957935
275.606903,21,38.977185
32.47049,12,38.988684
321.370712,17,39.003772
99.070663,12,39.015384
163.451233,13,39.027761
386.738693,22,39.048815
96.828262,12,39.060257
226.168793,18,39.076756
339.902542,17,39.094057
26.834503,11,39.104121
56.793655,13,39.117336
282.418457,17,39.132794
9.091629,13,39.144579
398.964355,23,39.166057
60.215607,12,39.176895
-5.835312,12,39.187724
-26.040863,13,39.198921
347.291077,20,39.217853
68.509064,12,39.229507
247.535751,21,39.248023
89.057068,13,39.26139
383.151443,27,39.285061
41.474838,12,39.296976
60.905472,13,39.310777
419.612625,20,39.330134
109.815628,12,39.342842
758.646271,30,39.372738
120.844589,12,39.384681
1.964813,11,39.395894
18.673584,12,39.407271
60.488693,13,39.419151
28.656281,11,39.430077
137.084106,13,39.442589
144.399841,13,39.454937
96.269882,12,39.466727
575.906113,24,39.489501
100.09433,12,39.501429
115.18605,13,39.515146
66.468887,12,39.526896
297.701233,20,39.545781
41.093887,12,39.557452
-13.699448,11,39.567411
401.756958,21,39.588235
58.171906,13,39.600394
43.477341,12,39.612363
81.581024,13,39.624739
33.072159,12,39.636205
83.441025,13,39.648626
-31.661407,12,39.660321
17.406128,13,39.673328
74.546127,12,39.685224
286.13176,20,39.703943
41.248245,12,39.715651
22.169296,13,39.727231
-75.943787,5,39.732283
63.40448,11,39.743443
65.434326,12,39.75533
314.823212,18,39.771926
-13.528137,12,39.783339
62.90799,13,39.797287
86.144699,13,39.809954
82.182037,12,39.8218
89.719666,12,39.833703
94.422943,11,39.845092
338.841446,18,39.862091
76.357697,12,39.874022
87.668762,13,39.88654
104.32222,12,39.898492
308.775803,19,39.917324
130.822998,13,39.92962
378.012115,22,39.951213
16.488281,11,39.962535
141.228195,13,39.975245
134.775543,13,39.987729
64.402298,12,39.999294
182.215607,18,40.016901
71.920502,13,40.02934
420.864655,22,40.050021
553.435806,26,40.075505
33.526947,11,40.086851
72.393478,12,40.098897
81.195557,13,40.11143
3.499252,11,40.122846
375.607574,23,40.143662
-31.788147,11,40.154675
148.164597,13,40.167201
72.612793,12,40.178881
420.654251,25,40.203561
101.332733,12,40.215732
352.870682,21,40.235694
97.866058,13,40.247962
366.168289,20,40.266989
112.691956,13,40.279661
411.995544,23,40.301906
369.547714,22,40.323573
14.333603,11,40.333604
237.438217,20,40.352747
234.723846,17,40.3703
602.314545,24,40.393388
417.104279,22,40.41364
104.996994,13,40.426266
408.145981,23,40.448699
27.593582,12,40.460607
84.587128,12,40.472573
45.629456,12,40.484648
138.215012,13,40.497164
22.316025,12,40.508621
365.616211,19,40.527173
316.70871,18,40.545423
51.379181,12,40.557201
388.558609,20,40.576322
339.928207,18,40.592951
63.025635,13,40.605618
274.762955,20,40.624706
271.766754,19,40.643226
62.432404,11,40.654342
270.387939,21,40.674249
93.974014,12,40.686344
305.258209,19,40.70517
127.630447,13,40.717714
129.509293,13,40.730387
43.898468,12,40.742103
45.363358,12,40.753852
95.126099,11,40.764889
287.36087,17,40.7812
377.520905,20,40.800283
487.354324,24,40.823155
391.849426,21,40.844451
579.264038,26,40.868836
264.264786,17,40.885038
306.225693,21,40.905818
334.344437,20,40.924717
145.29332,13,40.93721
405.039764,21,40.956902
41.475357,11,40.968373
377.562698,18,40.984968
75.921066,12,40.996796
439.275604,23,41.01908
293.876236,20,41.038628
353.541718,20,41.058017
549.124634,26,41.083981
28.352432,12,41.095712
112.017883,13,41.108018
54.942413,12,41.119953
88.715256,13,41.132573
236.461472,18,41.150701
131.678879,19,41.167594
98.972977,13,41.18152
69.605453,13,41.193994
13.459213,12,41.205713
185.741455,16,41.221076
367.011368,19,41.239937
26.926361,11,41.249588
313.011368,21,41.269759
31.683517,13,41.282103
388.425354,19,41.300825
4.472809,12,41.312491
46.723434,11,41.322249
96.632355,13,41.336071
234.715088,19,41.35324
59.303635,11,41.364671
45.24115,11,41.375764
103.137726,13,41.388017
358.077118,22,41.409515
36.682861,13,41.421847
98.701462,13,41.434097
98.059143,12,41.445966
65.752701,13,41.458259
302.738403,22,41.479895
203.835876,19,41.498031
451.049484,22,41.518618
95.207565,12,41.530545
755.745468,32,41.560858
426.573578,21,41.580827
460.624268,22,41.602424
76.506927,12,41.614416
322.864899,21,41.633992
107.74205,13,41.645933
357.454086,21,41.666646
276.918655,19,41.68406
373.64386,19,41.702641
100.604462,13,41.715258
9.840515,11,41.725811
399.362244,20,41.744954
277.708969,22,41.765876
67.771286,11,41.775938
71.506027,12,41.787601
145.351288,13,41.801064
48.579086,12,41.813087
58.833603,13,41.824835
33.689316,11,41.835892
29.831116,12,41.847467
74.750259,13,41.859844
29.25589,11,41.871066
24.518875,12,41.882444
93.470551,13,41.895088
367.371017,18,41.911998
395.432755,29,41.940577
358.861404,21,41.959535
87.718475,13,41.97216
106.009064,12,41.984216
249.526291,19,42.002439
-9.64798,11,42.013542
367.23999,18,42.030064
150.175995,20,42.049051
72.79158,11,42.060397
74.990433,12,42.072104
5.001251,12,42.083505
64.225952,12,42.095321
45.437271,11,42.106674
350.598495,20,42.125767
211.56398,19,42.142997
102.250824,12,42.155101
98.524567,12,42.166777
48.080704,12,42.177934
285.124069,21,42.19881
115.278687,13,42.211185
299.491302,20,42.230569
333.318451,19,42.249132
402.332855,19,42.266631
90.484344,12,42.278698
236.618561,19,42.297199
12.373093,13,42.308866
13.235779,12,42.320536
58.549042,11,42.331999
79.897781,13,42.344012
62.263367,12,42.355996
276.449936,21,42.376668
403.044846,24,42.399109
306.089386,21,42.418509
87.020248,13,42.430796
208.767853,17,42.445965
375.12738,21,42.466822
394.399857,20,42.486215
337.575043,19,42.50314
443.193085,26,42.528488
114.078217,13,42.541224
127.485977,13,42.553412
98.633957,12,42.565156
351.943024,20,42.583722
68.266373,12,42.595763
151.315384,13,42.609387
100.023468,13,42.621993
125.375397,13,42.634823
46.958466,12,42.647494
422.847321,23,42.668602
379.18689,23,42.690203
90.459808,12,42.701907
-1.121506,11,42.711305
104.406204,12,42.722873
763.786102,32,42.752611
224.042862,18,42.769478
142.336029,13,42.781859
277.36409,20,42.800371
126.827545,13,42.812477
338.036865,21,42.832843
393.027298,20,42.851866
106.35025,13,42.864076
95.062393,13,42.876194
65.006378,11,42.888045
85.376801,12,42.899431
398.009018,23,42.920717
102.560379,13,42.933017
216.867722,18,42.94896
369.060043,21,42.969767
768.750061,31,42.997477
330.000214,20,43.016318
372.530045,18,43.034427
73.410492,11,43.04556
61.763168,12,43.05742
422.349335,21,43.076944
165.919006,13,43.089377
87.649658,11,43.100799
353.112061,21,43.119993
113.202728,18,43.137299
426.078964,23,43.157881
265.621887,20,43.177089
-21.817642,10,43.187545
136.441879,12,43.199191
422.651871,24,43.222136
74.469528,13,43.234705
152.150604,21,43.341196
116.09343,13,43.354549
64.504089,13,43.366774
36.377701,12,43.378529
58.897873,12,43.390126
33.957855,12,43.401747
278.076691,20,43.420736
59.574371,12,43.432741
53.244171,12,43.444409
488.291977,25,43.467391
54.834991,12,43.479301
684.105988,30,43.508439
82.7034,13,43.520654
389.360748,21,43.540214
77.932419,13,43.552461
57.234131,11,43.563871
6.292557,11,43.574666
-7.637009,12,43.586027
121.306015,13,43.598402
371.788315,19,43.617222
435.662094,22,43.637679
79.778168,13,43.651058
395.825943,20,43.67027
123.47963,13,43.683894
161.748306,13,43.698746
411.974426,22,43.720634
290.332733,18,43.737332
110.278671,12,43.749142
89.92424,13,43.761448
66.222595,13,43.774873
105.024826,12,43.786819
93.39151,13,43.79896
274.580978,19,43.817206
51.548676,13,43.829502
278.204346,19,43.848305
10.071686,11,43.858501
141.301926,12,43.870443
49.513107,11,43.881869
83.366882,12,43.893893
48.829422,12,43.906022
86.217056,11,43.917352
93.886948,13,43.929369
80.731934,13,43.941868
87.895462,13,43.955947
452.403641,32,43.985436
342.226624,17,44.001791
315.097519,20,44.020688
120.771332,12,44.032524
6.621094,12,44.044116
85.404541,12,44.055806
240.949341,19,44.074073
534.744919,32,44.104097
795.46965,32,44.134641
398.86731,22,44.154773
213.309509,20,44.173661
44.994949,12,44.185855
86.566986,13,44.198394
87.83252,11,44.20973
319.077591,21,44.229305
63.420349,12,44.241442
492.392242,24,44.263807
389.81694,21,44.284385
408.127365,21,44.303644
102.37883,12,44.315735
93.269058,13,44.328273
375.565567,19,44.346703
745.287277,33,44.377599
153.159805,20,44.396145
86.210266,11,44.407592
464.368729,24,44.430533
278.008698,22,44.450916
44.775192,13,44.464463
271.377579,18,44.481252
352.095169,20,44.500397
682.30542,29,44.52735
77.699509,13,44.541159
419.868042,21,44.560654
304.869431,18,44.577608
409.906937,19,44.596529
243.513336,20,44.615568
1.980637,11,44.625946
194.348969,20,44.64491
269.358566,18,44.661545
282.385193,20,44.680713
74.290344,12,44.692209
25.837814,13,44.705213
43.044922,12,44.716892
359.607986,17,44.733057
103.970718,12,44.744766
264.03595,19,44.763069
8.864563,11,44.773144
51.503586,12,44.784784
77.450439,13,44.798115
310.932693,20,44.8169
60.399704,12,44.828843
349.899658,18,44.845661
113.794891,12,44.857594
60.408035,12,44.869351
68.441925,12,44.88134
338.86911,21,44.901324
276.706406,19,44.920215
35.799561,12,44.931978
56.564148,12,44.943458
67.609894,13,44.955664
382.37796,24,44.978312
366.156281,18,44.99632
280.563828,19,45.014938
108.912949,13,45.027427
403.564377,22,45.048001
186.952957,13,45.061664
24.726196,11,45.071452
490.35141,23,45.093668
55.748764,12,45.1057
188.378372,17,45.121554
325.798645,16,45.137161
433.598572,21,45.158677
86.314651,13,45.170982
99.244827,12,45.182698
169.547104,18,45.199053
275.026062,20,45.218023
96.571838,11,45.229405
100.971024,12,45.24135
478.867386,28,45.268094
62.450516,13,45.280433
100.093353,13,45.294357
98.625259,12,45.306343
59.199371,13,45.318459
365.442444,24,45.340975
452.878479,23,45.36373
379.969742,21,45.383533
111.794189,13,45.395954
111.057678,13,45.408679
79.835037,12,45.42066
78.668106,13,45.434563
112.479782,13,45.446935
89.821686,13,45.459639
99.446609,13,45.471937
74.265335,13,45.485846
75.622604,12,45.497591
100.654572,12,45.509683
67.430237,12,45.521417
33.159729,12,45.533112
50.293671,12,45.54486
284.199768,19,45.561997
45.264435,11,45.573443
107.582932,13,45.585746
98.597839,13,45.599451
341.51236,21,45.618866
93.874023,13,45.631187
257.774429,18,45.649432
42.955887,12,45.660909
161.275497,13,45.673617
106.353622,13,45.686363
407.831619,20,45.705741
259.982071,16,45.720412
22.352066,12,45.732564
88.161926,13,45.745105
373.113998,19,45.76399
433.618958,23,45.785727
333.264343,16,45.801561
101.319824,12,45.813306
39.808273,12,45.825265
326.779175,20,45.844208
179.92868,21,45.863334
33.002014,12,45.875128
91.50621,12,45.886334
256.907211,20,45.905333
72.072311,11,45.916878
40.210281,11,45.927783
806.853958,31,45.956858
55.582275,12,45.969391
52.863449,12,45.981561
120.790421,13,45.996106
17.045029,11,46.006132
67.546524,12,46.018241
388.632187,21,46.039418
72.545868,12,46.051308
8.826797,12,46.062773
65.792908,12,46.074692
10.426376,10,46.084083
98.708817,13,46.096669
386.418594,19,46.115442
292.820312,18,46.133626
201.288681,18,46.150462
465.823456,27,46.175555
358.292709,23,46.197226
307.135452,20,46.216583
297.899521,19,46.234139
109.941086,11,46.245502
443.528961,25,46.268463
41.627533,12,46.280419
73.321945,11,46.291905
96.169708,12,46.30391
256.913681,18,46.321344
56.918716,11,46.331379
320.432968,16,46.347111
74.636795,13,46.360698
67.801239,12,46.372669
164.815094,18,46.388788
-1.036819,11,46.400135
416.376923,20,46.419195
17.250931,11,46.429842
373.458984,20,46.448665
400.440323,24,46.47069
75.26181,13,46.482829
372.634125,17,46.498813
326.521713,18,46.516432
298.399963,20,46.535103
108.47258,12,46.546936
55.702957,12,46.558695
134.675354,19,46.575026
343.337601,20,46.594166
327.915771,18,46.611711
400.062653,20,46.630732
512.318329,26,46.654189
98.845459,12,46.665517
314.695618,21,46.686569
26.277679,11,46.696427
21.212463,11,46.707388
98.021194,13,46.719596
284.87175,19,46.737625
55.582214,12,46.749406
327.127365,17,46.765432
277.149734,18,46.783425
326.370178,20,46.802509
113.372589,13,46.815058
385.744385,28,46.840948
198.206314,15,46.856232
109.152573,13,46.868739
681.646652,29,46.895881
28.583496,12,46.90766
291.120575,20,46.926785
93.353714,13,46.940372
87.346512,13,46.95299
8.850433,12,46.96475
42.329849,13,46.976862
341.331955,19,46.995662
786.840027,42,47.034344
238.325424,21,47.054887
-0.610107,12,47.066558
6.771881,12,47.07803
22.753006,12,47.089513
-7.374786,13,47.101356
383.569778,23,47.123574
184.025711,18,47.140178
58.853165,11,47.151006
107.623032,13,47.163452
83.81337,12,47.175361
123.574188,13,47.187864
357.057877,18,47.205999
21.07637,12,47.217662
138.555725,13,47.230008
112.817947,13,47.242561
-10.190689,12,47.254287
434.896881,24,47.276791
61.366806,12,47.288626
403.537216,21,47.309618
199.758087,16,47.324973
85.366669,13,47.337576
344.570404,18,47.354394
601.990372,25,47.37938
84.35643,12,47.39138
397.293945,19,47.408568
65.229538,11,47.420021
70.913971,12,47.431761
526.287796,25,47.454904
370.146149,19,47.473826
103.267487,13,47.486497
379.433456,28,47.512914
706.172394,30,47.541647
372.290268,20,47.560582
16.904861,11,47.572181
26.439835,12,47.583946
107.180832,13,47.596566
315.216797,20,47.615606
76.109619,13,47.627748
21.370483,11,47.638871
53.892197,11,47.649953
7.053162,13,47.662307
75.49704,13,47.67477
351.398697,19,47.693424
82.481979,13,47.705456
408.5065,23,47.727704
36.863754,13,47.740172
98.488068,13,47.75253
81.261124,12,47.76441
78.963913,11,47.775808
275.523453,19,47.794668
74.110107,13,47.807222
466.335358,23,47.830093
420.376373,19,47.848482
55.447342,13,47.860312
124.426285,12,47.871872
121.907089,13,47.883774
-106.622009,5,47.888729
107.209793,12,47.900392
119.631668,12,47.91239
136.71521,13,47.926332
164.397308,13,47.93888
19.623917,12,47.951071
74.604889,12,47.963092
49.359039,11,47.97448
52.98735,12,47.986494
462.835281,20,48.006072
458.652985,24,48.029091
230.481537,19,48.04592
102.796249,13,48.059882
73.723068,13,48.072586
253.329453,19,48.090984
64.984116,12,48.101924
408.705627,26,48.126019
121.632599,12,48.138208
82.846405,11,48.149314
102.884506,13,48.263806
338.126511,19,48.282871
91.817139,12,48.294844
310.490234,20,48.314029
22.526031,11,48.324915
122.691772,13,48.337503
326.76355,17,48.354028
125.25296,13,48.366593
28.334457,12,48.37752
101.783051,13,48.39133
83.47818,13,48.404038
115.591202,13,48.41659
-1.486969,11,48.427559
102.846008,12,48.439322
328.739944,22,48.45955
65.230621,12,48.471546
48.836914,12,48.483205
310.34964,21,48.504088
59.844818,12,48.515943
115.029221,13,48.528448
58.849854,12,48.54044
56.287674,12,48.552116
70.324539,11,48.563601
322.261017,20,48.583061
78.46405,12,48.594867
360.526123,19,48.612343
80.816498,13,48.626112
62.271027,11,48.635864
243.101791,18,48.653814
59.751266,11,48.665268
89.699448,12,48.677302
33.501572,11,48.687251
12.200165,11,48.698676
225.4888,20,48.717682
421.446671,23,48.740276
104.263977,13,48.75266
23.948105,12,48.76438
303.270905,20,48.783357
129.667999,13,48.796012
140.155975,12,48.807884
69.550674,12,48.819721
104.113998,13,48.833082
44.345459,11,48.843242
98.733383,12,48.85503
45.449829,11,48.86595
61.34816,12,48.877828
172.513245,13,48.890627
274.842087,20,48.909764
235.132751,18,48.9278
133.432632,13,48.94037
51.953186,11,48.951637
56.280411,11,48.962814
88.884796,13,48.97494
362.638779,21,48.99474
783.138763,33,49.02556
60.506332,12,49.037128
184.176743,20,49.056164
482.813919,25,49.080796
96.333237,12,49.09295
50.460083,12,49.104728
338.636398,21,49.124376
49.423889,11,49.135811
131.638794,13,49.148413
309.392212,16,49.163899
326.872253,20,49.183386
295.873627,20,49.202586
181.571106,21,49.222019
20.22702,12,49.234038
314.113373,27,49.259941
56.279831,12,49.271675
47.422455,12,49.283818
361.060349,21,49.303799
429.117416,24,49.326062
277.768814,20,49.345283
115.862961,12,49.357414
122.204498,13,49.369889
96.751511,12,49.381856
502.504623,25,49.406712
65.753448,11,49.416975
395.576538,23,49.439013
492.763931,25,49.46221
501.302582,25,49.487334
328.726532,20,49.506688
383.88028,22,49.526616
385.367462,20,49.545668
362.359283,20,49.565152
320.221756,20,49.584525
365.175598,21,49.604693
68.820251,12,49.616347
99.322647,12,49.628115
137.274628,12,49.640087
-88.839661,4,49.644596
25.481628,12,49.655809
106.157135,13,49.669714
37.954926,11,49.679869
15.541489,12,49.691445
110.399704,13,49.705332
93.905441,13,49.717703
279.873581,20,49.736423
119.755981,12,49.74846
115.669052,13,49.761017
48.986572,12,49.77246
18.097382,12,49.784066
19.756012,13,49.796203
75.273727,12,49.808201
344.799316,21,49.828617
270.48317,16,49.84447
82.898605,12,49.856505
91.910461,12,49.868497
51.856659,11,49.878577
370.45845,24,49.901354
145.750641,13,49.915343
211.85347,20,49.934277
61.095718,12,49.945977
105.994232,13,49.958751
29.270416,12,49.970477
68.833344,12,49.982241
102.283722,11,49.993322
255.421188,20,50.012964
394.303619,22,50.033161
206.652359,20,50.05243
61.641891,12,50.064265
343.582352,17,50.080456
87.411636,11,50.091993
233.346542,18,50.10972
69.307465,12,50.121288
353.538971,22,50.140879
489.332123,25,50.164103
10.146896,12,50.175072
97.656952,13,50.188558
138.416702,12,50.20013
29.42691,11,50.210011
89.366272,13,50.223355
78.027664,12,50.235058
63.676422,13,50.247231
101.906296,13,50.259243
482.786316,22,50.280597
346.501587,19,50.29743
58.002258,12,50.309314
337.29631,20,50.327989
326.844101,19,50.346021
29.351959,12,50.357654
449.058716,22,50.379071
49.064713,12,50.390562
45.011398,11,50.400395
364.232025,20,50.419161
388.113693,20,50.438247
25.26976,12,50.449784
230.643341,21,50.47024
374.222748,19,50.487453
43.854111,13,50.501081
313.421021,16,50.516436
295.621262,18,50.533292
62.881836,12,50.544914
111.779541,13,50.557357
69.752029,12,50.569249
449.468796,24,50.592371
96.155853,13,50.606049
327.725815,20,50.625545
435.166245,25,50.648952
442.345612,25,50.672195
308.269485,20,50.691592
414.276245,24,50.714482
408.323746,19,50.732983
73.465912,13,50.745043
75.921066,12,50.756961
185.362625,18,50.7749
23.327667,13,50.78698
343.695984,20,50.806036
129.905746,13,50.818666
101.139145,13,50.831003
73.688202,11,50.842365
21.940079,13,50.854387
31.711807,12,50.866059
107.124908,12,50.878089
368.721863,20,50.897372
118.688538,12,50.909
126.832062,13,50.922788
267.057007,18,50.939526
591.263947,27,50.965591
112.362244,13,50.978115
520.027878,28,51.004718
76.553864,13,51.017191
254.32225,15,51.031897
101.940247,12,51.043634
96.470642,13,51.055573
376.645813,22,51.07735
264.625381,20,51.096682
95.666061,12,51.108627
46.833664,13,51.120373
271.282059,20,51.139493
127.865448,18,51.157146
10.112686,13,51.168453
752.968506,34,51.199795
68.441925,12,51.211955
62.061646,13,51.225116
51.135925,12,51.236957
136.423828,12,51.249053
344.138687,20,51.269149
408.95195,20,51.288479
97.522675,13,51.300996
70.30661,13,51.313148
24.568787,12,51.324907
228.895966,21,51.344074
47.878952,13,51.35763
50.46492,13,51.369598
599.171051,25,51.393215
44.572311,12,51.40505
63.315369,12,51.41655
20.374527,11,51.427286
96.193146,12,51.439274
84.839096,13,51.451638
305.143692,19,51.47009
432.477921,24,51.492339
411.036606,23,51.514247
72.142685,11,51.524188
233.819565,18,51.541792
341.904099,21,51.561274
-13.791367,10,51.572067
393.556992,22,51.591805
303.816772,20,51.61023
401.125214,22,51.631671
260.146103,20,51.650696
375.306198,20,51.669622
278.320663,18,51.686081
143.53595,13,51.698227
-0.215698,10,51.708864
-10.393875,11,51.72006
375.04921,20,51.73924
124.818604,13,51.751374
135.191101,13,51.763887
379.446899,19,51.782382
368.605316,23,51.804306
341.371368,21,51.823354
145.652084,18,51.83937
53.617111,13,51.852936
91.439117,13,51.86514
15.240677,13,51.876764
383.716064,21,51.89598
110.272781,13,51.909758
410.358002,20,51.929005
88.596466,13,51.941195
23.695694,12,51.952624
44.887833,12,51.964175
126.951904,12,51.97601
113.162842,12,51.987808
385.39769,22,52.008592
278.674347,20,52.027
283.995483,19,52.046172
65.229538,11,52.057464
54.942413,12,52.069514
105.461075,12,52.081395
407.635452,20,52.100846
149.087509,13,52.11336
49.905029,11,52.124604
366.1763,21,52.144
96.43187,11,52.155387
176.347244,18,52.171985
272.204453,21,52.193117
129.760254,12,52.205127
349.023926,22,52.224915
17.469193,11,52.236007
38.323517,11,52.247287
301.542999,21,52.266885
89.556274,13,52.279722
2.586639,11,52.2914
312.20787,19,52.31301
114.764236,13,52.324859
400.378433,21,52.343863
461.162338,21,52.363869
331.736908,19,52.382928
184.182693,19,52.401031
89.093277,12,52.412762
58.49147,12,52.424511
12.259964,11,52.435817
396.748306,23,52.45689
143.521103,18,52.474915
138.019196,19,52.49327
43.748383,12,52.505019
315.900024,20,52.524096
473.132187,24,52.547015
447.164398,21,52.566822
130.933578,13,52.57952
77.858887,13,52.592045
436.051498,24,52.614523
79.870483,11,52.625892
143.482498,13,52.638333
207.47583,20,52.657519
355.504623,19,52.676417
352.331909,19,52.695583
686.852234,30,52.723833
77.171951,13,52.73761
80.078064,13,52.750199
56.000061,12,52.761724
54.940308,12,52.773742
228.548386,17,52.789785
402.27243,18,52.808038
366.680649,22,52.827928
372.266449,20,52.847292
96.966888,13,52.859832
104.931717,12,52.871754
32.787491,12,52.883442
83.060394,13,52.896979
358.44342,21,52.917059
118.211853,13,52.929624
69.316315,12,52.941645
-16.557938,12,52.953827
32.968353,11,52.964935
119.913696,13,52.977468
113.258926,12,52.989416
85.22139,13,53.00209
80.598648,12,53.013315
123.881577,12,53.025279
383.829285,24,53.048163
98.38031,13,53.061994
137.353424,12,53.073929
131.931656,13,53.086473
